time,NATIONAL,,"# Renewables.ninja Wind (current onshore fleet, country zones, hourly, 1980 - 2024)  -  Germany  -  ninja_wind_countryzones_hourly_DE_current-onshore_merra2.csv  -  Version 1.4  -  License: https://creativecommons.org/licenses/by-nc/4.0/  -  Reference: https://doi.org/10.1016/j.energy.2016.08.068"
2023-01-01 00:00:00+00:00,0.739945,,# Units: time in UTC; other columns are capacity factors [0-1].  Column names signify country ISO2 code or NUTS2 code.  Simulation represents 61980 MW of capacity.  Bias corrected using national generation data.
2023-01-01 01:00:00+00:00,0.736138,,"# {'units': {'time': 'UTC', 'NATIONAL': 'bias-corrected capacity factor [0-1]', 'DE11': 'bias-corrected capacity factor [0-1]', 'DE12': 'bias-corrected capacity factor [0-1]', 'DE13': 'bias-corrected capacity factor [0-1]', 'DE14': 'bias-corrected capacity factor [0-1]', 'DE21': 'bias-corrected capacity factor [0-1]', 'DE22': 'bias-corrected capacity factor [0-1]', 'DE23': 'bias-corrected capacity factor [0-1]', 'DE24': 'bias-corrected capacity factor [0-1]', 'DE25': 'bias-corrected capacity factor [0-1]', 'DE26': 'bias-corrected capacity factor [0-1]', 'DE27': 'bias-corrected capacity factor [0-1]', 'DE30': 'bias-corrected capacity factor [0-1]', 'DE40': 'bias-corrected capacity factor [0-1]', 'DE50': 'bias-corrected capacity factor [0-1]', 'DE60': 'bias-corrected capacity factor [0-1]', 'DE71': 'bias-corrected capacity factor [0-1]', 'DE72': 'bias-corrected capacity factor [0-1]', 'DE73': 'bias-corrected capacity factor [0-1]', 'DE80': 'bias-corrected capacity factor [0-1]', 'DE91': 'bias-corrected capacity factor [0-1]', 'DE92': 'bias-corrected capacity factor [0-1]', 'DE93': 'bias-corrected capacity factor [0-1]', 'DE94': 'bias-corrected capacity factor [0-1]', 'DEA1': 'bias-corrected capacity factor [0-1]', 'DEA2': 'bias-corrected capacity factor [0-1]', 'DEA3': 'bias-corrected capacity factor [0-1]', 'DEA4': 'bias-corrected capacity factor [0-1]', 'DEA5': 'bias-corrected capacity factor [0-1]', 'DEB1': 'bias-corrected capacity factor [0-1]', 'DEB2': 'bias-corrected capacity factor [0-1]', 'DEB3': 'bias-corrected capacity factor [0-1]', 'DEC0': 'bias-corrected capacity factor [0-1]', 'DED2': 'bias-corrected capacity factor [0-1]', 'DED4': 'bias-corrected capacity factor [0-1]', 'DED5': 'bias-corrected capacity factor [0-1]', 'DEE0': 'bias-corrected capacity factor [0-1]', 'DEF0': 'bias-corrected capacity factor [0-1]', 'DEG0': 'bias-corrected capacity factor [0-1]'}, 'country': 'Germany', 'filename': 'ninja_wind_countryzones_hourly_DE_current-onshore_merra2.csv', 'version': '1.4', 'license': 'https://creativecommons.org/licenses/by-nc/4.0/', 'reference': 'https://doi.org/10.1016/j.energy.2016.08.068'}"
2023-01-01 02:00:00+00:00,0.735283,,
2023-01-01 03:00:00+00:00,0.728194,,
2023-01-01 04:00:00+00:00,0.714988,,
2023-01-01 05:00:00+00:00,0.705622,,
2023-01-01 06:00:00+00:00,0.691835,,
2023-01-01 07:00:00+00:00,0.665659,,
2023-01-01 08:00:00+00:00,0.624156,,
2023-01-01 09:00:00+00:00,0.573418,,
2023-01-01 10:00:00+00:00,0.53455,,
2023-01-01 11:00:00+00:00,0.508755,,
2023-01-01 12:00:00+00:00,0.47737,,
2023-01-01 13:00:00+00:00,0.4413,,
2023-01-01 14:00:00+00:00,0.413821,,
2023-01-01 15:00:00+00:00,0.390029,,
2023-01-01 16:00:00+00:00,0.362122,,
2023-01-01 17:00:00+00:00,0.349623,,
2023-01-01 18:00:00+00:00,0.339823,,
2023-01-01 19:00:00+00:00,0.332892,,
2023-01-01 20:00:00+00:00,0.325697,,
2023-01-01 21:00:00+00:00,0.324133,,
2023-01-01 22:00:00+00:00,0.31358,,
2023-01-01 23:00:00+00:00,0.31116,,
2023-01-02 00:00:00+00:00,0.323515,,
2023-01-02 01:00:00+00:00,0.344412,,
2023-01-02 02:00:00+00:00,0.359034,,
2023-01-02 03:00:00+00:00,0.361504,,
2023-01-02 04:00:00+00:00,0.3764,,
2023-01-02 05:00:00+00:00,0.382918,,
2023-01-02 06:00:00+00:00,0.386172,,
2023-01-02 07:00:00+00:00,0.383511,,
2023-01-02 08:00:00+00:00,0.371463,,
2023-01-02 09:00:00+00:00,0.34279,,
2023-01-02 10:00:00+00:00,0.322829,,
2023-01-02 11:00:00+00:00,0.329403,,
2023-01-02 12:00:00+00:00,0.345772,,
2023-01-02 13:00:00+00:00,0.342699,,
2023-01-02 14:00:00+00:00,0.331082,,
2023-01-02 15:00:00+00:00,0.330983,,
2023-01-02 16:00:00+00:00,0.326367,,
2023-01-02 17:00:00+00:00,0.328063,,
2023-01-02 18:00:00+00:00,0.330855,,
2023-01-02 19:00:00+00:00,0.331351,,
2023-01-02 20:00:00+00:00,0.327798,,
2023-01-02 21:00:00+00:00,0.30863,,
2023-01-02 22:00:00+00:00,0.29178,,
2023-01-02 23:00:00+00:00,0.277977,,
2023-01-03 00:00:00+00:00,0.263258,,
2023-01-03 01:00:00+00:00,0.245751,,
2023-01-03 02:00:00+00:00,0.226342,,
2023-01-03 03:00:00+00:00,0.212842,,
2023-01-03 04:00:00+00:00,0.196975,,
2023-01-03 05:00:00+00:00,0.181265,,
2023-01-03 06:00:00+00:00,0.175747,,
2023-01-03 07:00:00+00:00,0.170958,,
2023-01-03 08:00:00+00:00,0.162994,,
2023-01-03 09:00:00+00:00,0.159153,,
2023-01-03 10:00:00+00:00,0.166332,,
2023-01-03 11:00:00+00:00,0.169249,,
2023-01-03 12:00:00+00:00,0.163512,,
2023-01-03 13:00:00+00:00,0.14523,,
2023-01-03 14:00:00+00:00,0.153721,,
2023-01-03 15:00:00+00:00,0.184638,,
2023-01-03 16:00:00+00:00,0.210584,,
2023-01-03 17:00:00+00:00,0.23583,,
2023-01-03 18:00:00+00:00,0.262507,,
2023-01-03 19:00:00+00:00,0.290658,,
2023-01-03 20:00:00+00:00,0.319078,,
2023-01-03 21:00:00+00:00,0.335891,,
2023-01-03 22:00:00+00:00,0.366333,,
2023-01-03 23:00:00+00:00,0.394913,,
2023-01-04 00:00:00+00:00,0.429981,,
2023-01-04 01:00:00+00:00,0.462095,,
2023-01-04 02:00:00+00:00,0.501355,,
2023-01-04 03:00:00+00:00,0.535198,,
2023-01-04 04:00:00+00:00,0.57171,,
2023-01-04 05:00:00+00:00,0.611972,,
2023-01-04 06:00:00+00:00,0.655598,,
2023-01-04 07:00:00+00:00,0.701293,,
2023-01-04 08:00:00+00:00,0.729364,,
2023-01-04 09:00:00+00:00,0.754166,,
2023-01-04 10:00:00+00:00,0.772471,,
2023-01-04 11:00:00+00:00,0.775445,,
2023-01-04 12:00:00+00:00,0.779238,,
2023-01-04 13:00:00+00:00,0.779034,,
2023-01-04 14:00:00+00:00,0.786528,,
2023-01-04 15:00:00+00:00,0.789574,,
2023-01-04 16:00:00+00:00,0.782097,,
2023-01-04 17:00:00+00:00,0.780633,,
2023-01-04 18:00:00+00:00,0.787196,,
2023-01-04 19:00:00+00:00,0.791265,,
2023-01-04 20:00:00+00:00,0.793033,,
2023-01-04 21:00:00+00:00,0.784839,,
2023-01-04 22:00:00+00:00,0.776499,,
2023-01-04 23:00:00+00:00,0.767959,,
2023-01-05 00:00:00+00:00,0.754018,,
2023-01-05 01:00:00+00:00,0.742301,,
2023-01-05 02:00:00+00:00,0.732192,,
2023-01-05 03:00:00+00:00,0.726524,,
2023-01-05 04:00:00+00:00,0.7142,,
2023-01-05 05:00:00+00:00,0.691302,,
2023-01-05 06:00:00+00:00,0.663948,,
2023-01-05 07:00:00+00:00,0.625836,,
2023-01-05 08:00:00+00:00,0.580486,,
2023-01-05 09:00:00+00:00,0.539058,,
2023-01-05 10:00:00+00:00,0.51854,,
2023-01-05 11:00:00+00:00,0.50196,,
2023-01-05 12:00:00+00:00,0.453101,,
2023-01-05 13:00:00+00:00,0.370168,,
2023-01-05 14:00:00+00:00,0.311311,,
2023-01-05 15:00:00+00:00,0.276397,,
2023-01-05 16:00:00+00:00,0.238862,,
2023-01-05 17:00:00+00:00,0.201089,,
2023-01-05 18:00:00+00:00,0.172923,,
2023-01-05 19:00:00+00:00,0.158169,,
2023-01-05 20:00:00+00:00,0.15687,,
2023-01-05 21:00:00+00:00,0.164219,,
2023-01-05 22:00:00+00:00,0.174684,,
2023-01-05 23:00:00+00:00,0.190349,,
2023-01-06 00:00:00+00:00,0.213126,,
2023-01-06 01:00:00+00:00,0.238803,,
2023-01-06 02:00:00+00:00,0.260454,,
2023-01-06 03:00:00+00:00,0.284973,,
2023-01-06 04:00:00+00:00,0.297165,,
2023-01-06 05:00:00+00:00,0.335471,,
2023-01-06 06:00:00+00:00,0.365149,,
2023-01-06 07:00:00+00:00,0.409908,,
2023-01-06 08:00:00+00:00,0.443332,,
2023-01-06 09:00:00+00:00,0.453129,,
2023-01-06 10:00:00+00:00,0.450497,,
2023-01-06 11:00:00+00:00,0.4405,,
2023-01-06 12:00:00+00:00,0.423106,,
2023-01-06 13:00:00+00:00,0.396843,,
2023-01-06 14:00:00+00:00,0.384184,,
2023-01-06 15:00:00+00:00,0.363529,,
2023-01-06 16:00:00+00:00,0.32831,,
2023-01-06 17:00:00+00:00,0.297781,,
2023-01-06 18:00:00+00:00,0.279647,,
2023-01-06 19:00:00+00:00,0.269973,,
2023-01-06 20:00:00+00:00,0.262157,,
2023-01-06 21:00:00+00:00,0.249457,,
2023-01-06 22:00:00+00:00,0.235693,,
2023-01-06 23:00:00+00:00,0.227178,,
2023-01-07 00:00:00+00:00,0.223729,,
2023-01-07 01:00:00+00:00,0.224146,,
2023-01-07 02:00:00+00:00,0.224076,,
2023-01-07 03:00:00+00:00,0.224657,,
2023-01-07 04:00:00+00:00,0.231432,,
2023-01-07 05:00:00+00:00,0.247977,,
2023-01-07 06:00:00+00:00,0.258106,,
2023-01-07 07:00:00+00:00,0.26061,,
2023-01-07 08:00:00+00:00,0.244762,,
2023-01-07 09:00:00+00:00,0.225749,,
2023-01-07 10:00:00+00:00,0.224435,,
2023-01-07 11:00:00+00:00,0.248025,,
2023-01-07 12:00:00+00:00,0.268707,,
2023-01-07 13:00:00+00:00,0.287305,,
2023-01-07 14:00:00+00:00,0.316955,,
2023-01-07 15:00:00+00:00,0.36842,,
2023-01-07 16:00:00+00:00,0.395962,,
2023-01-07 17:00:00+00:00,0.412078,,
2023-01-07 18:00:00+00:00,0.414995,,
2023-01-07 19:00:00+00:00,0.429308,,
2023-01-07 20:00:00+00:00,0.432372,,
2023-01-07 21:00:00+00:00,0.433205,,
2023-01-07 22:00:00+00:00,0.428561,,
2023-01-07 23:00:00+00:00,0.411619,,
2023-01-08 00:00:00+00:00,0.391652,,
2023-01-08 01:00:00+00:00,0.36731,,
2023-01-08 02:00:00+00:00,0.355508,,
2023-01-08 03:00:00+00:00,0.34219,,
2023-01-08 04:00:00+00:00,0.326659,,
2023-01-08 05:00:00+00:00,0.307474,,
2023-01-08 06:00:00+00:00,0.295007,,
2023-01-08 07:00:00+00:00,0.286838,,
2023-01-08 08:00:00+00:00,0.278537,,
2023-01-08 09:00:00+00:00,0.26265,,
2023-01-08 10:00:00+00:00,0.253221,,
2023-01-08 11:00:00+00:00,0.253797,,
2023-01-08 12:00:00+00:00,0.260619,,
2023-01-08 13:00:00+00:00,0.268243,,
2023-01-08 14:00:00+00:00,0.285076,,
2023-01-08 15:00:00+00:00,0.311505,,
2023-01-08 16:00:00+00:00,0.321335,,
2023-01-08 17:00:00+00:00,0.320933,,
2023-01-08 18:00:00+00:00,0.311251,,
2023-01-08 19:00:00+00:00,0.295838,,
2023-01-08 20:00:00+00:00,0.278221,,
2023-01-08 21:00:00+00:00,0.261971,,
2023-01-08 22:00:00+00:00,0.253936,,
2023-01-08 23:00:00+00:00,0.239894,,
2023-01-09 00:00:00+00:00,0.230455,,
2023-01-09 01:00:00+00:00,0.227525,,
2023-01-09 02:00:00+00:00,0.224815,,
2023-01-09 03:00:00+00:00,0.232292,,
2023-01-09 04:00:00+00:00,0.245564,,
2023-01-09 05:00:00+00:00,0.270347,,
2023-01-09 06:00:00+00:00,0.286536,,
2023-01-09 07:00:00+00:00,0.295803,,
2023-01-09 08:00:00+00:00,0.29555,,
2023-01-09 09:00:00+00:00,0.297808,,
2023-01-09 10:00:00+00:00,0.308137,,
2023-01-09 11:00:00+00:00,0.317433,,
2023-01-09 12:00:00+00:00,0.299159,,
2023-01-09 13:00:00+00:00,0.261587,,
2023-01-09 14:00:00+00:00,0.244092,,
2023-01-09 15:00:00+00:00,0.251042,,
2023-01-09 16:00:00+00:00,0.250975,,
2023-01-09 17:00:00+00:00,0.248652,,
2023-01-09 18:00:00+00:00,0.246816,,
2023-01-09 19:00:00+00:00,0.243499,,
2023-01-09 20:00:00+00:00,0.246206,,
2023-01-09 21:00:00+00:00,0.257928,,
2023-01-09 22:00:00+00:00,0.264605,,
2023-01-09 23:00:00+00:00,0.260644,,
2023-01-10 00:00:00+00:00,0.256016,,
2023-01-10 01:00:00+00:00,0.25903,,
2023-01-10 02:00:00+00:00,0.258939,,
2023-01-10 03:00:00+00:00,0.262118,,
2023-01-10 04:00:00+00:00,0.260041,,
2023-01-10 05:00:00+00:00,0.25881,,
2023-01-10 06:00:00+00:00,0.258383,,
2023-01-10 07:00:00+00:00,0.26039,,
2023-01-10 08:00:00+00:00,0.251533,,
2023-01-10 09:00:00+00:00,0.232232,,
2023-01-10 10:00:00+00:00,0.236367,,
2023-01-10 11:00:00+00:00,0.250776,,
2023-01-10 12:00:00+00:00,0.250498,,
2023-01-10 13:00:00+00:00,0.244983,,
2023-01-10 14:00:00+00:00,0.270145,,
2023-01-10 15:00:00+00:00,0.305556,,
2023-01-10 16:00:00+00:00,0.333687,,
2023-01-10 17:00:00+00:00,0.376799,,
2023-01-10 18:00:00+00:00,0.419303,,
2023-01-10 19:00:00+00:00,0.46444,,
2023-01-10 20:00:00+00:00,0.507314,,
2023-01-10 21:00:00+00:00,0.532505,,
2023-01-10 22:00:00+00:00,0.552632,,
2023-01-10 23:00:00+00:00,0.567687,,
2023-01-11 00:00:00+00:00,0.574728,,
2023-01-11 01:00:00+00:00,0.593763,,
2023-01-11 02:00:00+00:00,0.611331,,
2023-01-11 03:00:00+00:00,0.61289,,
2023-01-11 04:00:00+00:00,0.600129,,
2023-01-11 05:00:00+00:00,0.556528,,
2023-01-11 06:00:00+00:00,0.498215,,
2023-01-11 07:00:00+00:00,0.439966,,
2023-01-11 08:00:00+00:00,0.386958,,
2023-01-11 09:00:00+00:00,0.34198,,
2023-01-11 10:00:00+00:00,0.320575,,
2023-01-11 11:00:00+00:00,0.312612,,
2023-01-11 12:00:00+00:00,0.321907,,
2023-01-11 13:00:00+00:00,0.332245,,
2023-01-11 14:00:00+00:00,0.346479,,
2023-01-11 15:00:00+00:00,0.362265,,
2023-01-11 16:00:00+00:00,0.364251,,
2023-01-11 17:00:00+00:00,0.37174,,
2023-01-11 18:00:00+00:00,0.391098,,
2023-01-11 19:00:00+00:00,0.421468,,
2023-01-11 20:00:00+00:00,0.45355,,
2023-01-11 21:00:00+00:00,0.47666,,
2023-01-11 22:00:00+00:00,0.507612,,
2023-01-11 23:00:00+00:00,0.53862,,
2023-01-12 00:00:00+00:00,0.570915,,
2023-01-12 01:00:00+00:00,0.589159,,
2023-01-12 02:00:00+00:00,0.599435,,
2023-01-12 03:00:00+00:00,0.611141,,
2023-01-12 04:00:00+00:00,0.626046,,
2023-01-12 05:00:00+00:00,0.642881,,
2023-01-12 06:00:00+00:00,0.667465,,
2023-01-12 07:00:00+00:00,0.706874,,
2023-01-12 08:00:00+00:00,0.744508,,
2023-01-12 09:00:00+00:00,0.770214,,
2023-01-12 10:00:00+00:00,0.790005,,
2023-01-12 11:00:00+00:00,0.789091,,
2023-01-12 12:00:00+00:00,0.768658,,
2023-01-12 13:00:00+00:00,0.730819,,
2023-01-12 14:00:00+00:00,0.691038,,
2023-01-12 15:00:00+00:00,0.657223,,
2023-01-12 16:00:00+00:00,0.635294,,
2023-01-12 17:00:00+00:00,0.633913,,
2023-01-12 18:00:00+00:00,0.652746,,
2023-01-12 19:00:00+00:00,0.67927,,
2023-01-12 20:00:00+00:00,0.699959,,
2023-01-12 21:00:00+00:00,0.711006,,
2023-01-12 22:00:00+00:00,0.705514,,
2023-01-12 23:00:00+00:00,0.69091,,
2023-01-13 00:00:00+00:00,0.670564,,
2023-01-13 01:00:00+00:00,0.652192,,
2023-01-13 02:00:00+00:00,0.635875,,
2023-01-13 03:00:00+00:00,0.608336,,
2023-01-13 04:00:00+00:00,0.582855,,
2023-01-13 05:00:00+00:00,0.581425,,
2023-01-13 06:00:00+00:00,0.584722,,
2023-01-13 07:00:00+00:00,0.603808,,
2023-01-13 08:00:00+00:00,0.605988,,
2023-01-13 09:00:00+00:00,0.61414,,
2023-01-13 10:00:00+00:00,0.659238,,
2023-01-13 11:00:00+00:00,0.714838,,
2023-01-13 12:00:00+00:00,0.738095,,
2023-01-13 13:00:00+00:00,0.739637,,
2023-01-13 14:00:00+00:00,0.735292,,
2023-01-13 15:00:00+00:00,0.734078,,
2023-01-13 16:00:00+00:00,0.73103,,
2023-01-13 17:00:00+00:00,0.722348,,
2023-01-13 18:00:00+00:00,0.709321,,
2023-01-13 19:00:00+00:00,0.689405,,
2023-01-13 20:00:00+00:00,0.671331,,
2023-01-13 21:00:00+00:00,0.643541,,
2023-01-13 22:00:00+00:00,0.616948,,
2023-01-13 23:00:00+00:00,0.590244,,
2023-01-14 00:00:00+00:00,0.545495,,
2023-01-14 01:00:00+00:00,0.496391,,
2023-01-14 02:00:00+00:00,0.457128,,
2023-01-14 03:00:00+00:00,0.419723,,
2023-01-14 04:00:00+00:00,0.391618,,
2023-01-14 05:00:00+00:00,0.3863,,
2023-01-14 06:00:00+00:00,0.383542,,
2023-01-14 07:00:00+00:00,0.377972,,
2023-01-14 08:00:00+00:00,0.361723,,
2023-01-14 09:00:00+00:00,0.370066,,
2023-01-14 10:00:00+00:00,0.437959,,
2023-01-14 11:00:00+00:00,0.509451,,
2023-01-14 12:00:00+00:00,0.574789,,
2023-01-14 13:00:00+00:00,0.643074,,
2023-01-14 14:00:00+00:00,0.699758,,
2023-01-14 15:00:00+00:00,0.742355,,
2023-01-14 16:00:00+00:00,0.769849,,
2023-01-14 17:00:00+00:00,0.774584,,
2023-01-14 18:00:00+00:00,0.766426,,
2023-01-14 19:00:00+00:00,0.747416,,
2023-01-14 20:00:00+00:00,0.73455,,
2023-01-14 21:00:00+00:00,0.706571,,
2023-01-14 22:00:00+00:00,0.666345,,
2023-01-14 23:00:00+00:00,0.634273,,
2023-01-15 00:00:00+00:00,0.606532,,
2023-01-15 01:00:00+00:00,0.564166,,
2023-01-15 02:00:00+00:00,0.515778,,
2023-01-15 03:00:00+00:00,0.480399,,
2023-01-15 04:00:00+00:00,0.459448,,
2023-01-15 05:00:00+00:00,0.462943,,
2023-01-15 06:00:00+00:00,0.473636,,
2023-01-15 07:00:00+00:00,0.490071,,
2023-01-15 08:00:00+00:00,0.51368,,
2023-01-15 09:00:00+00:00,0.559585,,
2023-01-15 10:00:00+00:00,0.657555,,
2023-01-15 11:00:00+00:00,0.735269,,
2023-01-15 12:00:00+00:00,0.773119,,
2023-01-15 13:00:00+00:00,0.786216,,
2023-01-15 14:00:00+00:00,0.784709,,
2023-01-15 15:00:00+00:00,0.783291,,
2023-01-15 16:00:00+00:00,0.77332,,
2023-01-15 17:00:00+00:00,0.754978,,
2023-01-15 18:00:00+00:00,0.729082,,
2023-01-15 19:00:00+00:00,0.687614,,
2023-01-15 20:00:00+00:00,0.633679,,
2023-01-15 21:00:00+00:00,0.573671,,
2023-01-15 22:00:00+00:00,0.506398,,
2023-01-15 23:00:00+00:00,0.439808,,
2023-01-16 00:00:00+00:00,0.395189,,
2023-01-16 01:00:00+00:00,0.359331,,
2023-01-16 02:00:00+00:00,0.330984,,
2023-01-16 03:00:00+00:00,0.311455,,
2023-01-16 04:00:00+00:00,0.300803,,
2023-01-16 05:00:00+00:00,0.299929,,
2023-01-16 06:00:00+00:00,0.312629,,
2023-01-16 07:00:00+00:00,0.321933,,
2023-01-16 08:00:00+00:00,0.316461,,
2023-01-16 09:00:00+00:00,0.31819,,
2023-01-16 10:00:00+00:00,0.357574,,
2023-01-16 11:00:00+00:00,0.407448,,
2023-01-16 12:00:00+00:00,0.434906,,
2023-01-16 13:00:00+00:00,0.450355,,
2023-01-16 14:00:00+00:00,0.47667,,
2023-01-16 15:00:00+00:00,0.497091,,
2023-01-16 16:00:00+00:00,0.496887,,
2023-01-16 17:00:00+00:00,0.499908,,
2023-01-16 18:00:00+00:00,0.490309,,
2023-01-16 19:00:00+00:00,0.484782,,
2023-01-16 20:00:00+00:00,0.476509,,
2023-01-16 21:00:00+00:00,0.46333,,
2023-01-16 22:00:00+00:00,0.435365,,
2023-01-16 23:00:00+00:00,0.419586,,
2023-01-17 00:00:00+00:00,0.417992,,
2023-01-17 01:00:00+00:00,0.4192,,
2023-01-17 02:00:00+00:00,0.413272,,
2023-01-17 03:00:00+00:00,0.411052,,
2023-01-17 04:00:00+00:00,0.403099,,
2023-01-17 05:00:00+00:00,0.404022,,
2023-01-17 06:00:00+00:00,0.405424,,
2023-01-17 07:00:00+00:00,0.385824,,
2023-01-17 08:00:00+00:00,0.355584,,
2023-01-17 09:00:00+00:00,0.327531,,
2023-01-17 10:00:00+00:00,0.314665,,
2023-01-17 11:00:00+00:00,0.294178,,
2023-01-17 12:00:00+00:00,0.264186,,
2023-01-17 13:00:00+00:00,0.221339,,
2023-01-17 14:00:00+00:00,0.200807,,
2023-01-17 15:00:00+00:00,0.204534,,
2023-01-17 16:00:00+00:00,0.205011,,
2023-01-17 17:00:00+00:00,0.202865,,
2023-01-17 18:00:00+00:00,0.199418,,
2023-01-17 19:00:00+00:00,0.190787,,
2023-01-17 20:00:00+00:00,0.177961,,
2023-01-17 21:00:00+00:00,0.170544,,
2023-01-17 22:00:00+00:00,0.159455,,
2023-01-17 23:00:00+00:00,0.147919,,
2023-01-18 00:00:00+00:00,0.13478,,
2023-01-18 01:00:00+00:00,0.126003,,
2023-01-18 02:00:00+00:00,0.122896,,
2023-01-18 03:00:00+00:00,0.119777,,
2023-01-18 04:00:00+00:00,0.114582,,
2023-01-18 05:00:00+00:00,0.111966,,
2023-01-18 06:00:00+00:00,0.112176,,
2023-01-18 07:00:00+00:00,0.113796,,
2023-01-18 08:00:00+00:00,0.100705,,
2023-01-18 09:00:00+00:00,0.086602,,
2023-01-18 10:00:00+00:00,0.092784,,
2023-01-18 11:00:00+00:00,0.11306,,
2023-01-18 12:00:00+00:00,0.130901,,
2023-01-18 13:00:00+00:00,0.138356,,
2023-01-18 14:00:00+00:00,0.155483,,
2023-01-18 15:00:00+00:00,0.192972,,
2023-01-18 16:00:00+00:00,0.221594,,
2023-01-18 17:00:00+00:00,0.239107,,
2023-01-18 18:00:00+00:00,0.259224,,
2023-01-18 19:00:00+00:00,0.281875,,
2023-01-18 20:00:00+00:00,0.303229,,
2023-01-18 21:00:00+00:00,0.318295,,
2023-01-18 22:00:00+00:00,0.332766,,
2023-01-18 23:00:00+00:00,0.342386,,
2023-01-19 00:00:00+00:00,0.333271,,
2023-01-19 01:00:00+00:00,0.329282,,
2023-01-19 02:00:00+00:00,0.319589,,
2023-01-19 03:00:00+00:00,0.323667,,
2023-01-19 04:00:00+00:00,0.319004,,
2023-01-19 05:00:00+00:00,0.313759,,
2023-01-19 06:00:00+00:00,0.312749,,
2023-01-19 07:00:00+00:00,0.307446,,
2023-01-19 08:00:00+00:00,0.280659,,
2023-01-19 09:00:00+00:00,0.280904,,
2023-01-19 10:00:00+00:00,0.279622,,
2023-01-19 11:00:00+00:00,0.270948,,
2023-01-19 12:00:00+00:00,0.2474,,
2023-01-19 13:00:00+00:00,0.217752,,
2023-01-19 14:00:00+00:00,0.210935,,
2023-01-19 15:00:00+00:00,0.231147,,
2023-01-19 16:00:00+00:00,0.23642,,
2023-01-19 17:00:00+00:00,0.223184,,
2023-01-19 18:00:00+00:00,0.207821,,
2023-01-19 19:00:00+00:00,0.186662,,
2023-01-19 20:00:00+00:00,0.168817,,
2023-01-19 21:00:00+00:00,0.152462,,
2023-01-19 22:00:00+00:00,0.139066,,
2023-01-19 23:00:00+00:00,0.124786,,
2023-01-20 00:00:00+00:00,0.115084,,
2023-01-20 01:00:00+00:00,0.104025,,
2023-01-20 02:00:00+00:00,0.097549,,
2023-01-20 03:00:00+00:00,0.090785,,
2023-01-20 04:00:00+00:00,0.082674,,
2023-01-20 05:00:00+00:00,0.076555,,
2023-01-20 06:00:00+00:00,0.072684,,
2023-01-20 07:00:00+00:00,0.068864,,
2023-01-20 08:00:00+00:00,0.057469,,
2023-01-20 09:00:00+00:00,0.049873,,
2023-01-20 10:00:00+00:00,0.04539,,
2023-01-20 11:00:00+00:00,0.04012,,
2023-01-20 12:00:00+00:00,0.033317,,
2023-01-20 13:00:00+00:00,0.026819,,
2023-01-20 14:00:00+00:00,0.02289,,
2023-01-20 15:00:00+00:00,0.023672,,
2023-01-20 16:00:00+00:00,0.027124,,
2023-01-20 17:00:00+00:00,0.03203,,
2023-01-20 18:00:00+00:00,0.039061,,
2023-01-20 19:00:00+00:00,0.048253,,
2023-01-20 20:00:00+00:00,0.057976,,
2023-01-20 21:00:00+00:00,0.067459,,
2023-01-20 22:00:00+00:00,0.078352,,
2023-01-20 23:00:00+00:00,0.088721,,
2023-01-21 00:00:00+00:00,0.09721,,
2023-01-21 01:00:00+00:00,0.100823,,
2023-01-21 02:00:00+00:00,0.101421,,
2023-01-21 03:00:00+00:00,0.10269,,
2023-01-21 04:00:00+00:00,0.104738,,
2023-01-21 05:00:00+00:00,0.111327,,
2023-01-21 06:00:00+00:00,0.119627,,
2023-01-21 07:00:00+00:00,0.129009,,
2023-01-21 08:00:00+00:00,0.139153,,
2023-01-21 09:00:00+00:00,0.164132,,
2023-01-21 10:00:00+00:00,0.200679,,
2023-01-21 11:00:00+00:00,0.230514,,
2023-01-21 12:00:00+00:00,0.258647,,
2023-01-21 13:00:00+00:00,0.278396,,
2023-01-21 14:00:00+00:00,0.301027,,
2023-01-21 15:00:00+00:00,0.334475,,
2023-01-21 16:00:00+00:00,0.36307,,
2023-01-21 17:00:00+00:00,0.374401,,
2023-01-21 18:00:00+00:00,0.376356,,
2023-01-21 19:00:00+00:00,0.371798,,
2023-01-21 20:00:00+00:00,0.368317,,
2023-01-21 21:00:00+00:00,0.369385,,
2023-01-21 22:00:00+00:00,0.360784,,
2023-01-21 23:00:00+00:00,0.340754,,
2023-01-22 00:00:00+00:00,0.32257,,
2023-01-22 01:00:00+00:00,0.302605,,
2023-01-22 02:00:00+00:00,0.289365,,
2023-01-22 03:00:00+00:00,0.281582,,
2023-01-22 04:00:00+00:00,0.270125,,
2023-01-22 05:00:00+00:00,0.249013,,
2023-01-22 06:00:00+00:00,0.231358,,
2023-01-22 07:00:00+00:00,0.20695,,
2023-01-22 08:00:00+00:00,0.170685,,
2023-01-22 09:00:00+00:00,0.152549,,
2023-01-22 10:00:00+00:00,0.149889,,
2023-01-22 11:00:00+00:00,0.147879,,
2023-01-22 12:00:00+00:00,0.141141,,
2023-01-22 13:00:00+00:00,0.12794,,
2023-01-22 14:00:00+00:00,0.131548,,
2023-01-22 15:00:00+00:00,0.163877,,
2023-01-22 16:00:00+00:00,0.1809,,
2023-01-22 17:00:00+00:00,0.179131,,
2023-01-22 18:00:00+00:00,0.167137,,
2023-01-22 19:00:00+00:00,0.152918,,
2023-01-22 20:00:00+00:00,0.140865,,
2023-01-22 21:00:00+00:00,0.137674,,
2023-01-22 22:00:00+00:00,0.134296,,
2023-01-22 23:00:00+00:00,0.128694,,
2023-01-23 00:00:00+00:00,0.120796,,
2023-01-23 01:00:00+00:00,0.1126,,
2023-01-23 02:00:00+00:00,0.104661,,
2023-01-23 03:00:00+00:00,0.10117,,
2023-01-23 04:00:00+00:00,0.102343,,
2023-01-23 05:00:00+00:00,0.101773,,
2023-01-23 06:00:00+00:00,0.101347,,
2023-01-23 07:00:00+00:00,0.097192,,
2023-01-23 08:00:00+00:00,0.074344,,
2023-01-23 09:00:00+00:00,0.065784,,
2023-01-23 10:00:00+00:00,0.076154,,
2023-01-23 11:00:00+00:00,0.076069,,
2023-01-23 12:00:00+00:00,0.077298,,
2023-01-23 13:00:00+00:00,0.082184,,
2023-01-23 14:00:00+00:00,0.090243,,
2023-01-23 15:00:00+00:00,0.121331,,
2023-01-23 16:00:00+00:00,0.15078,,
2023-01-23 17:00:00+00:00,0.163912,,
2023-01-23 18:00:00+00:00,0.161462,,
2023-01-23 19:00:00+00:00,0.154808,,
2023-01-23 20:00:00+00:00,0.14601,,
2023-01-23 21:00:00+00:00,0.13194,,
2023-01-23 22:00:00+00:00,0.120362,,
2023-01-23 23:00:00+00:00,0.11221,,
2023-01-24 00:00:00+00:00,0.106602,,
2023-01-24 01:00:00+00:00,0.100344,,
2023-01-24 02:00:00+00:00,0.091583,,
2023-01-24 03:00:00+00:00,0.085645,,
2023-01-24 04:00:00+00:00,0.082289,,
2023-01-24 05:00:00+00:00,0.081643,,
2023-01-24 06:00:00+00:00,0.084502,,
2023-01-24 07:00:00+00:00,0.083881,,
2023-01-24 08:00:00+00:00,0.069492,,
2023-01-24 09:00:00+00:00,0.069073,,
2023-01-24 10:00:00+00:00,0.067604,,
2023-01-24 11:00:00+00:00,0.057582,,
2023-01-24 12:00:00+00:00,0.049392,,
2023-01-24 13:00:00+00:00,0.044601,,
2023-01-24 14:00:00+00:00,0.045069,,
2023-01-24 15:00:00+00:00,0.061399,,
2023-01-24 16:00:00+00:00,0.076864,,
2023-01-24 17:00:00+00:00,0.078934,,
2023-01-24 18:00:00+00:00,0.075212,,
2023-01-24 19:00:00+00:00,0.06774,,
2023-01-24 20:00:00+00:00,0.059747,,
2023-01-24 21:00:00+00:00,0.054458,,
2023-01-24 22:00:00+00:00,0.050073,,
2023-01-24 23:00:00+00:00,0.04614,,
2023-01-25 00:00:00+00:00,0.043352,,
2023-01-25 01:00:00+00:00,0.042008,,
2023-01-25 02:00:00+00:00,0.042001,,
2023-01-25 03:00:00+00:00,0.042731,,
2023-01-25 04:00:00+00:00,0.044116,,
2023-01-25 05:00:00+00:00,0.046137,,
2023-01-25 06:00:00+00:00,0.04957,,
2023-01-25 07:00:00+00:00,0.051531,,
2023-01-25 08:00:00+00:00,0.048987,,
2023-01-25 09:00:00+00:00,0.052058,,
2023-01-25 10:00:00+00:00,0.05158,,
2023-01-25 11:00:00+00:00,0.052076,,
2023-01-25 12:00:00+00:00,0.050613,,
2023-01-25 13:00:00+00:00,0.048383,,
2023-01-25 14:00:00+00:00,0.046542,,
2023-01-25 15:00:00+00:00,0.050052,,
2023-01-25 16:00:00+00:00,0.054967,,
2023-01-25 17:00:00+00:00,0.058652,,
2023-01-25 18:00:00+00:00,0.058426,,
2023-01-25 19:00:00+00:00,0.05653,,
2023-01-25 20:00:00+00:00,0.054719,,
2023-01-25 21:00:00+00:00,0.052005,,
2023-01-25 22:00:00+00:00,0.048081,,
2023-01-25 23:00:00+00:00,0.042084,,
2023-01-26 00:00:00+00:00,0.035379,,
2023-01-26 01:00:00+00:00,0.030084,,
2023-01-26 02:00:00+00:00,0.025676,,
2023-01-26 03:00:00+00:00,0.022972,,
2023-01-26 04:00:00+00:00,0.024372,,
2023-01-26 05:00:00+00:00,0.028989,,
2023-01-26 06:00:00+00:00,0.032511,,
2023-01-26 07:00:00+00:00,0.033888,,
2023-01-26 08:00:00+00:00,0.032122,,
2023-01-26 09:00:00+00:00,0.030725,,
2023-01-26 10:00:00+00:00,0.034611,,
2023-01-26 11:00:00+00:00,0.043774,,
2023-01-26 12:00:00+00:00,0.053751,,
2023-01-26 13:00:00+00:00,0.06614,,
2023-01-26 14:00:00+00:00,0.081389,,
2023-01-26 15:00:00+00:00,0.101142,,
2023-01-26 16:00:00+00:00,0.119161,,
2023-01-26 17:00:00+00:00,0.125856,,
2023-01-26 18:00:00+00:00,0.127921,,
2023-01-26 19:00:00+00:00,0.128431,,
2023-01-26 20:00:00+00:00,0.130237,,
2023-01-26 21:00:00+00:00,0.13274,,
2023-01-26 22:00:00+00:00,0.140278,,
2023-01-26 23:00:00+00:00,0.149977,,
2023-01-27 00:00:00+00:00,0.153467,,
2023-01-27 01:00:00+00:00,0.159337,,
2023-01-27 02:00:00+00:00,0.168148,,
2023-01-27 03:00:00+00:00,0.172838,,
2023-01-27 04:00:00+00:00,0.17812,,
2023-01-27 05:00:00+00:00,0.185541,,
2023-01-27 06:00:00+00:00,0.194098,,
2023-01-27 07:00:00+00:00,0.189975,,
2023-01-27 08:00:00+00:00,0.160109,,
2023-01-27 09:00:00+00:00,0.147854,,
2023-01-27 10:00:00+00:00,0.164761,,
2023-01-27 11:00:00+00:00,0.173667,,
2023-01-27 12:00:00+00:00,0.171565,,
2023-01-27 13:00:00+00:00,0.162648,,
2023-01-27 14:00:00+00:00,0.16708,,
2023-01-27 15:00:00+00:00,0.198799,,
2023-01-27 16:00:00+00:00,0.217786,,
2023-01-27 17:00:00+00:00,0.206225,,
2023-01-27 18:00:00+00:00,0.183823,,
2023-01-27 19:00:00+00:00,0.15649,,
2023-01-27 20:00:00+00:00,0.131491,,
2023-01-27 21:00:00+00:00,0.110054,,
2023-01-27 22:00:00+00:00,0.097163,,
2023-01-27 23:00:00+00:00,0.083275,,
2023-01-28 00:00:00+00:00,0.07246,,
2023-01-28 01:00:00+00:00,0.064209,,
2023-01-28 02:00:00+00:00,0.058351,,
2023-01-28 03:00:00+00:00,0.054887,,
2023-01-28 04:00:00+00:00,0.053617,,
2023-01-28 05:00:00+00:00,0.052779,,
2023-01-28 06:00:00+00:00,0.052443,,
2023-01-28 07:00:00+00:00,0.049573,,
2023-01-28 08:00:00+00:00,0.038921,,
2023-01-28 09:00:00+00:00,0.039437,,
2023-01-28 10:00:00+00:00,0.038686,,
2023-01-28 11:00:00+00:00,0.039594,,
2023-01-28 12:00:00+00:00,0.044982,,
2023-01-28 13:00:00+00:00,0.053637,,
2023-01-28 14:00:00+00:00,0.069528,,
2023-01-28 15:00:00+00:00,0.09858,,
2023-01-28 16:00:00+00:00,0.122672,,
2023-01-28 17:00:00+00:00,0.135725,,
2023-01-28 18:00:00+00:00,0.138765,,
2023-01-28 19:00:00+00:00,0.13817,,
2023-01-28 20:00:00+00:00,0.137146,,
2023-01-28 21:00:00+00:00,0.13346,,
2023-01-28 22:00:00+00:00,0.14092,,
2023-01-28 23:00:00+00:00,0.146516,,
2023-01-29 00:00:00+00:00,0.153926,,
2023-01-29 01:00:00+00:00,0.164146,,
2023-01-29 02:00:00+00:00,0.181197,,
2023-01-29 03:00:00+00:00,0.186545,,
2023-01-29 04:00:00+00:00,0.185962,,
2023-01-29 05:00:00+00:00,0.188246,,
2023-01-29 06:00:00+00:00,0.19335,,
2023-01-29 07:00:00+00:00,0.202245,,
2023-01-29 08:00:00+00:00,0.209635,,
2023-01-29 09:00:00+00:00,0.218303,,
2023-01-29 10:00:00+00:00,0.23979,,
2023-01-29 11:00:00+00:00,0.267221,,
2023-01-29 12:00:00+00:00,0.288378,,
2023-01-29 13:00:00+00:00,0.301074,,
2023-01-29 14:00:00+00:00,0.318547,,
2023-01-29 15:00:00+00:00,0.349338,,
2023-01-29 16:00:00+00:00,0.388648,,
2023-01-29 17:00:00+00:00,0.42615,,
2023-01-29 18:00:00+00:00,0.455215,,
2023-01-29 19:00:00+00:00,0.478575,,
2023-01-29 20:00:00+00:00,0.507454,,
2023-01-29 21:00:00+00:00,0.533315,,
2023-01-29 22:00:00+00:00,0.55685,,
2023-01-29 23:00:00+00:00,0.579986,,
2023-01-30 00:00:00+00:00,0.605675,,
2023-01-30 01:00:00+00:00,0.627003,,
2023-01-30 02:00:00+00:00,0.624522,,
2023-01-30 03:00:00+00:00,0.635925,,
2023-01-30 04:00:00+00:00,0.654438,,
2023-01-30 05:00:00+00:00,0.67465,,
2023-01-30 06:00:00+00:00,0.688669,,
2023-01-30 07:00:00+00:00,0.696846,,
2023-01-30 08:00:00+00:00,0.699937,,
2023-01-30 09:00:00+00:00,0.711169,,
2023-01-30 10:00:00+00:00,0.733627,,
2023-01-30 11:00:00+00:00,0.756795,,
2023-01-30 12:00:00+00:00,0.768397,,
2023-01-30 13:00:00+00:00,0.768608,,
2023-01-30 14:00:00+00:00,0.763949,,
2023-01-30 15:00:00+00:00,0.75887,,
2023-01-30 16:00:00+00:00,0.746091,,
2023-01-30 17:00:00+00:00,0.726339,,
2023-01-30 18:00:00+00:00,0.70457,,
2023-01-30 19:00:00+00:00,0.676415,,
2023-01-30 20:00:00+00:00,0.648685,,
2023-01-30 21:00:00+00:00,0.620297,,
2023-01-30 22:00:00+00:00,0.590304,,
2023-01-30 23:00:00+00:00,0.561544,,
2023-01-31 00:00:00+00:00,0.517754,,
2023-01-31 01:00:00+00:00,0.468873,,
2023-01-31 02:00:00+00:00,0.425641,,
2023-01-31 03:00:00+00:00,0.388608,,
2023-01-31 04:00:00+00:00,0.355293,,
2023-01-31 05:00:00+00:00,0.342101,,
2023-01-31 06:00:00+00:00,0.355481,,
2023-01-31 07:00:00+00:00,0.390938,,
2023-01-31 08:00:00+00:00,0.429002,,
2023-01-31 09:00:00+00:00,0.502249,,
2023-01-31 10:00:00+00:00,0.572839,,
2023-01-31 11:00:00+00:00,0.627904,,
2023-01-31 12:00:00+00:00,0.665396,,
2023-01-31 13:00:00+00:00,0.689941,,
2023-01-31 14:00:00+00:00,0.711134,,
2023-01-31 15:00:00+00:00,0.738443,,
2023-01-31 16:00:00+00:00,0.748741,,
2023-01-31 17:00:00+00:00,0.742679,,
2023-01-31 18:00:00+00:00,0.723781,,
2023-01-31 19:00:00+00:00,0.69844,,
2023-01-31 20:00:00+00:00,0.677909,,
2023-01-31 21:00:00+00:00,0.662627,,
2023-01-31 22:00:00+00:00,0.654643,,
2023-01-31 23:00:00+00:00,0.648189,,
2023-02-01 00:00:00+00:00,0.633768,,
2023-02-01 01:00:00+00:00,0.616469,,
2023-02-01 02:00:00+00:00,0.6086,,
2023-02-01 03:00:00+00:00,0.612981,,
2023-02-01 04:00:00+00:00,0.628491,,
2023-02-01 05:00:00+00:00,0.652445,,
2023-02-01 06:00:00+00:00,0.661135,,
2023-02-01 07:00:00+00:00,0.659255,,
2023-02-01 08:00:00+00:00,0.664355,,
2023-02-01 09:00:00+00:00,0.671623,,
2023-02-01 10:00:00+00:00,0.685817,,
2023-02-01 11:00:00+00:00,0.715722,,
2023-02-01 12:00:00+00:00,0.72777,,
2023-02-01 13:00:00+00:00,0.729985,,
2023-02-01 14:00:00+00:00,0.732914,,
2023-02-01 15:00:00+00:00,0.728601,,
2023-02-01 16:00:00+00:00,0.734615,,
2023-02-01 17:00:00+00:00,0.743699,,
2023-02-01 18:00:00+00:00,0.746947,,
2023-02-01 19:00:00+00:00,0.746415,,
2023-02-01 20:00:00+00:00,0.74455,,
2023-02-01 21:00:00+00:00,0.746149,,
2023-02-01 22:00:00+00:00,0.741889,,
2023-02-01 23:00:00+00:00,0.734408,,
2023-02-02 00:00:00+00:00,0.706464,,
2023-02-02 01:00:00+00:00,0.666927,,
2023-02-02 02:00:00+00:00,0.628658,,
2023-02-02 03:00:00+00:00,0.591727,,
2023-02-02 04:00:00+00:00,0.551436,,
2023-02-02 05:00:00+00:00,0.509735,,
2023-02-02 06:00:00+00:00,0.465042,,
2023-02-02 07:00:00+00:00,0.418624,,
2023-02-02 08:00:00+00:00,0.363187,,
2023-02-02 09:00:00+00:00,0.332717,,
2023-02-02 10:00:00+00:00,0.325683,,
2023-02-02 11:00:00+00:00,0.314751,,
2023-02-02 12:00:00+00:00,0.28587,,
2023-02-02 13:00:00+00:00,0.240804,,
2023-02-02 14:00:00+00:00,0.202539,,
2023-02-02 15:00:00+00:00,0.204917,,
2023-02-02 16:00:00+00:00,0.207852,,
2023-02-02 17:00:00+00:00,0.202995,,
2023-02-02 18:00:00+00:00,0.207286,,
2023-02-02 19:00:00+00:00,0.219156,,
2023-02-02 20:00:00+00:00,0.245075,,
2023-02-02 21:00:00+00:00,0.276748,,
2023-02-02 22:00:00+00:00,0.318833,,
2023-02-02 23:00:00+00:00,0.376017,,
2023-02-03 00:00:00+00:00,0.448184,,
2023-02-03 01:00:00+00:00,0.50142,,
2023-02-03 02:00:00+00:00,0.556322,,
2023-02-03 03:00:00+00:00,0.618303,,
2023-02-03 04:00:00+00:00,0.682855,,
2023-02-03 05:00:00+00:00,0.734706,,
2023-02-03 06:00:00+00:00,0.775938,,
2023-02-03 07:00:00+00:00,0.808726,,
2023-02-03 08:00:00+00:00,0.822219,,
2023-02-03 09:00:00+00:00,0.824955,,
2023-02-03 10:00:00+00:00,0.828199,,
2023-02-03 11:00:00+00:00,0.829114,,
2023-02-03 12:00:00+00:00,0.82781,,
2023-02-03 13:00:00+00:00,0.819741,,
2023-02-03 14:00:00+00:00,0.805806,,
2023-02-03 15:00:00+00:00,0.793313,,
2023-02-03 16:00:00+00:00,0.776107,,
2023-02-03 17:00:00+00:00,0.750365,,
2023-02-03 18:00:00+00:00,0.721235,,
2023-02-03 19:00:00+00:00,0.683374,,
2023-02-03 20:00:00+00:00,0.635558,,
2023-02-03 21:00:00+00:00,0.585005,,
2023-02-03 22:00:00+00:00,0.53047,,
2023-02-03 23:00:00+00:00,0.460422,,
2023-02-04 00:00:00+00:00,0.38595,,
2023-02-04 01:00:00+00:00,0.313388,,
2023-02-04 02:00:00+00:00,0.25026,,
2023-02-04 03:00:00+00:00,0.206204,,
2023-02-04 04:00:00+00:00,0.174583,,
2023-02-04 05:00:00+00:00,0.149488,,
2023-02-04 06:00:00+00:00,0.13018,,
2023-02-04 07:00:00+00:00,0.104959,,
2023-02-04 08:00:00+00:00,0.070317,,
2023-02-04 09:00:00+00:00,0.064314,,
2023-02-04 10:00:00+00:00,0.055246,,
2023-02-04 11:00:00+00:00,0.049433,,
2023-02-04 12:00:00+00:00,0.049257,,
2023-02-04 13:00:00+00:00,0.052002,,
2023-02-04 14:00:00+00:00,0.053625,,
2023-02-04 15:00:00+00:00,0.073777,,
2023-02-04 16:00:00+00:00,0.100151,,
2023-02-04 17:00:00+00:00,0.118494,,
2023-02-04 18:00:00+00:00,0.129304,,
2023-02-04 19:00:00+00:00,0.13539,,
2023-02-04 20:00:00+00:00,0.136601,,
2023-02-04 21:00:00+00:00,0.132397,,
2023-02-04 22:00:00+00:00,0.127894,,
2023-02-04 23:00:00+00:00,0.126153,,
2023-02-05 00:00:00+00:00,0.125824,,
2023-02-05 01:00:00+00:00,0.123263,,
2023-02-05 02:00:00+00:00,0.117806,,
2023-02-05 03:00:00+00:00,0.113584,,
2023-02-05 04:00:00+00:00,0.109778,,
2023-02-05 05:00:00+00:00,0.105389,,
2023-02-05 06:00:00+00:00,0.100075,,
2023-02-05 07:00:00+00:00,0.09126,,
2023-02-05 08:00:00+00:00,0.082283,,
2023-02-05 09:00:00+00:00,0.101328,,
2023-02-05 10:00:00+00:00,0.124754,,
2023-02-05 11:00:00+00:00,0.143966,,
2023-02-05 12:00:00+00:00,0.154034,,
2023-02-05 13:00:00+00:00,0.150291,,
2023-02-05 14:00:00+00:00,0.138467,,
2023-02-05 15:00:00+00:00,0.152224,,
2023-02-05 16:00:00+00:00,0.174574,,
2023-02-05 17:00:00+00:00,0.177555,,
2023-02-05 18:00:00+00:00,0.16642,,
2023-02-05 19:00:00+00:00,0.150675,,
2023-02-05 20:00:00+00:00,0.136956,,
2023-02-05 21:00:00+00:00,0.118526,,
2023-02-05 22:00:00+00:00,0.097253,,
2023-02-05 23:00:00+00:00,0.081127,,
2023-02-06 00:00:00+00:00,0.069511,,
2023-02-06 01:00:00+00:00,0.063038,,
2023-02-06 02:00:00+00:00,0.060742,,
2023-02-06 03:00:00+00:00,0.059081,,
2023-02-06 04:00:00+00:00,0.057535,,
2023-02-06 05:00:00+00:00,0.057278,,
2023-02-06 06:00:00+00:00,0.058949,,
2023-02-06 07:00:00+00:00,0.053564,,
2023-02-06 08:00:00+00:00,0.051537,,
2023-02-06 09:00:00+00:00,0.057422,,
2023-02-06 10:00:00+00:00,0.061144,,
2023-02-06 11:00:00+00:00,0.068403,,
2023-02-06 12:00:00+00:00,0.07815,,
2023-02-06 13:00:00+00:00,0.087653,,
2023-02-06 14:00:00+00:00,0.085527,,
2023-02-06 15:00:00+00:00,0.087889,,
2023-02-06 16:00:00+00:00,0.10409,,
2023-02-06 17:00:00+00:00,0.113175,,
2023-02-06 18:00:00+00:00,0.122001,,
2023-02-06 19:00:00+00:00,0.130345,,
2023-02-06 20:00:00+00:00,0.129847,,
2023-02-06 21:00:00+00:00,0.121974,,
2023-02-06 22:00:00+00:00,0.113669,,
2023-02-06 23:00:00+00:00,0.110822,,
2023-02-07 00:00:00+00:00,0.106241,,
2023-02-07 01:00:00+00:00,0.099211,,
2023-02-07 02:00:00+00:00,0.09411,,
2023-02-07 03:00:00+00:00,0.087596,,
2023-02-07 04:00:00+00:00,0.08096,,
2023-02-07 05:00:00+00:00,0.077392,,
2023-02-07 06:00:00+00:00,0.077336,,
2023-02-07 07:00:00+00:00,0.068929,,
2023-02-07 08:00:00+00:00,0.059267,,
2023-02-07 09:00:00+00:00,0.05503,,
2023-02-07 10:00:00+00:00,0.048645,,
2023-02-07 11:00:00+00:00,0.044064,,
2023-02-07 12:00:00+00:00,0.038886,,
2023-02-07 13:00:00+00:00,0.035404,,
2023-02-07 14:00:00+00:00,0.03558,,
2023-02-07 15:00:00+00:00,0.046826,,
2023-02-07 16:00:00+00:00,0.065234,,
2023-02-07 17:00:00+00:00,0.079967,,
2023-02-07 18:00:00+00:00,0.091697,,
2023-02-07 19:00:00+00:00,0.101481,,
2023-02-07 20:00:00+00:00,0.10781,,
2023-02-07 21:00:00+00:00,0.11119,,
2023-02-07 22:00:00+00:00,0.110145,,
2023-02-07 23:00:00+00:00,0.105152,,
2023-02-08 00:00:00+00:00,0.099777,,
2023-02-08 01:00:00+00:00,0.096257,,
2023-02-08 02:00:00+00:00,0.095485,,
2023-02-08 03:00:00+00:00,0.097682,,
2023-02-08 04:00:00+00:00,0.104998,,
2023-02-08 05:00:00+00:00,0.116519,,
2023-02-08 06:00:00+00:00,0.129954,,
2023-02-08 07:00:00+00:00,0.112246,,
2023-02-08 08:00:00+00:00,0.07483,,
2023-02-08 09:00:00+00:00,0.091326,,
2023-02-08 10:00:00+00:00,0.110434,,
2023-02-08 11:00:00+00:00,0.112734,,
2023-02-08 12:00:00+00:00,0.111015,,
2023-02-08 13:00:00+00:00,0.112434,,
2023-02-08 14:00:00+00:00,0.121115,,
2023-02-08 15:00:00+00:00,0.177702,,
2023-02-08 16:00:00+00:00,0.255859,,
2023-02-08 17:00:00+00:00,0.294161,,
2023-02-08 18:00:00+00:00,0.305354,,
2023-02-08 19:00:00+00:00,0.305475,,
2023-02-08 20:00:00+00:00,0.300516,,
2023-02-08 21:00:00+00:00,0.291322,,
2023-02-08 22:00:00+00:00,0.27851,,
2023-02-08 23:00:00+00:00,0.263376,,
2023-02-09 00:00:00+00:00,0.248438,,
2023-02-09 01:00:00+00:00,0.235988,,
2023-02-09 02:00:00+00:00,0.227885,,
2023-02-09 03:00:00+00:00,0.233331,,
2023-02-09 04:00:00+00:00,0.240568,,
2023-02-09 05:00:00+00:00,0.241653,,
2023-02-09 06:00:00+00:00,0.237446,,
2023-02-09 07:00:00+00:00,0.203108,,
2023-02-09 08:00:00+00:00,0.152364,,
2023-02-09 09:00:00+00:00,0.161263,,
2023-02-09 10:00:00+00:00,0.18317,,
2023-02-09 11:00:00+00:00,0.183097,,
2023-02-09 12:00:00+00:00,0.178648,,
2023-02-09 13:00:00+00:00,0.163919,,
2023-02-09 14:00:00+00:00,0.163758,,
2023-02-09 15:00:00+00:00,0.198037,,
2023-02-09 16:00:00+00:00,0.234176,,
2023-02-09 17:00:00+00:00,0.253642,,
2023-02-09 18:00:00+00:00,0.262835,,
2023-02-09 19:00:00+00:00,0.263948,,
2023-02-09 20:00:00+00:00,0.266564,,
2023-02-09 21:00:00+00:00,0.265497,,
2023-02-09 22:00:00+00:00,0.264724,,
2023-02-09 23:00:00+00:00,0.259933,,
2023-02-10 00:00:00+00:00,0.24825,,
2023-02-10 01:00:00+00:00,0.225971,,
2023-02-10 02:00:00+00:00,0.206667,,
2023-02-10 03:00:00+00:00,0.194422,,
2023-02-10 04:00:00+00:00,0.189806,,
2023-02-10 05:00:00+00:00,0.188082,,
2023-02-10 06:00:00+00:00,0.187934,,
2023-02-10 07:00:00+00:00,0.18168,,
2023-02-10 08:00:00+00:00,0.166866,,
2023-02-10 09:00:00+00:00,0.175479,,
2023-02-10 10:00:00+00:00,0.192614,,
2023-02-10 11:00:00+00:00,0.22042,,
2023-02-10 12:00:00+00:00,0.246446,,
2023-02-10 13:00:00+00:00,0.253953,,
2023-02-10 14:00:00+00:00,0.259913,,
2023-02-10 15:00:00+00:00,0.310255,,
2023-02-10 16:00:00+00:00,0.373364,,
2023-02-10 17:00:00+00:00,0.40655,,
2023-02-10 18:00:00+00:00,0.428209,,
2023-02-10 19:00:00+00:00,0.442266,,
2023-02-10 20:00:00+00:00,0.436277,,
2023-02-10 21:00:00+00:00,0.424735,,
2023-02-10 22:00:00+00:00,0.41907,,
2023-02-10 23:00:00+00:00,0.429947,,
2023-02-11 00:00:00+00:00,0.429044,,
2023-02-11 01:00:00+00:00,0.430588,,
2023-02-11 02:00:00+00:00,0.422715,,
2023-02-11 03:00:00+00:00,0.423283,,
2023-02-11 04:00:00+00:00,0.427004,,
2023-02-11 05:00:00+00:00,0.436465,,
2023-02-11 06:00:00+00:00,0.43611,,
2023-02-11 07:00:00+00:00,0.424539,,
2023-02-11 08:00:00+00:00,0.408018,,
2023-02-11 09:00:00+00:00,0.4061,,
2023-02-11 10:00:00+00:00,0.40316,,
2023-02-11 11:00:00+00:00,0.400868,,
2023-02-11 12:00:00+00:00,0.393731,,
2023-02-11 13:00:00+00:00,0.374823,,
2023-02-11 14:00:00+00:00,0.350435,,
2023-02-11 15:00:00+00:00,0.341186,,
2023-02-11 16:00:00+00:00,0.326046,,
2023-02-11 17:00:00+00:00,0.297251,,
2023-02-11 18:00:00+00:00,0.273784,,
2023-02-11 19:00:00+00:00,0.2482,,
2023-02-11 20:00:00+00:00,0.22572,,
2023-02-11 21:00:00+00:00,0.20874,,
2023-02-11 22:00:00+00:00,0.18787,,
2023-02-11 23:00:00+00:00,0.16753,,
2023-02-12 00:00:00+00:00,0.14757,,
2023-02-12 01:00:00+00:00,0.128623,,
2023-02-12 02:00:00+00:00,0.110602,,
2023-02-12 03:00:00+00:00,0.095468,,
2023-02-12 04:00:00+00:00,0.084537,,
2023-02-12 05:00:00+00:00,0.076718,,
2023-02-12 06:00:00+00:00,0.071848,,
2023-02-12 07:00:00+00:00,0.065164,,
2023-02-12 08:00:00+00:00,0.057775,,
2023-02-12 09:00:00+00:00,0.051489,,
2023-02-12 10:00:00+00:00,0.05345,,
2023-02-12 11:00:00+00:00,0.061483,,
2023-02-12 12:00:00+00:00,0.068369,,
2023-02-12 13:00:00+00:00,0.072984,,
2023-02-12 14:00:00+00:00,0.074472,,
2023-02-12 15:00:00+00:00,0.087936,,
2023-02-12 16:00:00+00:00,0.105368,,
2023-02-12 17:00:00+00:00,0.112243,,
2023-02-12 18:00:00+00:00,0.113734,,
2023-02-12 19:00:00+00:00,0.115566,,
2023-02-12 20:00:00+00:00,0.118966,,
2023-02-12 21:00:00+00:00,0.121397,,
2023-02-12 22:00:00+00:00,0.121486,,
2023-02-12 23:00:00+00:00,0.118619,,
2023-02-13 00:00:00+00:00,0.112741,,
2023-02-13 01:00:00+00:00,0.107375,,
2023-02-13 02:00:00+00:00,0.104591,,
2023-02-13 03:00:00+00:00,0.101337,,
2023-02-13 04:00:00+00:00,0.097688,,
2023-02-13 05:00:00+00:00,0.094443,,
2023-02-13 06:00:00+00:00,0.09097,,
2023-02-13 07:00:00+00:00,0.077916,,
2023-02-13 08:00:00+00:00,0.055115,,
2023-02-13 09:00:00+00:00,0.047943,,
2023-02-13 10:00:00+00:00,0.054616,,
2023-02-13 11:00:00+00:00,0.052788,,
2023-02-13 12:00:00+00:00,0.046186,,
2023-02-13 13:00:00+00:00,0.042226,,
2023-02-13 14:00:00+00:00,0.042203,,
2023-02-13 15:00:00+00:00,0.05863,,
2023-02-13 16:00:00+00:00,0.08228,,
2023-02-13 17:00:00+00:00,0.101463,,
2023-02-13 18:00:00+00:00,0.112603,,
2023-02-13 19:00:00+00:00,0.111916,,
2023-02-13 20:00:00+00:00,0.100847,,
2023-02-13 21:00:00+00:00,0.08719,,
2023-02-13 22:00:00+00:00,0.076393,,
2023-02-13 23:00:00+00:00,0.068725,,
2023-02-14 00:00:00+00:00,0.064258,,
2023-02-14 01:00:00+00:00,0.063362,,
2023-02-14 02:00:00+00:00,0.063893,,
2023-02-14 03:00:00+00:00,0.067103,,
2023-02-14 04:00:00+00:00,0.072982,,
2023-02-14 05:00:00+00:00,0.077916,,
2023-02-14 06:00:00+00:00,0.08034,,
2023-02-14 07:00:00+00:00,0.066407,,
2023-02-14 08:00:00+00:00,0.042135,,
2023-02-14 09:00:00+00:00,0.031777,,
2023-02-14 10:00:00+00:00,0.026208,,
2023-02-14 11:00:00+00:00,0.021771,,
2023-02-14 12:00:00+00:00,0.018807,,
2023-02-14 13:00:00+00:00,0.018251,,
2023-02-14 14:00:00+00:00,0.022366,,
2023-02-14 15:00:00+00:00,0.042413,,
2023-02-14 16:00:00+00:00,0.077628,,
2023-02-14 17:00:00+00:00,0.118882,,
2023-02-14 18:00:00+00:00,0.152736,,
2023-02-14 19:00:00+00:00,0.169928,,
2023-02-14 20:00:00+00:00,0.168534,,
2023-02-14 21:00:00+00:00,0.152084,,
2023-02-14 22:00:00+00:00,0.128949,,
2023-02-14 23:00:00+00:00,0.104966,,
2023-02-15 00:00:00+00:00,0.082545,,
2023-02-15 01:00:00+00:00,0.064608,,
2023-02-15 02:00:00+00:00,0.055583,,
2023-02-15 03:00:00+00:00,0.053606,,
2023-02-15 04:00:00+00:00,0.055973,,
2023-02-15 05:00:00+00:00,0.061192,,
2023-02-15 06:00:00+00:00,0.067846,,
2023-02-15 07:00:00+00:00,0.064319,,
2023-02-15 08:00:00+00:00,0.057321,,
2023-02-15 09:00:00+00:00,0.056331,,
2023-02-15 10:00:00+00:00,0.059481,,
2023-02-15 11:00:00+00:00,0.060397,,
2023-02-15 12:00:00+00:00,0.062312,,
2023-02-15 13:00:00+00:00,0.06178,,
2023-02-15 14:00:00+00:00,0.060993,,
2023-02-15 15:00:00+00:00,0.081595,,
2023-02-15 16:00:00+00:00,0.135124,,
2023-02-15 17:00:00+00:00,0.193223,,
2023-02-15 18:00:00+00:00,0.231153,,
2023-02-15 19:00:00+00:00,0.250159,,
2023-02-15 20:00:00+00:00,0.257075,,
2023-02-15 21:00:00+00:00,0.253869,,
2023-02-15 22:00:00+00:00,0.2432,,
2023-02-15 23:00:00+00:00,0.228992,,
2023-02-16 00:00:00+00:00,0.215513,,
2023-02-16 01:00:00+00:00,0.197724,,
2023-02-16 02:00:00+00:00,0.179307,,
2023-02-16 03:00:00+00:00,0.169378,,
2023-02-16 04:00:00+00:00,0.170305,,
2023-02-16 05:00:00+00:00,0.173352,,
2023-02-16 06:00:00+00:00,0.180735,,
2023-02-16 07:00:00+00:00,0.172899,,
2023-02-16 08:00:00+00:00,0.154686,,
2023-02-16 09:00:00+00:00,0.175486,,
2023-02-16 10:00:00+00:00,0.189857,,
2023-02-16 11:00:00+00:00,0.2075,,
2023-02-16 12:00:00+00:00,0.21586,,
2023-02-16 13:00:00+00:00,0.205024,,
2023-02-16 14:00:00+00:00,0.189082,,
2023-02-16 15:00:00+00:00,0.211106,,
2023-02-16 16:00:00+00:00,0.265235,,
2023-02-16 17:00:00+00:00,0.291647,,
2023-02-16 18:00:00+00:00,0.299778,,
2023-02-16 19:00:00+00:00,0.307668,,
2023-02-16 20:00:00+00:00,0.318024,,
2023-02-16 21:00:00+00:00,0.333498,,
2023-02-16 22:00:00+00:00,0.353071,,
2023-02-16 23:00:00+00:00,0.364595,,
2023-02-17 00:00:00+00:00,0.375641,,
2023-02-17 01:00:00+00:00,0.399726,,
2023-02-17 02:00:00+00:00,0.427528,,
2023-02-17 03:00:00+00:00,0.445575,,
2023-02-17 04:00:00+00:00,0.461977,,
2023-02-17 05:00:00+00:00,0.492778,,
2023-02-17 06:00:00+00:00,0.541988,,
2023-02-17 07:00:00+00:00,0.573725,,
2023-02-17 08:00:00+00:00,0.615041,,
2023-02-17 09:00:00+00:00,0.675776,,
2023-02-17 10:00:00+00:00,0.742222,,
2023-02-17 11:00:00+00:00,0.790016,,
2023-02-17 12:00:00+00:00,0.819846,,
2023-02-17 13:00:00+00:00,0.833006,,
2023-02-17 14:00:00+00:00,0.843831,,
2023-02-17 15:00:00+00:00,0.849282,,
2023-02-17 16:00:00+00:00,0.84141,,
2023-02-17 17:00:00+00:00,0.823931,,
2023-02-17 18:00:00+00:00,0.795657,,
2023-02-17 19:00:00+00:00,0.757058,,
2023-02-17 20:00:00+00:00,0.717047,,
2023-02-17 21:00:00+00:00,0.681115,,
2023-02-17 22:00:00+00:00,0.646566,,
2023-02-17 23:00:00+00:00,0.609006,,
2023-02-18 00:00:00+00:00,0.57639,,
2023-02-18 01:00:00+00:00,0.5431,,
2023-02-18 02:00:00+00:00,0.501785,,
2023-02-18 03:00:00+00:00,0.455775,,
2023-02-18 04:00:00+00:00,0.42327,,
2023-02-18 05:00:00+00:00,0.417486,,
2023-02-18 06:00:00+00:00,0.417839,,
2023-02-18 07:00:00+00:00,0.417452,,
2023-02-18 08:00:00+00:00,0.45056,,
2023-02-18 09:00:00+00:00,0.48466,,
2023-02-18 10:00:00+00:00,0.531254,,
2023-02-18 11:00:00+00:00,0.58241,,
2023-02-18 12:00:00+00:00,0.617356,,
2023-02-18 13:00:00+00:00,0.617383,,
2023-02-18 14:00:00+00:00,0.578432,,
2023-02-18 15:00:00+00:00,0.535327,,
2023-02-18 16:00:00+00:00,0.508079,,
2023-02-18 17:00:00+00:00,0.464336,,
2023-02-18 18:00:00+00:00,0.404278,,
2023-02-18 19:00:00+00:00,0.349022,,
2023-02-18 20:00:00+00:00,0.301294,,
2023-02-18 21:00:00+00:00,0.273751,,
2023-02-18 22:00:00+00:00,0.252072,,
2023-02-18 23:00:00+00:00,0.238684,,
2023-02-19 00:00:00+00:00,0.236873,,
2023-02-19 01:00:00+00:00,0.243229,,
2023-02-19 02:00:00+00:00,0.257995,,
2023-02-19 03:00:00+00:00,0.26562,,
2023-02-19 04:00:00+00:00,0.269845,,
2023-02-19 05:00:00+00:00,0.267208,,
2023-02-19 06:00:00+00:00,0.253981,,
2023-02-19 07:00:00+00:00,0.227536,,
2023-02-19 08:00:00+00:00,0.219965,,
2023-02-19 09:00:00+00:00,0.245986,,
2023-02-19 10:00:00+00:00,0.235876,,
2023-02-19 11:00:00+00:00,0.225373,,
2023-02-19 12:00:00+00:00,0.224428,,
2023-02-19 13:00:00+00:00,0.226241,,
2023-02-19 14:00:00+00:00,0.201013,,
2023-02-19 15:00:00+00:00,0.167518,,
2023-02-19 16:00:00+00:00,0.178893,,
2023-02-19 17:00:00+00:00,0.199235,,
2023-02-19 18:00:00+00:00,0.217814,,
2023-02-19 19:00:00+00:00,0.230366,,
2023-02-19 20:00:00+00:00,0.244334,,
2023-02-19 21:00:00+00:00,0.255823,,
2023-02-19 22:00:00+00:00,0.275995,,
2023-02-19 23:00:00+00:00,0.302013,,
2023-02-20 00:00:00+00:00,0.324004,,
2023-02-20 01:00:00+00:00,0.354983,,
2023-02-20 02:00:00+00:00,0.389287,,
2023-02-20 03:00:00+00:00,0.414656,,
2023-02-20 04:00:00+00:00,0.444751,,
2023-02-20 05:00:00+00:00,0.479281,,
2023-02-20 06:00:00+00:00,0.519931,,
2023-02-20 07:00:00+00:00,0.583835,,
2023-02-20 08:00:00+00:00,0.651063,,
2023-02-20 09:00:00+00:00,0.705439,,
2023-02-20 10:00:00+00:00,0.727145,,
2023-02-20 11:00:00+00:00,0.739777,,
2023-02-20 12:00:00+00:00,0.739833,,
2023-02-20 13:00:00+00:00,0.730828,,
2023-02-20 14:00:00+00:00,0.706154,,
2023-02-20 15:00:00+00:00,0.68013,,
2023-02-20 16:00:00+00:00,0.66203,,
2023-02-20 17:00:00+00:00,0.640639,,
2023-02-20 18:00:00+00:00,0.618275,,
2023-02-20 19:00:00+00:00,0.598558,,
2023-02-20 20:00:00+00:00,0.582059,,
2023-02-20 21:00:00+00:00,0.56303,,
2023-02-20 22:00:00+00:00,0.548976,,
2023-02-20 23:00:00+00:00,0.537306,,
2023-02-21 00:00:00+00:00,0.516656,,
2023-02-21 01:00:00+00:00,0.502629,,
2023-02-21 02:00:00+00:00,0.48442,,
2023-02-21 03:00:00+00:00,0.461768,,
2023-02-21 04:00:00+00:00,0.43467,,
2023-02-21 05:00:00+00:00,0.405235,,
2023-02-21 06:00:00+00:00,0.368201,,
2023-02-21 07:00:00+00:00,0.318365,,
2023-02-21 08:00:00+00:00,0.292841,,
2023-02-21 09:00:00+00:00,0.298149,,
2023-02-21 10:00:00+00:00,0.28708,,
2023-02-21 11:00:00+00:00,0.268697,,
2023-02-21 12:00:00+00:00,0.245624,,
2023-02-21 13:00:00+00:00,0.212025,,
2023-02-21 14:00:00+00:00,0.167494,,
2023-02-21 15:00:00+00:00,0.135147,,
2023-02-21 16:00:00+00:00,0.126288,,
2023-02-21 17:00:00+00:00,0.11079,,
2023-02-21 18:00:00+00:00,0.092432,,
2023-02-21 19:00:00+00:00,0.074111,,
2023-02-21 20:00:00+00:00,0.056065,,
2023-02-21 21:00:00+00:00,0.044507,,
2023-02-21 22:00:00+00:00,0.039896,,
2023-02-21 23:00:00+00:00,0.041115,,
2023-02-22 00:00:00+00:00,0.047064,,
2023-02-22 01:00:00+00:00,0.052959,,
2023-02-22 02:00:00+00:00,0.055856,,
2023-02-22 03:00:00+00:00,0.055642,,
2023-02-22 04:00:00+00:00,0.056665,,
2023-02-22 05:00:00+00:00,0.06073,,
2023-02-22 06:00:00+00:00,0.067071,,
2023-02-22 07:00:00+00:00,0.063119,,
2023-02-22 08:00:00+00:00,0.05805,,
2023-02-22 09:00:00+00:00,0.063917,,
2023-02-22 10:00:00+00:00,0.073833,,
2023-02-22 11:00:00+00:00,0.078264,,
2023-02-22 12:00:00+00:00,0.07955,,
2023-02-22 13:00:00+00:00,0.080861,,
2023-02-22 14:00:00+00:00,0.083467,,
2023-02-22 15:00:00+00:00,0.109988,,
2023-02-22 16:00:00+00:00,0.156758,,
2023-02-22 17:00:00+00:00,0.187698,,
2023-02-22 18:00:00+00:00,0.193864,,
2023-02-22 19:00:00+00:00,0.191207,,
2023-02-22 20:00:00+00:00,0.18006,,
2023-02-22 21:00:00+00:00,0.164029,,
2023-02-22 22:00:00+00:00,0.146196,,
2023-02-22 23:00:00+00:00,0.129912,,
2023-02-23 00:00:00+00:00,0.111561,,
2023-02-23 01:00:00+00:00,0.094308,,
2023-02-23 02:00:00+00:00,0.080716,,
2023-02-23 03:00:00+00:00,0.07305,,
2023-02-23 04:00:00+00:00,0.067999,,
2023-02-23 05:00:00+00:00,0.064301,,
2023-02-23 06:00:00+00:00,0.060767,,
2023-02-23 07:00:00+00:00,0.050483,,
2023-02-23 08:00:00+00:00,0.043369,,
2023-02-23 09:00:00+00:00,0.048256,,
2023-02-23 10:00:00+00:00,0.057427,,
2023-02-23 11:00:00+00:00,0.068714,,
2023-02-23 12:00:00+00:00,0.081176,,
2023-02-23 13:00:00+00:00,0.092314,,
2023-02-23 14:00:00+00:00,0.102074,,
2023-02-23 15:00:00+00:00,0.114061,,
2023-02-23 16:00:00+00:00,0.134924,,
2023-02-23 17:00:00+00:00,0.147854,,
2023-02-23 18:00:00+00:00,0.154389,,
2023-02-23 19:00:00+00:00,0.156784,,
2023-02-23 20:00:00+00:00,0.156133,,
2023-02-23 21:00:00+00:00,0.159432,,
2023-02-23 22:00:00+00:00,0.164381,,
2023-02-23 23:00:00+00:00,0.169243,,
2023-02-24 00:00:00+00:00,0.176958,,
2023-02-24 01:00:00+00:00,0.185449,,
2023-02-24 02:00:00+00:00,0.194795,,
2023-02-24 03:00:00+00:00,0.197386,,
2023-02-24 04:00:00+00:00,0.204884,,
2023-02-24 05:00:00+00:00,0.221743,,
2023-02-24 06:00:00+00:00,0.240739,,
2023-02-24 07:00:00+00:00,0.241724,,
2023-02-24 08:00:00+00:00,0.26254,,
2023-02-24 09:00:00+00:00,0.337869,,
2023-02-24 10:00:00+00:00,0.390223,,
2023-02-24 11:00:00+00:00,0.416951,,
2023-02-24 12:00:00+00:00,0.432297,,
2023-02-24 13:00:00+00:00,0.42124,,
2023-02-24 14:00:00+00:00,0.380569,,
2023-02-24 15:00:00+00:00,0.367795,,
2023-02-24 16:00:00+00:00,0.384616,,
2023-02-24 17:00:00+00:00,0.403339,,
2023-02-24 18:00:00+00:00,0.405534,,
2023-02-24 19:00:00+00:00,0.400845,,
2023-02-24 20:00:00+00:00,0.404179,,
2023-02-24 21:00:00+00:00,0.410724,,
2023-02-24 22:00:00+00:00,0.428547,,
2023-02-24 23:00:00+00:00,0.431804,,
2023-02-25 00:00:00+00:00,0.443547,,
2023-02-25 01:00:00+00:00,0.455323,,
2023-02-25 02:00:00+00:00,0.455104,,
2023-02-25 03:00:00+00:00,0.459337,,
2023-02-25 04:00:00+00:00,0.458854,,
2023-02-25 05:00:00+00:00,0.453964,,
2023-02-25 06:00:00+00:00,0.434046,,
2023-02-25 07:00:00+00:00,0.412323,,
2023-02-25 08:00:00+00:00,0.44976,,
2023-02-25 09:00:00+00:00,0.481253,,
2023-02-25 10:00:00+00:00,0.484775,,
2023-02-25 11:00:00+00:00,0.48,,
2023-02-25 12:00:00+00:00,0.476044,,
2023-02-25 13:00:00+00:00,0.468331,,
2023-02-25 14:00:00+00:00,0.442829,,
2023-02-25 15:00:00+00:00,0.392922,,
2023-02-25 16:00:00+00:00,0.369473,,
2023-02-25 17:00:00+00:00,0.353033,,
2023-02-25 18:00:00+00:00,0.328391,,
2023-02-25 19:00:00+00:00,0.308725,,
2023-02-25 20:00:00+00:00,0.28976,,
2023-02-25 21:00:00+00:00,0.28265,,
2023-02-25 22:00:00+00:00,0.268688,,
2023-02-25 23:00:00+00:00,0.262329,,
2023-02-26 00:00:00+00:00,0.258507,,
2023-02-26 01:00:00+00:00,0.251505,,
2023-02-26 02:00:00+00:00,0.240884,,
2023-02-26 03:00:00+00:00,0.233638,,
2023-02-26 04:00:00+00:00,0.229566,,
2023-02-26 05:00:00+00:00,0.233362,,
2023-02-26 06:00:00+00:00,0.225172,,
2023-02-26 07:00:00+00:00,0.206208,,
2023-02-26 08:00:00+00:00,0.272778,,
2023-02-26 09:00:00+00:00,0.296226,,
2023-02-26 10:00:00+00:00,0.275516,,
2023-02-26 11:00:00+00:00,0.259379,,
2023-02-26 12:00:00+00:00,0.254108,,
2023-02-26 13:00:00+00:00,0.257043,,
2023-02-26 14:00:00+00:00,0.258188,,
2023-02-26 15:00:00+00:00,0.24053,,
2023-02-26 16:00:00+00:00,0.242937,,
2023-02-26 17:00:00+00:00,0.241694,,
2023-02-26 18:00:00+00:00,0.225827,,
2023-02-26 19:00:00+00:00,0.210998,,
2023-02-26 20:00:00+00:00,0.196752,,
2023-02-26 21:00:00+00:00,0.184891,,
2023-02-26 22:00:00+00:00,0.167019,,
2023-02-26 23:00:00+00:00,0.148552,,
2023-02-27 00:00:00+00:00,0.130875,,
2023-02-27 01:00:00+00:00,0.120787,,
2023-02-27 02:00:00+00:00,0.113739,,
2023-02-27 03:00:00+00:00,0.105671,,
2023-02-27 04:00:00+00:00,0.100167,,
2023-02-27 05:00:00+00:00,0.095026,,
2023-02-27 06:00:00+00:00,0.085275,,
2023-02-27 07:00:00+00:00,0.080232,,
2023-02-27 08:00:00+00:00,0.105434,,
2023-02-27 09:00:00+00:00,0.121612,,
2023-02-27 10:00:00+00:00,0.123195,,
2023-02-27 11:00:00+00:00,0.121255,,
2023-02-27 12:00:00+00:00,0.122808,,
2023-02-27 13:00:00+00:00,0.128379,,
2023-02-27 14:00:00+00:00,0.133627,,
2023-02-27 15:00:00+00:00,0.132889,,
2023-02-27 16:00:00+00:00,0.148119,,
2023-02-27 17:00:00+00:00,0.159241,,
2023-02-27 18:00:00+00:00,0.154275,,
2023-02-27 19:00:00+00:00,0.142649,,
2023-02-27 20:00:00+00:00,0.125718,,
2023-02-27 21:00:00+00:00,0.109453,,
2023-02-27 22:00:00+00:00,0.095402,,
2023-02-27 23:00:00+00:00,0.084457,,
2023-02-28 00:00:00+00:00,0.077824,,
2023-02-28 01:00:00+00:00,0.075154,,
2023-02-28 02:00:00+00:00,0.077095,,
2023-02-28 03:00:00+00:00,0.081797,,
2023-02-28 04:00:00+00:00,0.088307,,
2023-02-28 05:00:00+00:00,0.095119,,
2023-02-28 06:00:00+00:00,0.09881,,
2023-02-28 07:00:00+00:00,0.090398,,
2023-02-28 08:00:00+00:00,0.121596,,
2023-02-28 09:00:00+00:00,0.12773,,
2023-02-28 10:00:00+00:00,0.114195,,
2023-02-28 11:00:00+00:00,0.102266,,
2023-02-28 12:00:00+00:00,0.094358,,
2023-02-28 13:00:00+00:00,0.090508,,
2023-02-28 14:00:00+00:00,0.087296,,
2023-02-28 15:00:00+00:00,0.083062,,
2023-02-28 16:00:00+00:00,0.093741,,
2023-02-28 17:00:00+00:00,0.10409,,
2023-02-28 18:00:00+00:00,0.101516,,
2023-02-28 19:00:00+00:00,0.094181,,
2023-02-28 20:00:00+00:00,0.086948,,
2023-02-28 21:00:00+00:00,0.080841,,
2023-02-28 22:00:00+00:00,0.074219,,
2023-02-28 23:00:00+00:00,0.067757,,
2023-03-01 00:00:00+00:00,0.063236,,
2023-03-01 01:00:00+00:00,0.060571,,
2023-03-01 02:00:00+00:00,0.059383,,
2023-03-01 03:00:00+00:00,0.059427,,
2023-03-01 04:00:00+00:00,0.060118,,
2023-03-01 05:00:00+00:00,0.060907,,
2023-03-01 06:00:00+00:00,0.057173,,
2023-03-01 07:00:00+00:00,0.043226,,
2023-03-01 08:00:00+00:00,0.065773,,
2023-03-01 09:00:00+00:00,0.074948,,
2023-03-01 10:00:00+00:00,0.073564,,
2023-03-01 11:00:00+00:00,0.079011,,
2023-03-01 12:00:00+00:00,0.092975,,
2023-03-01 13:00:00+00:00,0.112893,,
2023-03-01 14:00:00+00:00,0.127217,,
2023-03-01 15:00:00+00:00,0.135356,,
2023-03-01 16:00:00+00:00,0.177029,,
2023-03-01 17:00:00+00:00,0.206806,,
2023-03-01 18:00:00+00:00,0.210715,,
2023-03-01 19:00:00+00:00,0.200889,,
2023-03-01 20:00:00+00:00,0.183387,,
2023-03-01 21:00:00+00:00,0.162898,,
2023-03-01 22:00:00+00:00,0.143321,,
2023-03-01 23:00:00+00:00,0.130454,,
2023-03-02 00:00:00+00:00,0.124407,,
2023-03-02 01:00:00+00:00,0.119202,,
2023-03-02 02:00:00+00:00,0.116002,,
2023-03-02 03:00:00+00:00,0.112018,,
2023-03-02 04:00:00+00:00,0.105029,,
2023-03-02 05:00:00+00:00,0.098901,,
2023-03-02 06:00:00+00:00,0.085152,,
2023-03-02 07:00:00+00:00,0.054752,,
2023-03-02 08:00:00+00:00,0.052605,,
2023-03-02 09:00:00+00:00,0.070881,,
2023-03-02 10:00:00+00:00,0.070543,,
2023-03-02 11:00:00+00:00,0.068313,,
2023-03-02 12:00:00+00:00,0.068101,,
2023-03-02 13:00:00+00:00,0.070234,,
2023-03-02 14:00:00+00:00,0.072007,,
2023-03-02 15:00:00+00:00,0.079205,,
2023-03-02 16:00:00+00:00,0.112521,,
2023-03-02 17:00:00+00:00,0.140498,,
2023-03-02 18:00:00+00:00,0.139206,,
2023-03-02 19:00:00+00:00,0.120681,,
2023-03-02 20:00:00+00:00,0.095011,,
2023-03-02 21:00:00+00:00,0.073882,,
2023-03-02 22:00:00+00:00,0.060518,,
2023-03-02 23:00:00+00:00,0.052295,,
2023-03-03 00:00:00+00:00,0.048651,,
2023-03-03 01:00:00+00:00,0.048421,,
2023-03-03 02:00:00+00:00,0.049724,,
2023-03-03 03:00:00+00:00,0.050345,,
2023-03-03 04:00:00+00:00,0.048552,,
2023-03-03 05:00:00+00:00,0.045015,,
2023-03-03 06:00:00+00:00,0.038791,,
2023-03-03 07:00:00+00:00,0.031292,,
2023-03-03 08:00:00+00:00,0.031049,,
2023-03-03 09:00:00+00:00,0.035432,,
2023-03-03 10:00:00+00:00,0.044939,,
2023-03-03 11:00:00+00:00,0.057963,,
2023-03-03 12:00:00+00:00,0.072771,,
2023-03-03 13:00:00+00:00,0.088352,,
2023-03-03 14:00:00+00:00,0.103931,,
2023-03-03 15:00:00+00:00,0.116992,,
2023-03-03 16:00:00+00:00,0.162552,,
2023-03-03 17:00:00+00:00,0.216088,,
2023-03-03 18:00:00+00:00,0.243644,,
2023-03-03 19:00:00+00:00,0.257059,,
2023-03-03 20:00:00+00:00,0.261837,,
2023-03-03 21:00:00+00:00,0.259758,,
2023-03-03 22:00:00+00:00,0.263563,,
2023-03-03 23:00:00+00:00,0.262101,,
2023-03-04 00:00:00+00:00,0.270699,,
2023-03-04 01:00:00+00:00,0.284459,,
2023-03-04 02:00:00+00:00,0.306258,,
2023-03-04 03:00:00+00:00,0.315984,,
2023-03-04 04:00:00+00:00,0.316294,,
2023-03-04 05:00:00+00:00,0.323626,,
2023-03-04 06:00:00+00:00,0.316236,,
2023-03-04 07:00:00+00:00,0.302032,,
2023-03-04 08:00:00+00:00,0.342407,,
2023-03-04 09:00:00+00:00,0.359553,,
2023-03-04 10:00:00+00:00,0.352854,,
2023-03-04 11:00:00+00:00,0.345104,,
2023-03-04 12:00:00+00:00,0.341737,,
2023-03-04 13:00:00+00:00,0.332741,,
2023-03-04 14:00:00+00:00,0.305532,,
2023-03-04 15:00:00+00:00,0.271734,,
2023-03-04 16:00:00+00:00,0.267452,,
2023-03-04 17:00:00+00:00,0.267774,,
2023-03-04 18:00:00+00:00,0.252259,,
2023-03-04 19:00:00+00:00,0.237896,,
2023-03-04 20:00:00+00:00,0.230038,,
2023-03-04 21:00:00+00:00,0.222232,,
2023-03-04 22:00:00+00:00,0.22727,,
2023-03-04 23:00:00+00:00,0.232417,,
2023-03-05 00:00:00+00:00,0.237188,,
2023-03-05 01:00:00+00:00,0.241491,,
2023-03-05 02:00:00+00:00,0.242181,,
2023-03-05 03:00:00+00:00,0.23436,,
2023-03-05 04:00:00+00:00,0.223112,,
2023-03-05 05:00:00+00:00,0.214436,,
2023-03-05 06:00:00+00:00,0.198074,,
2023-03-05 07:00:00+00:00,0.169327,,
2023-03-05 08:00:00+00:00,0.193746,,
2023-03-05 09:00:00+00:00,0.217262,,
2023-03-05 10:00:00+00:00,0.231949,,
2023-03-05 11:00:00+00:00,0.235604,,
2023-03-05 12:00:00+00:00,0.229815,,
2023-03-05 13:00:00+00:00,0.212268,,
2023-03-05 14:00:00+00:00,0.170091,,
2023-03-05 15:00:00+00:00,0.120634,,
2023-03-05 16:00:00+00:00,0.114567,,
2023-03-05 17:00:00+00:00,0.117539,,
2023-03-05 18:00:00+00:00,0.116375,,
2023-03-05 19:00:00+00:00,0.1159,,
2023-03-05 20:00:00+00:00,0.115251,,
2023-03-05 21:00:00+00:00,0.113847,,
2023-03-05 22:00:00+00:00,0.113111,,
2023-03-05 23:00:00+00:00,0.110574,,
2023-03-06 00:00:00+00:00,0.1094,,
2023-03-06 01:00:00+00:00,0.111043,,
2023-03-06 02:00:00+00:00,0.10969,,
2023-03-06 03:00:00+00:00,0.104665,,
2023-03-06 04:00:00+00:00,0.103524,,
2023-03-06 05:00:00+00:00,0.10412,,
2023-03-06 06:00:00+00:00,0.096523,,
2023-03-06 07:00:00+00:00,0.084969,,
2023-03-06 08:00:00+00:00,0.099599,,
2023-03-06 09:00:00+00:00,0.114101,,
2023-03-06 10:00:00+00:00,0.112019,,
2023-03-06 11:00:00+00:00,0.108747,,
2023-03-06 12:00:00+00:00,0.107045,,
2023-03-06 13:00:00+00:00,0.105069,,
2023-03-06 14:00:00+00:00,0.10017,,
2023-03-06 15:00:00+00:00,0.086806,,
2023-03-06 16:00:00+00:00,0.099423,,
2023-03-06 17:00:00+00:00,0.141099,,
2023-03-06 18:00:00+00:00,0.191295,,
2023-03-06 19:00:00+00:00,0.232506,,
2023-03-06 20:00:00+00:00,0.268602,,
2023-03-06 21:00:00+00:00,0.309241,,
2023-03-06 22:00:00+00:00,0.33493,,
2023-03-06 23:00:00+00:00,0.340385,,
2023-03-07 00:00:00+00:00,0.350959,,
2023-03-07 01:00:00+00:00,0.379765,,
2023-03-07 02:00:00+00:00,0.418765,,
2023-03-07 03:00:00+00:00,0.473536,,
2023-03-07 04:00:00+00:00,0.510902,,
2023-03-07 05:00:00+00:00,0.53752,,
2023-03-07 06:00:00+00:00,0.540277,,
2023-03-07 07:00:00+00:00,0.539295,,
2023-03-07 08:00:00+00:00,0.569494,,
2023-03-07 09:00:00+00:00,0.597371,,
2023-03-07 10:00:00+00:00,0.594601,,
2023-03-07 11:00:00+00:00,0.566644,,
2023-03-07 12:00:00+00:00,0.523385,,
2023-03-07 13:00:00+00:00,0.466656,,
2023-03-07 14:00:00+00:00,0.392587,,
2023-03-07 15:00:00+00:00,0.321094,,
2023-03-07 16:00:00+00:00,0.283908,,
2023-03-07 17:00:00+00:00,0.267492,,
2023-03-07 18:00:00+00:00,0.254774,,
2023-03-07 19:00:00+00:00,0.242409,,
2023-03-07 20:00:00+00:00,0.228237,,
2023-03-07 21:00:00+00:00,0.217796,,
2023-03-07 22:00:00+00:00,0.207836,,
2023-03-07 23:00:00+00:00,0.192444,,
2023-03-08 00:00:00+00:00,0.176858,,
2023-03-08 01:00:00+00:00,0.169909,,
2023-03-08 02:00:00+00:00,0.159425,,
2023-03-08 03:00:00+00:00,0.139273,,
2023-03-08 04:00:00+00:00,0.121082,,
2023-03-08 05:00:00+00:00,0.106909,,
2023-03-08 06:00:00+00:00,0.090341,,
2023-03-08 07:00:00+00:00,0.078091,,
2023-03-08 08:00:00+00:00,0.086108,,
2023-03-08 09:00:00+00:00,0.10354,,
2023-03-08 10:00:00+00:00,0.120161,,
2023-03-08 11:00:00+00:00,0.134634,,
2023-03-08 12:00:00+00:00,0.14205,,
2023-03-08 13:00:00+00:00,0.139805,,
2023-03-08 14:00:00+00:00,0.138258,,
2023-03-08 15:00:00+00:00,0.136982,,
2023-03-08 16:00:00+00:00,0.142409,,
2023-03-08 17:00:00+00:00,0.154405,,
2023-03-08 18:00:00+00:00,0.159981,,
2023-03-08 19:00:00+00:00,0.160662,,
2023-03-08 20:00:00+00:00,0.158232,,
2023-03-08 21:00:00+00:00,0.155215,,
2023-03-08 22:00:00+00:00,0.165528,,
2023-03-08 23:00:00+00:00,0.190994,,
2023-03-09 00:00:00+00:00,0.209542,,
2023-03-09 01:00:00+00:00,0.221548,,
2023-03-09 02:00:00+00:00,0.224468,,
2023-03-09 03:00:00+00:00,0.224631,,
2023-03-09 04:00:00+00:00,0.221454,,
2023-03-09 05:00:00+00:00,0.215263,,
2023-03-09 06:00:00+00:00,0.195969,,
2023-03-09 07:00:00+00:00,0.178562,,
2023-03-09 08:00:00+00:00,0.176427,,
2023-03-09 09:00:00+00:00,0.169566,,
2023-03-09 10:00:00+00:00,0.168324,,
2023-03-09 11:00:00+00:00,0.164823,,
2023-03-09 12:00:00+00:00,0.161243,,
2023-03-09 13:00:00+00:00,0.155259,,
2023-03-09 14:00:00+00:00,0.14504,,
2023-03-09 15:00:00+00:00,0.138095,,
2023-03-09 16:00:00+00:00,0.144223,,
2023-03-09 17:00:00+00:00,0.16206,,
2023-03-09 18:00:00+00:00,0.17704,,
2023-03-09 19:00:00+00:00,0.184387,,
2023-03-09 20:00:00+00:00,0.19289,,
2023-03-09 21:00:00+00:00,0.203717,,
2023-03-09 22:00:00+00:00,0.225021,,
2023-03-09 23:00:00+00:00,0.246741,,
2023-03-10 00:00:00+00:00,0.26756,,
2023-03-10 01:00:00+00:00,0.285843,,
2023-03-10 02:00:00+00:00,0.306346,,
2023-03-10 03:00:00+00:00,0.331135,,
2023-03-10 04:00:00+00:00,0.343802,,
2023-03-10 05:00:00+00:00,0.344617,,
2023-03-10 06:00:00+00:00,0.321495,,
2023-03-10 07:00:00+00:00,0.299173,,
2023-03-10 08:00:00+00:00,0.320148,,
2023-03-10 09:00:00+00:00,0.327472,,
2023-03-10 10:00:00+00:00,0.323682,,
2023-03-10 11:00:00+00:00,0.319786,,
2023-03-10 12:00:00+00:00,0.322418,,
2023-03-10 13:00:00+00:00,0.322596,,
2023-03-10 14:00:00+00:00,0.320787,,
2023-03-10 15:00:00+00:00,0.33437,,
2023-03-10 16:00:00+00:00,0.366256,,
2023-03-10 17:00:00+00:00,0.407461,,
2023-03-10 18:00:00+00:00,0.44209,,
2023-03-10 19:00:00+00:00,0.457855,,
2023-03-10 20:00:00+00:00,0.454671,,
2023-03-10 21:00:00+00:00,0.447769,,
2023-03-10 22:00:00+00:00,0.437649,,
2023-03-10 23:00:00+00:00,0.434578,,
2023-03-11 00:00:00+00:00,0.42438,,
2023-03-11 01:00:00+00:00,0.414564,,
2023-03-11 02:00:00+00:00,0.40075,,
2023-03-11 03:00:00+00:00,0.380715,,
2023-03-11 04:00:00+00:00,0.347889,,
2023-03-11 05:00:00+00:00,0.307817,,
2023-03-11 06:00:00+00:00,0.251897,,
2023-03-11 07:00:00+00:00,0.221136,,
2023-03-11 08:00:00+00:00,0.21281,,
2023-03-11 09:00:00+00:00,0.198205,,
2023-03-11 10:00:00+00:00,0.192655,,
2023-03-11 11:00:00+00:00,0.208885,,
2023-03-11 12:00:00+00:00,0.241249,,
2023-03-11 13:00:00+00:00,0.265446,,
2023-03-11 14:00:00+00:00,0.255542,,
2023-03-11 15:00:00+00:00,0.220104,,
2023-03-11 16:00:00+00:00,0.210809,,
2023-03-11 17:00:00+00:00,0.222728,,
2023-03-11 18:00:00+00:00,0.222173,,
2023-03-11 19:00:00+00:00,0.220861,,
2023-03-11 20:00:00+00:00,0.216256,,
2023-03-11 21:00:00+00:00,0.208289,,
2023-03-11 22:00:00+00:00,0.203647,,
2023-03-11 23:00:00+00:00,0.199511,,
2023-03-12 00:00:00+00:00,0.189227,,
2023-03-12 01:00:00+00:00,0.17462,,
2023-03-12 02:00:00+00:00,0.161629,,
2023-03-12 03:00:00+00:00,0.149126,,
2023-03-12 04:00:00+00:00,0.138373,,
2023-03-12 05:00:00+00:00,0.132859,,
2023-03-12 06:00:00+00:00,0.120022,,
2023-03-12 07:00:00+00:00,0.11002,,
2023-03-12 08:00:00+00:00,0.136108,,
2023-03-12 09:00:00+00:00,0.180514,,
2023-03-12 10:00:00+00:00,0.236081,,
2023-03-12 11:00:00+00:00,0.29163,,
2023-03-12 12:00:00+00:00,0.328408,,
2023-03-12 13:00:00+00:00,0.345949,,
2023-03-12 14:00:00+00:00,0.32927,,
2023-03-12 15:00:00+00:00,0.334778,,
2023-03-12 16:00:00+00:00,0.372788,,
2023-03-12 17:00:00+00:00,0.419847,,
2023-03-12 18:00:00+00:00,0.429656,,
2023-03-12 19:00:00+00:00,0.420192,,
2023-03-12 20:00:00+00:00,0.411279,,
2023-03-12 21:00:00+00:00,0.407888,,
2023-03-12 22:00:00+00:00,0.399512,,
2023-03-12 23:00:00+00:00,0.403366,,
2023-03-13 00:00:00+00:00,0.411568,,
2023-03-13 01:00:00+00:00,0.422112,,
2023-03-13 02:00:00+00:00,0.443585,,
2023-03-13 03:00:00+00:00,0.479724,,
2023-03-13 04:00:00+00:00,0.52647,,
2023-03-13 05:00:00+00:00,0.58924,,
2023-03-13 06:00:00+00:00,0.659115,,
2023-03-13 07:00:00+00:00,0.700983,,
2023-03-13 08:00:00+00:00,0.744375,,
2023-03-13 09:00:00+00:00,0.784748,,
2023-03-13 10:00:00+00:00,0.819048,,
2023-03-13 11:00:00+00:00,0.838053,,
2023-03-13 12:00:00+00:00,0.835564,,
2023-03-13 13:00:00+00:00,0.817937,,
2023-03-13 14:00:00+00:00,0.783951,,
2023-03-13 15:00:00+00:00,0.749596,,
2023-03-13 16:00:00+00:00,0.729117,,
2023-03-13 17:00:00+00:00,0.71479,,
2023-03-13 18:00:00+00:00,0.689329,,
2023-03-13 19:00:00+00:00,0.649629,,
2023-03-13 20:00:00+00:00,0.600959,,
2023-03-13 21:00:00+00:00,0.543671,,
2023-03-13 22:00:00+00:00,0.521989,,
2023-03-13 23:00:00+00:00,0.502285,,
2023-03-14 00:00:00+00:00,0.512339,,
2023-03-14 01:00:00+00:00,0.519709,,
2023-03-14 02:00:00+00:00,0.536562,,
2023-03-14 03:00:00+00:00,0.55326,,
2023-03-14 04:00:00+00:00,0.558837,,
2023-03-14 05:00:00+00:00,0.567751,,
2023-03-14 06:00:00+00:00,0.539621,,
2023-03-14 07:00:00+00:00,0.527885,,
2023-03-14 08:00:00+00:00,0.597909,,
2023-03-14 09:00:00+00:00,0.658342,,
2023-03-14 10:00:00+00:00,0.671622,,
2023-03-14 11:00:00+00:00,0.665252,,
2023-03-14 12:00:00+00:00,0.658102,,
2023-03-14 13:00:00+00:00,0.658399,,
2023-03-14 14:00:00+00:00,0.637918,,
2023-03-14 15:00:00+00:00,0.600692,,
2023-03-14 16:00:00+00:00,0.549735,,
2023-03-14 17:00:00+00:00,0.496484,,
2023-03-14 18:00:00+00:00,0.417752,,
2023-03-14 19:00:00+00:00,0.359088,,
2023-03-14 20:00:00+00:00,0.323216,,
2023-03-14 21:00:00+00:00,0.292029,,
2023-03-14 22:00:00+00:00,0.267427,,
2023-03-14 23:00:00+00:00,0.251705,,
2023-03-15 00:00:00+00:00,0.246489,,
2023-03-15 01:00:00+00:00,0.243396,,
2023-03-15 02:00:00+00:00,0.235156,,
2023-03-15 03:00:00+00:00,0.223007,,
2023-03-15 04:00:00+00:00,0.213019,,
2023-03-15 05:00:00+00:00,0.196452,,
2023-03-15 06:00:00+00:00,0.179745,,
2023-03-15 07:00:00+00:00,0.176328,,
2023-03-15 08:00:00+00:00,0.19883,,
2023-03-15 09:00:00+00:00,0.216701,,
2023-03-15 10:00:00+00:00,0.230449,,
2023-03-15 11:00:00+00:00,0.243016,,
2023-03-15 12:00:00+00:00,0.254175,,
2023-03-15 13:00:00+00:00,0.255905,,
2023-03-15 14:00:00+00:00,0.234947,,
2023-03-15 15:00:00+00:00,0.190612,,
2023-03-15 16:00:00+00:00,0.162471,,
2023-03-15 17:00:00+00:00,0.157564,,
2023-03-15 18:00:00+00:00,0.150188,,
2023-03-15 19:00:00+00:00,0.158232,,
2023-03-15 20:00:00+00:00,0.177632,,
2023-03-15 21:00:00+00:00,0.192542,,
2023-03-15 22:00:00+00:00,0.201307,,
2023-03-15 23:00:00+00:00,0.206662,,
2023-03-16 00:00:00+00:00,0.207976,,
2023-03-16 01:00:00+00:00,0.205908,,
2023-03-16 02:00:00+00:00,0.199053,,
2023-03-16 03:00:00+00:00,0.192263,,
2023-03-16 04:00:00+00:00,0.196215,,
2023-03-16 05:00:00+00:00,0.192407,,
2023-03-16 06:00:00+00:00,0.163946,,
2023-03-16 07:00:00+00:00,0.150863,,
2023-03-16 08:00:00+00:00,0.179787,,
2023-03-16 09:00:00+00:00,0.219828,,
2023-03-16 10:00:00+00:00,0.244483,,
2023-03-16 11:00:00+00:00,0.265822,,
2023-03-16 12:00:00+00:00,0.287458,,
2023-03-16 13:00:00+00:00,0.309809,,
2023-03-16 14:00:00+00:00,0.321772,,
2023-03-16 15:00:00+00:00,0.336766,,
2023-03-16 16:00:00+00:00,0.376083,,
2023-03-16 17:00:00+00:00,0.428122,,
2023-03-16 18:00:00+00:00,0.441605,,
2023-03-16 19:00:00+00:00,0.441677,,
2023-03-16 20:00:00+00:00,0.439935,,
2023-03-16 21:00:00+00:00,0.429084,,
2023-03-16 22:00:00+00:00,0.414477,,
2023-03-16 23:00:00+00:00,0.398972,,
2023-03-17 00:00:00+00:00,0.373618,,
2023-03-17 01:00:00+00:00,0.343182,,
2023-03-17 02:00:00+00:00,0.324785,,
2023-03-17 03:00:00+00:00,0.316707,,
2023-03-17 04:00:00+00:00,0.309595,,
2023-03-17 05:00:00+00:00,0.30518,,
2023-03-17 06:00:00+00:00,0.262283,,
2023-03-17 07:00:00+00:00,0.204638,,
2023-03-17 08:00:00+00:00,0.210399,,
2023-03-17 09:00:00+00:00,0.260422,,
2023-03-17 10:00:00+00:00,0.266302,,
2023-03-17 11:00:00+00:00,0.260522,,
2023-03-17 12:00:00+00:00,0.245878,,
2023-03-17 13:00:00+00:00,0.215477,,
2023-03-17 14:00:00+00:00,0.19707,,
2023-03-17 15:00:00+00:00,0.212263,,
2023-03-17 16:00:00+00:00,0.252991,,
2023-03-17 17:00:00+00:00,0.28108,,
2023-03-17 18:00:00+00:00,0.282873,,
2023-03-17 19:00:00+00:00,0.27092,,
2023-03-17 20:00:00+00:00,0.255433,,
2023-03-17 21:00:00+00:00,0.246545,,
2023-03-17 22:00:00+00:00,0.235238,,
2023-03-17 23:00:00+00:00,0.223762,,
2023-03-18 00:00:00+00:00,0.219797,,
2023-03-18 01:00:00+00:00,0.211697,,
2023-03-18 02:00:00+00:00,0.208678,,
2023-03-18 03:00:00+00:00,0.213075,,
2023-03-18 04:00:00+00:00,0.207869,,
2023-03-18 05:00:00+00:00,0.196577,,
2023-03-18 06:00:00+00:00,0.160291,,
2023-03-18 07:00:00+00:00,0.115616,,
2023-03-18 08:00:00+00:00,0.109238,,
2023-03-18 09:00:00+00:00,0.12415,,
2023-03-18 10:00:00+00:00,0.124969,,
2023-03-18 11:00:00+00:00,0.117442,,
2023-03-18 12:00:00+00:00,0.100407,,
2023-03-18 13:00:00+00:00,0.079427,,
2023-03-18 14:00:00+00:00,0.060108,,
2023-03-18 15:00:00+00:00,0.047243,,
2023-03-18 16:00:00+00:00,0.050365,,
2023-03-18 17:00:00+00:00,0.066355,,
2023-03-18 18:00:00+00:00,0.084563,,
2023-03-18 19:00:00+00:00,0.10271,,
2023-03-18 20:00:00+00:00,0.120742,,
2023-03-18 21:00:00+00:00,0.136566,,
2023-03-18 22:00:00+00:00,0.14642,,
2023-03-18 23:00:00+00:00,0.153987,,
2023-03-19 00:00:00+00:00,0.163841,,
2023-03-19 01:00:00+00:00,0.167531,,
2023-03-19 02:00:00+00:00,0.159496,,
2023-03-19 03:00:00+00:00,0.145559,,
2023-03-19 04:00:00+00:00,0.135409,,
2023-03-19 05:00:00+00:00,0.131544,,
2023-03-19 06:00:00+00:00,0.110418,,
2023-03-19 07:00:00+00:00,0.074036,,
2023-03-19 08:00:00+00:00,0.062266,,
2023-03-19 09:00:00+00:00,0.070082,,
2023-03-19 10:00:00+00:00,0.079149,,
2023-03-19 11:00:00+00:00,0.081494,,
2023-03-19 12:00:00+00:00,0.076713,,
2023-03-19 13:00:00+00:00,0.067003,,
2023-03-19 14:00:00+00:00,0.056915,,
2023-03-19 15:00:00+00:00,0.055722,,
2023-03-19 16:00:00+00:00,0.065987,,
2023-03-19 17:00:00+00:00,0.080649,,
2023-03-19 18:00:00+00:00,0.092552,,
2023-03-19 19:00:00+00:00,0.104352,,
2023-03-19 20:00:00+00:00,0.117111,,
2023-03-19 21:00:00+00:00,0.12779,,
2023-03-19 22:00:00+00:00,0.129478,,
2023-03-19 23:00:00+00:00,0.132425,,
2023-03-20 00:00:00+00:00,0.136561,,
2023-03-20 01:00:00+00:00,0.137016,,
2023-03-20 02:00:00+00:00,0.129406,,
2023-03-20 03:00:00+00:00,0.11646,,
2023-03-20 04:00:00+00:00,0.108058,,
2023-03-20 05:00:00+00:00,0.108686,,
2023-03-20 06:00:00+00:00,0.110521,,
2023-03-20 07:00:00+00:00,0.111007,,
2023-03-20 08:00:00+00:00,0.132575,,
2023-03-20 09:00:00+00:00,0.170784,,
2023-03-20 10:00:00+00:00,0.200691,,
2023-03-20 11:00:00+00:00,0.222687,,
2023-03-20 12:00:00+00:00,0.239635,,
2023-03-20 13:00:00+00:00,0.238558,,
2023-03-20 14:00:00+00:00,0.213717,,
2023-03-20 15:00:00+00:00,0.178941,,
2023-03-20 16:00:00+00:00,0.157744,,
2023-03-20 17:00:00+00:00,0.156366,,
2023-03-20 18:00:00+00:00,0.153422,,
2023-03-20 19:00:00+00:00,0.149506,,
2023-03-20 20:00:00+00:00,0.149267,,
2023-03-20 21:00:00+00:00,0.14851,,
2023-03-20 22:00:00+00:00,0.142522,,
2023-03-20 23:00:00+00:00,0.129509,,
2023-03-21 00:00:00+00:00,0.11304,,
2023-03-21 01:00:00+00:00,0.100438,,
2023-03-21 02:00:00+00:00,0.093051,,
2023-03-21 03:00:00+00:00,0.090905,,
2023-03-21 04:00:00+00:00,0.095084,,
2023-03-21 05:00:00+00:00,0.105014,,
2023-03-21 06:00:00+00:00,0.104044,,
2023-03-21 07:00:00+00:00,0.098795,,
2023-03-21 08:00:00+00:00,0.111464,,
2023-03-21 09:00:00+00:00,0.130132,,
2023-03-21 10:00:00+00:00,0.1521,,
2023-03-21 11:00:00+00:00,0.167632,,
2023-03-21 12:00:00+00:00,0.177294,,
2023-03-21 13:00:00+00:00,0.181946,,
2023-03-21 14:00:00+00:00,0.17566,,
2023-03-21 15:00:00+00:00,0.174012,,
2023-03-21 16:00:00+00:00,0.185075,,
2023-03-21 17:00:00+00:00,0.206653,,
2023-03-21 18:00:00+00:00,0.232989,,
2023-03-21 19:00:00+00:00,0.247807,,
2023-03-21 20:00:00+00:00,0.256941,,
2023-03-21 21:00:00+00:00,0.264526,,
2023-03-21 22:00:00+00:00,0.268683,,
2023-03-21 23:00:00+00:00,0.266217,,
2023-03-22 00:00:00+00:00,0.267759,,
2023-03-22 01:00:00+00:00,0.262232,,
2023-03-22 02:00:00+00:00,0.251628,,
2023-03-22 03:00:00+00:00,0.244493,,
2023-03-22 04:00:00+00:00,0.243393,,
2023-03-22 05:00:00+00:00,0.254133,,
2023-03-22 06:00:00+00:00,0.253933,,
2023-03-22 07:00:00+00:00,0.268718,,
2023-03-22 08:00:00+00:00,0.36979,,
2023-03-22 09:00:00+00:00,0.455483,,
2023-03-22 10:00:00+00:00,0.505255,,
2023-03-22 11:00:00+00:00,0.524985,,
2023-03-22 12:00:00+00:00,0.529942,,
2023-03-22 13:00:00+00:00,0.526686,,
2023-03-22 14:00:00+00:00,0.499833,,
2023-03-22 15:00:00+00:00,0.468021,,
2023-03-22 16:00:00+00:00,0.45246,,
2023-03-22 17:00:00+00:00,0.440948,,
2023-03-22 18:00:00+00:00,0.418496,,
2023-03-22 19:00:00+00:00,0.399166,,
2023-03-22 20:00:00+00:00,0.389574,,
2023-03-22 21:00:00+00:00,0.390117,,
2023-03-22 22:00:00+00:00,0.378232,,
2023-03-22 23:00:00+00:00,0.381779,,
2023-03-23 00:00:00+00:00,0.407515,,
2023-03-23 01:00:00+00:00,0.434758,,
2023-03-23 02:00:00+00:00,0.455798,,
2023-03-23 03:00:00+00:00,0.478248,,
2023-03-23 04:00:00+00:00,0.494404,,
2023-03-23 05:00:00+00:00,0.501463,,
2023-03-23 06:00:00+00:00,0.491728,,
2023-03-23 07:00:00+00:00,0.481742,,
2023-03-23 08:00:00+00:00,0.526975,,
2023-03-23 09:00:00+00:00,0.58492,,
2023-03-23 10:00:00+00:00,0.607875,,
2023-03-23 11:00:00+00:00,0.604369,,
2023-03-23 12:00:00+00:00,0.587374,,
2023-03-23 13:00:00+00:00,0.54958,,
2023-03-23 14:00:00+00:00,0.468026,,
2023-03-23 15:00:00+00:00,0.365634,,
2023-03-23 16:00:00+00:00,0.32456,,
2023-03-23 17:00:00+00:00,0.347015,,
2023-03-23 18:00:00+00:00,0.3467,,
2023-03-23 19:00:00+00:00,0.334371,,
2023-03-23 20:00:00+00:00,0.332335,,
2023-03-23 21:00:00+00:00,0.339383,,
2023-03-23 22:00:00+00:00,0.35784,,
2023-03-23 23:00:00+00:00,0.387981,,
2023-03-24 00:00:00+00:00,0.419602,,
2023-03-24 01:00:00+00:00,0.43799,,
2023-03-24 02:00:00+00:00,0.445208,,
2023-03-24 03:00:00+00:00,0.456908,,
2023-03-24 04:00:00+00:00,0.45803,,
2023-03-24 05:00:00+00:00,0.481954,,
2023-03-24 06:00:00+00:00,0.50097,,
2023-03-24 07:00:00+00:00,0.534273,,
2023-03-24 08:00:00+00:00,0.599148,,
2023-03-24 09:00:00+00:00,0.640416,,
2023-03-24 10:00:00+00:00,0.660768,,
2023-03-24 11:00:00+00:00,0.664295,,
2023-03-24 12:00:00+00:00,0.650347,,
2023-03-24 13:00:00+00:00,0.615795,,
2023-03-24 14:00:00+00:00,0.551675,,
2023-03-24 15:00:00+00:00,0.442901,,
2023-03-24 16:00:00+00:00,0.352997,,
2023-03-24 17:00:00+00:00,0.363245,,
2023-03-24 18:00:00+00:00,0.384107,,
2023-03-24 19:00:00+00:00,0.396083,,
2023-03-24 20:00:00+00:00,0.397768,,
2023-03-24 21:00:00+00:00,0.396128,,
2023-03-24 22:00:00+00:00,0.411728,,
2023-03-24 23:00:00+00:00,0.428209,,
2023-03-25 00:00:00+00:00,0.430832,,
2023-03-25 01:00:00+00:00,0.438636,,
2023-03-25 02:00:00+00:00,0.44463,,
2023-03-25 03:00:00+00:00,0.459165,,
2023-03-25 04:00:00+00:00,0.468756,,
2023-03-25 05:00:00+00:00,0.476908,,
2023-03-25 06:00:00+00:00,0.481712,,
2023-03-25 07:00:00+00:00,0.54006,,
2023-03-25 08:00:00+00:00,0.616114,,
2023-03-25 09:00:00+00:00,0.646202,,
2023-03-25 10:00:00+00:00,0.648503,,
2023-03-25 11:00:00+00:00,0.644119,,
2023-03-25 12:00:00+00:00,0.634042,,
2023-03-25 13:00:00+00:00,0.621446,,
2023-03-25 14:00:00+00:00,0.582914,,
2023-03-25 15:00:00+00:00,0.536782,,
2023-03-25 16:00:00+00:00,0.520883,,
2023-03-25 17:00:00+00:00,0.52607,,
2023-03-25 18:00:00+00:00,0.52544,,
2023-03-25 19:00:00+00:00,0.521154,,
2023-03-25 20:00:00+00:00,0.50706,,
2023-03-25 21:00:00+00:00,0.481921,,
2023-03-25 22:00:00+00:00,0.456477,,
2023-03-25 23:00:00+00:00,0.427587,,
2023-03-26 00:00:00+00:00,0.404898,,
2023-03-26 01:00:00+00:00,0.368782,,
2023-03-26 02:00:00+00:00,0.321508,,
2023-03-26 03:00:00+00:00,0.279751,,
2023-03-26 04:00:00+00:00,0.245814,,
2023-03-26 05:00:00+00:00,0.207955,,
2023-03-26 06:00:00+00:00,0.161038,,
2023-03-26 07:00:00+00:00,0.163696,,
2023-03-26 08:00:00+00:00,0.166347,,
2023-03-26 09:00:00+00:00,0.17317,,
2023-03-26 10:00:00+00:00,0.1825,,
2023-03-26 11:00:00+00:00,0.196252,,
2023-03-26 12:00:00+00:00,0.205699,,
2023-03-26 13:00:00+00:00,0.207062,,
2023-03-26 14:00:00+00:00,0.202238,,
2023-03-26 15:00:00+00:00,0.203787,,
2023-03-26 16:00:00+00:00,0.215802,,
2023-03-26 17:00:00+00:00,0.238454,,
2023-03-26 18:00:00+00:00,0.2542,,
2023-03-26 19:00:00+00:00,0.265149,,
2023-03-26 20:00:00+00:00,0.264624,,
2023-03-26 21:00:00+00:00,0.269391,,
2023-03-26 22:00:00+00:00,0.275443,,
2023-03-26 23:00:00+00:00,0.280835,,
2023-03-27 00:00:00+00:00,0.293906,,
2023-03-27 01:00:00+00:00,0.304578,,
2023-03-27 02:00:00+00:00,0.309205,,
2023-03-27 03:00:00+00:00,0.288405,,
2023-03-27 04:00:00+00:00,0.25534,,
2023-03-27 05:00:00+00:00,0.22744,,
2023-03-27 06:00:00+00:00,0.212173,,
2023-03-27 07:00:00+00:00,0.27622,,
2023-03-27 08:00:00+00:00,0.332851,,
2023-03-27 09:00:00+00:00,0.346505,,
2023-03-27 10:00:00+00:00,0.36039,,
2023-03-27 11:00:00+00:00,0.387872,,
2023-03-27 12:00:00+00:00,0.421961,,
2023-03-27 13:00:00+00:00,0.448316,,
2023-03-27 14:00:00+00:00,0.45836,,
2023-03-27 15:00:00+00:00,0.429795,,
2023-03-27 16:00:00+00:00,0.377307,,
2023-03-27 17:00:00+00:00,0.39183,,
2023-03-27 18:00:00+00:00,0.414807,,
2023-03-27 19:00:00+00:00,0.413196,,
2023-03-27 20:00:00+00:00,0.412006,,
2023-03-27 21:00:00+00:00,0.40151,,
2023-03-27 22:00:00+00:00,0.386188,,
2023-03-27 23:00:00+00:00,0.370411,,
2023-03-28 00:00:00+00:00,0.345612,,
2023-03-28 01:00:00+00:00,0.320394,,
2023-03-28 02:00:00+00:00,0.286506,,
2023-03-28 03:00:00+00:00,0.247314,,
2023-03-28 04:00:00+00:00,0.213742,,
2023-03-28 05:00:00+00:00,0.186781,,
2023-03-28 06:00:00+00:00,0.164019,,
2023-03-28 07:00:00+00:00,0.177539,,
2023-03-28 08:00:00+00:00,0.180895,,
2023-03-28 09:00:00+00:00,0.168516,,
2023-03-28 10:00:00+00:00,0.158557,,
2023-03-28 11:00:00+00:00,0.154244,,
2023-03-28 12:00:00+00:00,0.149411,,
2023-03-28 13:00:00+00:00,0.140231,,
2023-03-28 14:00:00+00:00,0.124671,,
2023-03-28 15:00:00+00:00,0.102091,,
2023-03-28 16:00:00+00:00,0.082135,,
2023-03-28 17:00:00+00:00,0.089243,,
2023-03-28 18:00:00+00:00,0.117747,,
2023-03-28 19:00:00+00:00,0.155032,,
2023-03-28 20:00:00+00:00,0.185669,,
2023-03-28 21:00:00+00:00,0.198263,,
2023-03-28 22:00:00+00:00,0.202586,,
2023-03-28 23:00:00+00:00,0.20434,,
2023-03-29 00:00:00+00:00,0.210672,,
2023-03-29 01:00:00+00:00,0.213148,,
2023-03-29 02:00:00+00:00,0.214161,,
2023-03-29 03:00:00+00:00,0.218682,,
2023-03-29 04:00:00+00:00,0.219021,,
2023-03-29 05:00:00+00:00,0.203406,,
2023-03-29 06:00:00+00:00,0.1502,,
2023-03-29 07:00:00+00:00,0.138933,,
2023-03-29 08:00:00+00:00,0.140748,,
2023-03-29 09:00:00+00:00,0.146829,,
2023-03-29 10:00:00+00:00,0.158574,,
2023-03-29 11:00:00+00:00,0.168669,,
2023-03-29 12:00:00+00:00,0.175348,,
2023-03-29 13:00:00+00:00,0.173025,,
2023-03-29 14:00:00+00:00,0.155786,,
2023-03-29 15:00:00+00:00,0.128109,,
2023-03-29 16:00:00+00:00,0.132814,,
2023-03-29 17:00:00+00:00,0.16196,,
2023-03-29 18:00:00+00:00,0.196516,,
2023-03-29 19:00:00+00:00,0.225021,,
2023-03-29 20:00:00+00:00,0.24864,,
2023-03-29 21:00:00+00:00,0.262459,,
2023-03-29 22:00:00+00:00,0.27504,,
2023-03-29 23:00:00+00:00,0.288274,,
2023-03-30 00:00:00+00:00,0.306175,,
2023-03-30 01:00:00+00:00,0.31742,,
2023-03-30 02:00:00+00:00,0.329456,,
2023-03-30 03:00:00+00:00,0.337869,,
2023-03-30 04:00:00+00:00,0.341763,,
2023-03-30 05:00:00+00:00,0.336992,,
2023-03-30 06:00:00+00:00,0.335825,,
2023-03-30 07:00:00+00:00,0.369057,,
2023-03-30 08:00:00+00:00,0.446125,,
2023-03-30 09:00:00+00:00,0.513248,,
2023-03-30 10:00:00+00:00,0.555547,,
2023-03-30 11:00:00+00:00,0.58871,,
2023-03-30 12:00:00+00:00,0.593071,,
2023-03-30 13:00:00+00:00,0.581091,,
2023-03-30 14:00:00+00:00,0.556044,,
2023-03-30 15:00:00+00:00,0.488517,,
2023-03-30 16:00:00+00:00,0.430395,,
2023-03-30 17:00:00+00:00,0.42174,,
2023-03-30 18:00:00+00:00,0.403088,,
2023-03-30 19:00:00+00:00,0.363969,,
2023-03-30 20:00:00+00:00,0.341849,,
2023-03-30 21:00:00+00:00,0.337805,,
2023-03-30 22:00:00+00:00,0.338202,,
2023-03-30 23:00:00+00:00,0.32093,,
2023-03-31 00:00:00+00:00,0.313181,,
2023-03-31 01:00:00+00:00,0.309301,,
2023-03-31 02:00:00+00:00,0.285106,,
2023-03-31 03:00:00+00:00,0.25381,,
2023-03-31 04:00:00+00:00,0.231159,,
2023-03-31 05:00:00+00:00,0.217447,,
2023-03-31 06:00:00+00:00,0.198012,,
2023-03-31 07:00:00+00:00,0.218661,,
2023-03-31 08:00:00+00:00,0.270804,,
2023-03-31 09:00:00+00:00,0.313773,,
2023-03-31 10:00:00+00:00,0.339959,,
2023-03-31 11:00:00+00:00,0.339228,,
2023-03-31 12:00:00+00:00,0.319665,,
2023-03-31 13:00:00+00:00,0.299527,,
2023-03-31 14:00:00+00:00,0.283288,,
2023-03-31 15:00:00+00:00,0.273611,,
2023-03-31 16:00:00+00:00,0.280816,,
2023-03-31 17:00:00+00:00,0.299231,,
2023-03-31 18:00:00+00:00,0.310388,,
2023-03-31 19:00:00+00:00,0.309728,,
2023-03-31 20:00:00+00:00,0.301329,,
2023-03-31 21:00:00+00:00,0.29895,,
2023-03-31 22:00:00+00:00,0.308256,,
2023-03-31 23:00:00+00:00,0.322237,,
2023-04-01 00:00:00+00:00,0.334011,,
2023-04-01 01:00:00+00:00,0.343634,,
2023-04-01 02:00:00+00:00,0.347925,,
2023-04-01 03:00:00+00:00,0.352244,,
2023-04-01 04:00:00+00:00,0.358636,,
2023-04-01 05:00:00+00:00,0.35325,,
2023-04-01 06:00:00+00:00,0.345286,,
2023-04-01 07:00:00+00:00,0.355174,,
2023-04-01 08:00:00+00:00,0.37713,,
2023-04-01 09:00:00+00:00,0.387472,,
2023-04-01 10:00:00+00:00,0.391708,,
2023-04-01 11:00:00+00:00,0.396338,,
2023-04-01 12:00:00+00:00,0.402011,,
2023-04-01 13:00:00+00:00,0.403275,,
2023-04-01 14:00:00+00:00,0.400659,,
2023-04-01 15:00:00+00:00,0.390531,,
2023-04-01 16:00:00+00:00,0.37981,,
2023-04-01 17:00:00+00:00,0.381952,,
2023-04-01 18:00:00+00:00,0.389403,,
2023-04-01 19:00:00+00:00,0.390047,,
2023-04-01 20:00:00+00:00,0.379875,,
2023-04-01 21:00:00+00:00,0.369538,,
2023-04-01 22:00:00+00:00,0.360815,,
2023-04-01 23:00:00+00:00,0.339887,,
2023-04-02 00:00:00+00:00,0.321667,,
2023-04-02 01:00:00+00:00,0.306894,,
2023-04-02 02:00:00+00:00,0.297996,,
2023-04-02 03:00:00+00:00,0.286739,,
2023-04-02 04:00:00+00:00,0.279497,,
2023-04-02 05:00:00+00:00,0.269496,,
2023-04-02 06:00:00+00:00,0.278022,,
2023-04-02 07:00:00+00:00,0.328335,,
2023-04-02 08:00:00+00:00,0.31239,,
2023-04-02 09:00:00+00:00,0.294888,,
2023-04-02 10:00:00+00:00,0.283351,,
2023-04-02 11:00:00+00:00,0.278517,,
2023-04-02 12:00:00+00:00,0.277805,,
2023-04-02 13:00:00+00:00,0.280032,,
2023-04-02 14:00:00+00:00,0.287179,,
2023-04-02 15:00:00+00:00,0.294454,,
2023-04-02 16:00:00+00:00,0.281168,,
2023-04-02 17:00:00+00:00,0.270403,,
2023-04-02 18:00:00+00:00,0.283731,,
2023-04-02 19:00:00+00:00,0.270923,,
2023-04-02 20:00:00+00:00,0.250102,,
2023-04-02 21:00:00+00:00,0.236822,,
2023-04-02 22:00:00+00:00,0.228195,,
2023-04-02 23:00:00+00:00,0.214858,,
2023-04-03 00:00:00+00:00,0.201608,,
2023-04-03 01:00:00+00:00,0.191194,,
2023-04-03 02:00:00+00:00,0.183937,,
2023-04-03 03:00:00+00:00,0.17604,,
2023-04-03 04:00:00+00:00,0.165938,,
2023-04-03 05:00:00+00:00,0.143973,,
2023-04-03 06:00:00+00:00,0.127225,,
2023-04-03 07:00:00+00:00,0.174289,,
2023-04-03 08:00:00+00:00,0.198766,,
2023-04-03 09:00:00+00:00,0.201398,,
2023-04-03 10:00:00+00:00,0.194298,,
2023-04-03 11:00:00+00:00,0.186599,,
2023-04-03 12:00:00+00:00,0.18215,,
2023-04-03 13:00:00+00:00,0.181573,,
2023-04-03 14:00:00+00:00,0.183862,,
2023-04-03 15:00:00+00:00,0.189468,,
2023-04-03 16:00:00+00:00,0.187208,,
2023-04-03 17:00:00+00:00,0.202534,,
2023-04-03 18:00:00+00:00,0.236293,,
2023-04-03 19:00:00+00:00,0.234031,,
2023-04-03 20:00:00+00:00,0.214821,,
2023-04-03 21:00:00+00:00,0.195848,,
2023-04-03 22:00:00+00:00,0.181255,,
2023-04-03 23:00:00+00:00,0.162572,,
2023-04-04 00:00:00+00:00,0.139073,,
2023-04-04 01:00:00+00:00,0.115224,,
2023-04-04 02:00:00+00:00,0.095013,,
2023-04-04 03:00:00+00:00,0.079768,,
2023-04-04 04:00:00+00:00,0.067971,,
2023-04-04 05:00:00+00:00,0.049581,,
2023-04-04 06:00:00+00:00,0.034977,,
2023-04-04 07:00:00+00:00,0.043524,,
2023-04-04 08:00:00+00:00,0.04409,,
2023-04-04 09:00:00+00:00,0.044633,,
2023-04-04 10:00:00+00:00,0.045837,,
2023-04-04 11:00:00+00:00,0.047757,,
2023-04-04 12:00:00+00:00,0.048931,,
2023-04-04 13:00:00+00:00,0.049265,,
2023-04-04 14:00:00+00:00,0.04962,,
2023-04-04 15:00:00+00:00,0.050153,,
2023-04-04 16:00:00+00:00,0.05061,,
2023-04-04 17:00:00+00:00,0.061886,,
2023-04-04 18:00:00+00:00,0.073505,,
2023-04-04 19:00:00+00:00,0.076206,,
2023-04-04 20:00:00+00:00,0.073504,,
2023-04-04 21:00:00+00:00,0.069513,,
2023-04-04 22:00:00+00:00,0.065054,,
2023-04-04 23:00:00+00:00,0.059637,,
2023-04-05 00:00:00+00:00,0.053782,,
2023-04-05 01:00:00+00:00,0.047533,,
2023-04-05 02:00:00+00:00,0.041878,,
2023-04-05 03:00:00+00:00,0.036485,,
2023-04-05 04:00:00+00:00,0.033072,,
2023-04-05 05:00:00+00:00,0.029238,,
2023-04-05 06:00:00+00:00,0.015299,,
2023-04-05 07:00:00+00:00,0.012072,,
2023-04-05 08:00:00+00:00,0.013274,,
2023-04-05 09:00:00+00:00,0.011641,,
2023-04-05 10:00:00+00:00,0.008709,,
2023-04-05 11:00:00+00:00,0.006209,,
2023-04-05 12:00:00+00:00,0.005068,,
2023-04-05 13:00:00+00:00,0.004998,,
2023-04-05 14:00:00+00:00,0.005129,,
2023-04-05 15:00:00+00:00,0.005093,,
2023-04-05 16:00:00+00:00,0.005778,,
2023-04-05 17:00:00+00:00,0.011452,,
2023-04-05 18:00:00+00:00,0.023372,,
2023-04-05 19:00:00+00:00,0.039999,,
2023-04-05 20:00:00+00:00,0.059177,,
2023-04-05 21:00:00+00:00,0.078081,,
2023-04-05 22:00:00+00:00,0.093926,,
2023-04-05 23:00:00+00:00,0.10766,,
2023-04-06 00:00:00+00:00,0.118629,,
2023-04-06 01:00:00+00:00,0.125129,,
2023-04-06 02:00:00+00:00,0.126769,,
2023-04-06 03:00:00+00:00,0.125657,,
2023-04-06 04:00:00+00:00,0.126403,,
2023-04-06 05:00:00+00:00,0.120839,,
2023-04-06 06:00:00+00:00,0.068022,,
2023-04-06 07:00:00+00:00,0.048873,,
2023-04-06 08:00:00+00:00,0.080257,,
2023-04-06 09:00:00+00:00,0.096794,,
2023-04-06 10:00:00+00:00,0.102261,,
2023-04-06 11:00:00+00:00,0.102234,,
2023-04-06 12:00:00+00:00,0.099773,,
2023-04-06 13:00:00+00:00,0.097243,,
2023-04-06 14:00:00+00:00,0.09482,,
2023-04-06 15:00:00+00:00,0.095365,,
2023-04-06 16:00:00+00:00,0.113312,,
2023-04-06 17:00:00+00:00,0.170289,,
2023-04-06 18:00:00+00:00,0.227921,,
2023-04-06 19:00:00+00:00,0.252065,,
2023-04-06 20:00:00+00:00,0.251403,,
2023-04-06 21:00:00+00:00,0.239449,,
2023-04-06 22:00:00+00:00,0.225781,,
2023-04-06 23:00:00+00:00,0.209502,,
2023-04-07 00:00:00+00:00,0.195501,,
2023-04-07 01:00:00+00:00,0.182012,,
2023-04-07 02:00:00+00:00,0.172104,,
2023-04-07 03:00:00+00:00,0.162077,,
2023-04-07 04:00:00+00:00,0.150762,,
2023-04-07 05:00:00+00:00,0.130137,,
2023-04-07 06:00:00+00:00,0.095034,,
2023-04-07 07:00:00+00:00,0.10232,,
2023-04-07 08:00:00+00:00,0.136418,,
2023-04-07 09:00:00+00:00,0.144012,,
2023-04-07 10:00:00+00:00,0.139882,,
2023-04-07 11:00:00+00:00,0.132083,,
2023-04-07 12:00:00+00:00,0.124051,,
2023-04-07 13:00:00+00:00,0.118081,,
2023-04-07 14:00:00+00:00,0.116655,,
2023-04-07 15:00:00+00:00,0.118734,,
2023-04-07 16:00:00+00:00,0.120083,,
2023-04-07 17:00:00+00:00,0.133464,,
2023-04-07 18:00:00+00:00,0.149822,,
2023-04-07 19:00:00+00:00,0.146042,,
2023-04-07 20:00:00+00:00,0.135101,,
2023-04-07 21:00:00+00:00,0.126146,,
2023-04-07 22:00:00+00:00,0.120422,,
2023-04-07 23:00:00+00:00,0.111135,,
2023-04-08 00:00:00+00:00,0.102629,,
2023-04-08 01:00:00+00:00,0.092128,,
2023-04-08 02:00:00+00:00,0.087334,,
2023-04-08 03:00:00+00:00,0.082687,,
2023-04-08 04:00:00+00:00,0.078977,,
2023-04-08 05:00:00+00:00,0.073249,,
2023-04-08 06:00:00+00:00,0.065722,,
2023-04-08 07:00:00+00:00,0.06655,,
2023-04-08 08:00:00+00:00,0.069475,,
2023-04-08 09:00:00+00:00,0.068472,,
2023-04-08 10:00:00+00:00,0.067954,,
2023-04-08 11:00:00+00:00,0.068385,,
2023-04-08 12:00:00+00:00,0.069203,,
2023-04-08 13:00:00+00:00,0.070726,,
2023-04-08 14:00:00+00:00,0.073636,,
2023-04-08 15:00:00+00:00,0.07629,,
2023-04-08 16:00:00+00:00,0.072505,,
2023-04-08 17:00:00+00:00,0.076805,,
2023-04-08 18:00:00+00:00,0.089197,,
2023-04-08 19:00:00+00:00,0.088593,,
2023-04-08 20:00:00+00:00,0.078653,,
2023-04-08 21:00:00+00:00,0.070572,,
2023-04-08 22:00:00+00:00,0.064814,,
2023-04-08 23:00:00+00:00,0.057746,,
2023-04-09 00:00:00+00:00,0.051115,,
2023-04-09 01:00:00+00:00,0.045872,,
2023-04-09 02:00:00+00:00,0.041708,,
2023-04-09 03:00:00+00:00,0.038625,,
2023-04-09 04:00:00+00:00,0.036839,,
2023-04-09 05:00:00+00:00,0.031119,,
2023-04-09 06:00:00+00:00,0.02374,,
2023-04-09 07:00:00+00:00,0.027554,,
2023-04-09 08:00:00+00:00,0.0337,,
2023-04-09 09:00:00+00:00,0.036987,,
2023-04-09 10:00:00+00:00,0.039101,,
2023-04-09 11:00:00+00:00,0.040778,,
2023-04-09 12:00:00+00:00,0.041188,,
2023-04-09 13:00:00+00:00,0.039857,,
2023-04-09 14:00:00+00:00,0.038615,,
2023-04-09 15:00:00+00:00,0.04045,,
2023-04-09 16:00:00+00:00,0.049185,,
2023-04-09 17:00:00+00:00,0.081786,,
2023-04-09 18:00:00+00:00,0.134995,,
2023-04-09 19:00:00+00:00,0.175477,,
2023-04-09 20:00:00+00:00,0.194243,,
2023-04-09 21:00:00+00:00,0.199166,,
2023-04-09 22:00:00+00:00,0.20109,,
2023-04-09 23:00:00+00:00,0.203345,,
2023-04-10 00:00:00+00:00,0.199301,,
2023-04-10 01:00:00+00:00,0.191391,,
2023-04-10 02:00:00+00:00,0.188259,,
2023-04-10 03:00:00+00:00,0.189449,,
2023-04-10 04:00:00+00:00,0.190208,,
2023-04-10 05:00:00+00:00,0.171149,,
2023-04-10 06:00:00+00:00,0.117935,,
2023-04-10 07:00:00+00:00,0.113795,,
2023-04-10 08:00:00+00:00,0.195212,,
2023-04-10 09:00:00+00:00,0.267577,,
2023-04-10 10:00:00+00:00,0.307938,,
2023-04-10 11:00:00+00:00,0.343005,,
2023-04-10 12:00:00+00:00,0.371014,,
2023-04-10 13:00:00+00:00,0.387737,,
2023-04-10 14:00:00+00:00,0.394323,,
2023-04-10 15:00:00+00:00,0.39749,,
2023-04-10 16:00:00+00:00,0.413487,,
2023-04-10 17:00:00+00:00,0.45844,,
2023-04-10 18:00:00+00:00,0.48991,,
2023-04-10 19:00:00+00:00,0.495245,,
2023-04-10 20:00:00+00:00,0.487566,,
2023-04-10 21:00:00+00:00,0.477797,,
2023-04-10 22:00:00+00:00,0.46805,,
2023-04-10 23:00:00+00:00,0.443376,,
2023-04-11 00:00:00+00:00,0.413225,,
2023-04-11 01:00:00+00:00,0.375411,,
2023-04-11 02:00:00+00:00,0.342048,,
2023-04-11 03:00:00+00:00,0.329823,,
2023-04-11 04:00:00+00:00,0.320193,,
2023-04-11 05:00:00+00:00,0.297524,,
2023-04-11 06:00:00+00:00,0.328699,,
2023-04-11 07:00:00+00:00,0.413138,,
2023-04-11 08:00:00+00:00,0.446838,,
2023-04-11 09:00:00+00:00,0.473485,,
2023-04-11 10:00:00+00:00,0.494468,,
2023-04-11 11:00:00+00:00,0.500691,,
2023-04-11 12:00:00+00:00,0.495173,,
2023-04-11 13:00:00+00:00,0.47916,,
2023-04-11 14:00:00+00:00,0.440406,,
2023-04-11 15:00:00+00:00,0.361801,,
2023-04-11 16:00:00+00:00,0.250664,,
2023-04-11 17:00:00+00:00,0.183558,,
2023-04-11 18:00:00+00:00,0.143636,,
2023-04-11 19:00:00+00:00,0.11394,,
2023-04-11 20:00:00+00:00,0.106828,,
2023-04-11 21:00:00+00:00,0.116632,,
2023-04-11 22:00:00+00:00,0.13925,,
2023-04-11 23:00:00+00:00,0.16822,,
2023-04-12 00:00:00+00:00,0.191768,,
2023-04-12 01:00:00+00:00,0.20713,,
2023-04-12 02:00:00+00:00,0.227436,,
2023-04-12 03:00:00+00:00,0.253421,,
2023-04-12 04:00:00+00:00,0.28533,,
2023-04-12 05:00:00+00:00,0.294222,,
2023-04-12 06:00:00+00:00,0.289026,,
2023-04-12 07:00:00+00:00,0.316289,,
2023-04-12 08:00:00+00:00,0.364308,,
2023-04-12 09:00:00+00:00,0.417896,,
2023-04-12 10:00:00+00:00,0.443115,,
2023-04-12 11:00:00+00:00,0.436224,,
2023-04-12 12:00:00+00:00,0.413053,,
2023-04-12 13:00:00+00:00,0.379548,,
2023-04-12 14:00:00+00:00,0.323671,,
2023-04-12 15:00:00+00:00,0.274468,,
2023-04-12 16:00:00+00:00,0.236896,,
2023-04-12 17:00:00+00:00,0.222205,,
2023-04-12 18:00:00+00:00,0.215468,,
2023-04-12 19:00:00+00:00,0.207591,,
2023-04-12 20:00:00+00:00,0.211411,,
2023-04-12 21:00:00+00:00,0.220066,,
2023-04-12 22:00:00+00:00,0.237546,,
2023-04-12 23:00:00+00:00,0.260561,,
2023-04-13 00:00:00+00:00,0.265341,,
2023-04-13 01:00:00+00:00,0.261398,,
2023-04-13 02:00:00+00:00,0.261312,,
2023-04-13 03:00:00+00:00,0.274709,,
2023-04-13 04:00:00+00:00,0.288302,,
2023-04-13 05:00:00+00:00,0.295776,,
2023-04-13 06:00:00+00:00,0.290806,,
2023-04-13 07:00:00+00:00,0.337563,,
2023-04-13 08:00:00+00:00,0.374489,,
2023-04-13 09:00:00+00:00,0.366755,,
2023-04-13 10:00:00+00:00,0.333929,,
2023-04-13 11:00:00+00:00,0.29992,,
2023-04-13 12:00:00+00:00,0.268862,,
2023-04-13 13:00:00+00:00,0.238654,,
2023-04-13 14:00:00+00:00,0.201483,,
2023-04-13 15:00:00+00:00,0.15435,,
2023-04-13 16:00:00+00:00,0.103342,,
2023-04-13 17:00:00+00:00,0.082989,,
2023-04-13 18:00:00+00:00,0.075228,,
2023-04-13 19:00:00+00:00,0.066118,,
2023-04-13 20:00:00+00:00,0.059253,,
2023-04-13 21:00:00+00:00,0.057155,,
2023-04-13 22:00:00+00:00,0.060819,,
2023-04-13 23:00:00+00:00,0.068491,,
2023-04-14 00:00:00+00:00,0.074172,,
2023-04-14 01:00:00+00:00,0.072066,,
2023-04-14 02:00:00+00:00,0.066598,,
2023-04-14 03:00:00+00:00,0.060043,,
2023-04-14 04:00:00+00:00,0.056237,,
2023-04-14 05:00:00+00:00,0.051781,,
2023-04-14 06:00:00+00:00,0.038152,,
2023-04-14 07:00:00+00:00,0.037016,,
2023-04-14 08:00:00+00:00,0.055575,,
2023-04-14 09:00:00+00:00,0.070574,,
2023-04-14 10:00:00+00:00,0.076191,,
2023-04-14 11:00:00+00:00,0.079569,,
2023-04-14 12:00:00+00:00,0.080866,,
2023-04-14 13:00:00+00:00,0.082783,,
2023-04-14 14:00:00+00:00,0.089801,,
2023-04-14 15:00:00+00:00,0.098022,,
2023-04-14 16:00:00+00:00,0.100801,,
2023-04-14 17:00:00+00:00,0.114889,,
2023-04-14 18:00:00+00:00,0.137961,,
2023-04-14 19:00:00+00:00,0.138949,,
2023-04-14 20:00:00+00:00,0.130469,,
2023-04-14 21:00:00+00:00,0.124147,,
2023-04-14 22:00:00+00:00,0.11971,,
2023-04-14 23:00:00+00:00,0.115984,,
2023-04-15 00:00:00+00:00,0.116554,,
2023-04-15 01:00:00+00:00,0.119219,,
2023-04-15 02:00:00+00:00,0.12461,,
2023-04-15 03:00:00+00:00,0.129534,,
2023-04-15 04:00:00+00:00,0.13482,,
2023-04-15 05:00:00+00:00,0.130137,,
2023-04-15 06:00:00+00:00,0.130195,,
2023-04-15 07:00:00+00:00,0.15866,,
2023-04-15 08:00:00+00:00,0.185926,,
2023-04-15 09:00:00+00:00,0.202652,,
2023-04-15 10:00:00+00:00,0.213965,,
2023-04-15 11:00:00+00:00,0.220663,,
2023-04-15 12:00:00+00:00,0.221882,,
2023-04-15 13:00:00+00:00,0.222944,,
2023-04-15 14:00:00+00:00,0.220767,,
2023-04-15 15:00:00+00:00,0.2108,,
2023-04-15 16:00:00+00:00,0.199829,,
2023-04-15 17:00:00+00:00,0.203734,,
2023-04-15 18:00:00+00:00,0.21322,,
2023-04-15 19:00:00+00:00,0.198585,,
2023-04-15 20:00:00+00:00,0.178539,,
2023-04-15 21:00:00+00:00,0.165335,,
2023-04-15 22:00:00+00:00,0.156588,,
2023-04-15 23:00:00+00:00,0.150746,,
2023-04-16 00:00:00+00:00,0.145822,,
2023-04-16 01:00:00+00:00,0.143045,,
2023-04-16 02:00:00+00:00,0.140181,,
2023-04-16 03:00:00+00:00,0.137009,,
2023-04-16 04:00:00+00:00,0.129329,,
2023-04-16 05:00:00+00:00,0.110764,,
2023-04-16 06:00:00+00:00,0.099803,,
2023-04-16 07:00:00+00:00,0.104669,,
2023-04-16 08:00:00+00:00,0.109372,,
2023-04-16 09:00:00+00:00,0.107406,,
2023-04-16 10:00:00+00:00,0.104192,,
2023-04-16 11:00:00+00:00,0.1059,,
2023-04-16 12:00:00+00:00,0.113534,,
2023-04-16 13:00:00+00:00,0.124784,,
2023-04-16 14:00:00+00:00,0.135124,,
2023-04-16 15:00:00+00:00,0.136553,,
2023-04-16 16:00:00+00:00,0.118337,,
2023-04-16 17:00:00+00:00,0.114216,,
2023-04-16 18:00:00+00:00,0.136068,,
2023-04-16 19:00:00+00:00,0.142584,,
2023-04-16 20:00:00+00:00,0.133809,,
2023-04-16 21:00:00+00:00,0.127019,,
2023-04-16 22:00:00+00:00,0.121076,,
2023-04-16 23:00:00+00:00,0.113912,,
2023-04-17 00:00:00+00:00,0.108087,,
2023-04-17 01:00:00+00:00,0.099887,,
2023-04-17 02:00:00+00:00,0.091811,,
2023-04-17 03:00:00+00:00,0.083421,,
2023-04-17 04:00:00+00:00,0.074726,,
2023-04-17 05:00:00+00:00,0.067006,,
2023-04-17 06:00:00+00:00,0.066938,,
2023-04-17 07:00:00+00:00,0.082727,,
2023-04-17 08:00:00+00:00,0.10838,,
2023-04-17 09:00:00+00:00,0.130658,,
2023-04-17 10:00:00+00:00,0.146388,,
2023-04-17 11:00:00+00:00,0.15807,,
2023-04-17 12:00:00+00:00,0.169194,,
2023-04-17 13:00:00+00:00,0.183453,,
2023-04-17 14:00:00+00:00,0.204045,,
2023-04-17 15:00:00+00:00,0.229478,,
2023-04-17 16:00:00+00:00,0.238604,,
2023-04-17 17:00:00+00:00,0.236061,,
2023-04-17 18:00:00+00:00,0.253762,,
2023-04-17 19:00:00+00:00,0.249179,,
2023-04-17 20:00:00+00:00,0.227874,,
2023-04-17 21:00:00+00:00,0.210107,,
2023-04-17 22:00:00+00:00,0.198444,,
2023-04-17 23:00:00+00:00,0.189298,,
2023-04-18 00:00:00+00:00,0.184865,,
2023-04-18 01:00:00+00:00,0.183297,,
2023-04-18 02:00:00+00:00,0.184963,,
2023-04-18 03:00:00+00:00,0.182776,,
2023-04-18 04:00:00+00:00,0.18202,,
2023-04-18 05:00:00+00:00,0.169682,,
2023-04-18 06:00:00+00:00,0.183391,,
2023-04-18 07:00:00+00:00,0.228899,,
2023-04-18 08:00:00+00:00,0.257563,,
2023-04-18 09:00:00+00:00,0.263687,,
2023-04-18 10:00:00+00:00,0.266082,,
2023-04-18 11:00:00+00:00,0.27158,,
2023-04-18 12:00:00+00:00,0.28054,,
2023-04-18 13:00:00+00:00,0.291797,,
2023-04-18 14:00:00+00:00,0.306543,,
2023-04-18 15:00:00+00:00,0.316748,,
2023-04-18 16:00:00+00:00,0.303056,,
2023-04-18 17:00:00+00:00,0.292511,,
2023-04-18 18:00:00+00:00,0.324495,,
2023-04-18 19:00:00+00:00,0.32481,,
2023-04-18 20:00:00+00:00,0.297605,,
2023-04-18 21:00:00+00:00,0.278817,,
2023-04-18 22:00:00+00:00,0.266251,,
2023-04-18 23:00:00+00:00,0.25509,,
2023-04-19 00:00:00+00:00,0.239941,,
2023-04-19 01:00:00+00:00,0.228312,,
2023-04-19 02:00:00+00:00,0.224079,,
2023-04-19 03:00:00+00:00,0.223529,,
2023-04-19 04:00:00+00:00,0.222167,,
2023-04-19 05:00:00+00:00,0.190831,,
2023-04-19 06:00:00+00:00,0.207984,,
2023-04-19 07:00:00+00:00,0.302827,,
2023-04-19 08:00:00+00:00,0.373722,,
2023-04-19 09:00:00+00:00,0.408018,,
2023-04-19 10:00:00+00:00,0.41807,,
2023-04-19 11:00:00+00:00,0.423295,,
2023-04-19 12:00:00+00:00,0.432018,,
2023-04-19 13:00:00+00:00,0.445361,,
2023-04-19 14:00:00+00:00,0.458412,,
2023-04-19 15:00:00+00:00,0.457601,,
2023-04-19 16:00:00+00:00,0.420053,,
2023-04-19 17:00:00+00:00,0.376013,,
2023-04-19 18:00:00+00:00,0.363189,,
2023-04-19 19:00:00+00:00,0.346061,,
2023-04-19 20:00:00+00:00,0.314227,,
2023-04-19 21:00:00+00:00,0.290104,,
2023-04-19 22:00:00+00:00,0.276397,,
2023-04-19 23:00:00+00:00,0.272324,,
2023-04-20 00:00:00+00:00,0.256029,,
2023-04-20 01:00:00+00:00,0.242986,,
2023-04-20 02:00:00+00:00,0.228872,,
2023-04-20 03:00:00+00:00,0.210803,,
2023-04-20 04:00:00+00:00,0.193355,,
2023-04-20 05:00:00+00:00,0.173996,,
2023-04-20 06:00:00+00:00,0.185695,,
2023-04-20 07:00:00+00:00,0.205152,,
2023-04-20 08:00:00+00:00,0.220565,,
2023-04-20 09:00:00+00:00,0.234833,,
2023-04-20 10:00:00+00:00,0.251039,,
2023-04-20 11:00:00+00:00,0.271293,,
2023-04-20 12:00:00+00:00,0.295099,,
2023-04-20 13:00:00+00:00,0.314952,,
2023-04-20 14:00:00+00:00,0.326106,,
2023-04-20 15:00:00+00:00,0.308686,,
2023-04-20 16:00:00+00:00,0.262617,,
2023-04-20 17:00:00+00:00,0.256267,,
2023-04-20 18:00:00+00:00,0.300076,,
2023-04-20 19:00:00+00:00,0.308299,,
2023-04-20 20:00:00+00:00,0.295027,,
2023-04-20 21:00:00+00:00,0.295718,,
2023-04-20 22:00:00+00:00,0.299131,,
2023-04-20 23:00:00+00:00,0.300344,,
2023-04-21 00:00:00+00:00,0.291674,,
2023-04-21 01:00:00+00:00,0.27011,,
2023-04-21 02:00:00+00:00,0.247723,,
2023-04-21 03:00:00+00:00,0.226398,,
2023-04-21 04:00:00+00:00,0.208576,,
2023-04-21 05:00:00+00:00,0.18505,,
2023-04-21 06:00:00+00:00,0.176641,,
2023-04-21 07:00:00+00:00,0.201358,,
2023-04-21 08:00:00+00:00,0.243759,,
2023-04-21 09:00:00+00:00,0.29353,,
2023-04-21 10:00:00+00:00,0.337924,,
2023-04-21 11:00:00+00:00,0.370962,,
2023-04-21 12:00:00+00:00,0.385539,,
2023-04-21 13:00:00+00:00,0.385181,,
2023-04-21 14:00:00+00:00,0.373556,,
2023-04-21 15:00:00+00:00,0.345735,,
2023-04-21 16:00:00+00:00,0.311083,,
2023-04-21 17:00:00+00:00,0.32763,,
2023-04-21 18:00:00+00:00,0.358243,,
2023-04-21 19:00:00+00:00,0.360573,,
2023-04-21 20:00:00+00:00,0.352005,,
2023-04-21 21:00:00+00:00,0.33938,,
2023-04-21 22:00:00+00:00,0.329557,,
2023-04-21 23:00:00+00:00,0.313225,,
2023-04-22 00:00:00+00:00,0.29276,,
2023-04-22 01:00:00+00:00,0.272189,,
2023-04-22 02:00:00+00:00,0.260029,,
2023-04-22 03:00:00+00:00,0.248971,,
2023-04-22 04:00:00+00:00,0.226221,,
2023-04-22 05:00:00+00:00,0.16339,,
2023-04-22 06:00:00+00:00,0.114001,,
2023-04-22 07:00:00+00:00,0.109956,,
2023-04-22 08:00:00+00:00,0.151133,,
2023-04-22 09:00:00+00:00,0.170817,,
2023-04-22 10:00:00+00:00,0.181842,,
2023-04-22 11:00:00+00:00,0.192818,,
2023-04-22 12:00:00+00:00,0.205878,,
2023-04-22 13:00:00+00:00,0.220169,,
2023-04-22 14:00:00+00:00,0.224478,,
2023-04-22 15:00:00+00:00,0.209109,,
2023-04-22 16:00:00+00:00,0.206289,,
2023-04-22 17:00:00+00:00,0.240387,,
2023-04-22 18:00:00+00:00,0.272996,,
2023-04-22 19:00:00+00:00,0.275186,,
2023-04-22 20:00:00+00:00,0.262463,,
2023-04-22 21:00:00+00:00,0.242094,,
2023-04-22 22:00:00+00:00,0.213004,,
2023-04-22 23:00:00+00:00,0.187596,,
2023-04-23 00:00:00+00:00,0.165194,,
2023-04-23 01:00:00+00:00,0.147461,,
2023-04-23 02:00:00+00:00,0.136654,,
2023-04-23 03:00:00+00:00,0.131009,,
2023-04-23 04:00:00+00:00,0.126731,,
2023-04-23 05:00:00+00:00,0.10395,,
2023-04-23 06:00:00+00:00,0.086673,,
2023-04-23 07:00:00+00:00,0.093995,,
2023-04-23 08:00:00+00:00,0.105733,,
2023-04-23 09:00:00+00:00,0.112006,,
2023-04-23 10:00:00+00:00,0.11415,,
2023-04-23 11:00:00+00:00,0.112756,,
2023-04-23 12:00:00+00:00,0.10767,,
2023-04-23 13:00:00+00:00,0.100738,,
2023-04-23 14:00:00+00:00,0.091361,,
2023-04-23 15:00:00+00:00,0.081482,,
2023-04-23 16:00:00+00:00,0.083461,,
2023-04-23 17:00:00+00:00,0.117807,,
2023-04-23 18:00:00+00:00,0.179336,,
2023-04-23 19:00:00+00:00,0.242708,,
2023-04-23 20:00:00+00:00,0.285162,,
2023-04-23 21:00:00+00:00,0.300612,,
2023-04-23 22:00:00+00:00,0.302464,,
2023-04-23 23:00:00+00:00,0.301079,,
2023-04-24 00:00:00+00:00,0.289435,,
2023-04-24 01:00:00+00:00,0.278987,,
2023-04-24 02:00:00+00:00,0.272556,,
2023-04-24 03:00:00+00:00,0.278509,,
2023-04-24 04:00:00+00:00,0.285492,,
2023-04-24 05:00:00+00:00,0.276503,,
2023-04-24 06:00:00+00:00,0.318606,,
2023-04-24 07:00:00+00:00,0.364399,,
2023-04-24 08:00:00+00:00,0.377298,,
2023-04-24 09:00:00+00:00,0.384681,,
2023-04-24 10:00:00+00:00,0.397214,,
2023-04-24 11:00:00+00:00,0.417628,,
2023-04-24 12:00:00+00:00,0.438055,,
2023-04-24 13:00:00+00:00,0.452048,,
2023-04-24 14:00:00+00:00,0.456536,,
2023-04-24 15:00:00+00:00,0.446001,,
2023-04-24 16:00:00+00:00,0.417209,,
2023-04-24 17:00:00+00:00,0.376714,,
2023-04-24 18:00:00+00:00,0.354331,,
2023-04-24 19:00:00+00:00,0.333096,,
2023-04-24 20:00:00+00:00,0.309195,,
2023-04-24 21:00:00+00:00,0.291584,,
2023-04-24 22:00:00+00:00,0.284681,,
2023-04-24 23:00:00+00:00,0.27806,,
2023-04-25 00:00:00+00:00,0.268672,,
2023-04-25 01:00:00+00:00,0.261972,,
2023-04-25 02:00:00+00:00,0.256799,,
2023-04-25 03:00:00+00:00,0.243065,,
2023-04-25 04:00:00+00:00,0.226298,,
2023-04-25 05:00:00+00:00,0.205948,,
2023-04-25 06:00:00+00:00,0.250028,,
2023-04-25 07:00:00+00:00,0.284906,,
2023-04-25 08:00:00+00:00,0.305119,,
2023-04-25 09:00:00+00:00,0.32763,,
2023-04-25 10:00:00+00:00,0.350373,,
2023-04-25 11:00:00+00:00,0.370195,,
2023-04-25 12:00:00+00:00,0.384664,,
2023-04-25 13:00:00+00:00,0.395496,,
2023-04-25 14:00:00+00:00,0.398959,,
2023-04-25 15:00:00+00:00,0.390703,,
2023-04-25 16:00:00+00:00,0.359333,,
2023-04-25 17:00:00+00:00,0.296902,,
2023-04-25 18:00:00+00:00,0.270048,,
2023-04-25 19:00:00+00:00,0.258112,,
2023-04-25 20:00:00+00:00,0.249844,,
2023-04-25 21:00:00+00:00,0.249013,,
2023-04-25 22:00:00+00:00,0.250544,,
2023-04-25 23:00:00+00:00,0.24712,,
2023-04-26 00:00:00+00:00,0.237127,,
2023-04-26 01:00:00+00:00,0.224582,,
2023-04-26 02:00:00+00:00,0.211967,,
2023-04-26 03:00:00+00:00,0.195704,,
2023-04-26 04:00:00+00:00,0.177621,,
2023-04-26 05:00:00+00:00,0.155885,,
2023-04-26 06:00:00+00:00,0.169455,,
2023-04-26 07:00:00+00:00,0.192875,,
2023-04-26 08:00:00+00:00,0.194358,,
2023-04-26 09:00:00+00:00,0.192748,,
2023-04-26 10:00:00+00:00,0.191184,,
2023-04-26 11:00:00+00:00,0.189243,,
2023-04-26 12:00:00+00:00,0.184862,,
2023-04-26 13:00:00+00:00,0.180044,,
2023-04-26 14:00:00+00:00,0.173692,,
2023-04-26 15:00:00+00:00,0.164149,,
2023-04-26 16:00:00+00:00,0.145673,,
2023-04-26 17:00:00+00:00,0.125818,,
2023-04-26 18:00:00+00:00,0.129034,,
2023-04-26 19:00:00+00:00,0.137292,,
2023-04-26 20:00:00+00:00,0.139789,,
2023-04-26 21:00:00+00:00,0.13691,,
2023-04-26 22:00:00+00:00,0.130583,,
2023-04-26 23:00:00+00:00,0.123545,,
2023-04-27 00:00:00+00:00,0.116328,,
2023-04-27 01:00:00+00:00,0.111292,,
2023-04-27 02:00:00+00:00,0.10877,,
2023-04-27 03:00:00+00:00,0.103405,,
2023-04-27 04:00:00+00:00,0.091364,,
2023-04-27 05:00:00+00:00,0.062771,,
2023-04-27 06:00:00+00:00,0.057462,,
2023-04-27 07:00:00+00:00,0.057022,,
2023-04-27 08:00:00+00:00,0.053178,,
2023-04-27 09:00:00+00:00,0.05174,,
2023-04-27 10:00:00+00:00,0.054434,,
2023-04-27 11:00:00+00:00,0.05892,,
2023-04-27 12:00:00+00:00,0.062194,,
2023-04-27 13:00:00+00:00,0.060491,,
2023-04-27 14:00:00+00:00,0.052651,,
2023-04-27 15:00:00+00:00,0.042653,,
2023-04-27 16:00:00+00:00,0.033934,,
2023-04-27 17:00:00+00:00,0.035201,,
2023-04-27 18:00:00+00:00,0.055746,,
2023-04-27 19:00:00+00:00,0.081446,,
2023-04-27 20:00:00+00:00,0.101612,,
2023-04-27 21:00:00+00:00,0.118473,,
2023-04-27 22:00:00+00:00,0.134979,,
2023-04-27 23:00:00+00:00,0.146871,,
2023-04-28 00:00:00+00:00,0.15004,,
2023-04-28 01:00:00+00:00,0.150106,,
2023-04-28 02:00:00+00:00,0.152758,,
2023-04-28 03:00:00+00:00,0.155281,,
2023-04-28 04:00:00+00:00,0.151828,,
2023-04-28 05:00:00+00:00,0.114091,,
2023-04-28 06:00:00+00:00,0.085813,,
2023-04-28 07:00:00+00:00,0.10563,,
2023-04-28 08:00:00+00:00,0.124496,,
2023-04-28 09:00:00+00:00,0.134056,,
2023-04-28 10:00:00+00:00,0.1388,,
2023-04-28 11:00:00+00:00,0.140583,,
2023-04-28 12:00:00+00:00,0.140628,,
2023-04-28 13:00:00+00:00,0.137095,,
2023-04-28 14:00:00+00:00,0.131883,,
2023-04-28 15:00:00+00:00,0.126322,,
2023-04-28 16:00:00+00:00,0.120286,,
2023-04-28 17:00:00+00:00,0.137454,,
2023-04-28 18:00:00+00:00,0.173242,,
2023-04-28 19:00:00+00:00,0.191731,,
2023-04-28 20:00:00+00:00,0.192527,,
2023-04-28 21:00:00+00:00,0.192394,,
2023-04-28 22:00:00+00:00,0.193262,,
2023-04-28 23:00:00+00:00,0.190109,,
2023-04-29 00:00:00+00:00,0.181863,,
2023-04-29 01:00:00+00:00,0.169763,,
2023-04-29 02:00:00+00:00,0.163861,,
2023-04-29 03:00:00+00:00,0.159471,,
2023-04-29 04:00:00+00:00,0.154743,,
2023-04-29 05:00:00+00:00,0.12928,,
2023-04-29 06:00:00+00:00,0.123762,,
2023-04-29 07:00:00+00:00,0.148338,,
2023-04-29 08:00:00+00:00,0.16092,,
2023-04-29 09:00:00+00:00,0.162503,,
2023-04-29 10:00:00+00:00,0.165723,,
2023-04-29 11:00:00+00:00,0.174014,,
2023-04-29 12:00:00+00:00,0.18606,,
2023-04-29 13:00:00+00:00,0.198785,,
2023-04-29 14:00:00+00:00,0.205763,,
2023-04-29 15:00:00+00:00,0.20545,,
2023-04-29 16:00:00+00:00,0.193143,,
2023-04-29 17:00:00+00:00,0.182101,,
2023-04-29 18:00:00+00:00,0.193629,,
2023-04-29 19:00:00+00:00,0.205031,,
2023-04-29 20:00:00+00:00,0.202023,,
2023-04-29 21:00:00+00:00,0.198255,,
2023-04-29 22:00:00+00:00,0.192694,,
2023-04-29 23:00:00+00:00,0.183266,,
2023-04-30 00:00:00+00:00,0.171052,,
2023-04-30 01:00:00+00:00,0.157445,,
2023-04-30 02:00:00+00:00,0.142403,,
2023-04-30 03:00:00+00:00,0.121058,,
2023-04-30 04:00:00+00:00,0.093,,
2023-04-30 05:00:00+00:00,0.059934,,
2023-04-30 06:00:00+00:00,0.055747,,
2023-04-30 07:00:00+00:00,0.056746,,
2023-04-30 08:00:00+00:00,0.059151,,
2023-04-30 09:00:00+00:00,0.060691,,
2023-04-30 10:00:00+00:00,0.061736,,
2023-04-30 11:00:00+00:00,0.062244,,
2023-04-30 12:00:00+00:00,0.061296,,
2023-04-30 13:00:00+00:00,0.058165,,
2023-04-30 14:00:00+00:00,0.054073,,
2023-04-30 15:00:00+00:00,0.051689,,
2023-04-30 16:00:00+00:00,0.05072,,
2023-04-30 17:00:00+00:00,0.0603,,
2023-04-30 18:00:00+00:00,0.091289,,
2023-04-30 19:00:00+00:00,0.120302,,
2023-04-30 20:00:00+00:00,0.136324,,
2023-04-30 21:00:00+00:00,0.152761,,
2023-04-30 22:00:00+00:00,0.175427,,
2023-04-30 23:00:00+00:00,0.195845,,
2023-05-01 00:00:00+00:00,0.206544,,
2023-05-01 01:00:00+00:00,0.205744,,
2023-05-01 02:00:00+00:00,0.198845,,
2023-05-01 03:00:00+00:00,0.18863,,
2023-05-01 04:00:00+00:00,0.165621,,
2023-05-01 05:00:00+00:00,0.097821,,
2023-05-01 06:00:00+00:00,0.054641,,
2023-05-01 07:00:00+00:00,0.068779,,
2023-05-01 08:00:00+00:00,0.077622,,
2023-05-01 09:00:00+00:00,0.068112,,
2023-05-01 10:00:00+00:00,0.05497,,
2023-05-01 11:00:00+00:00,0.045325,,
2023-05-01 12:00:00+00:00,0.039559,,
2023-05-01 13:00:00+00:00,0.038048,,
2023-05-01 14:00:00+00:00,0.039342,,
2023-05-01 15:00:00+00:00,0.042194,,
2023-05-01 16:00:00+00:00,0.045039,,
2023-05-01 17:00:00+00:00,0.055551,,
2023-05-01 18:00:00+00:00,0.079778,,
2023-05-01 19:00:00+00:00,0.108136,,
2023-05-01 20:00:00+00:00,0.13208,,
2023-05-01 21:00:00+00:00,0.153375,,
2023-05-01 22:00:00+00:00,0.175785,,
2023-05-01 23:00:00+00:00,0.194455,,
2023-05-02 00:00:00+00:00,0.210977,,
2023-05-02 01:00:00+00:00,0.222668,,
2023-05-02 02:00:00+00:00,0.22491,,
2023-05-02 03:00:00+00:00,0.215994,,
2023-05-02 04:00:00+00:00,0.196428,,
2023-05-02 05:00:00+00:00,0.17771,,
2023-05-02 06:00:00+00:00,0.20034,,
2023-05-02 07:00:00+00:00,0.195912,,
2023-05-02 08:00:00+00:00,0.181734,,
2023-05-02 09:00:00+00:00,0.172519,,
2023-05-02 10:00:00+00:00,0.170552,,
2023-05-02 11:00:00+00:00,0.170927,,
2023-05-02 12:00:00+00:00,0.167961,,
2023-05-02 13:00:00+00:00,0.164453,,
2023-05-02 14:00:00+00:00,0.163966,,
2023-05-02 15:00:00+00:00,0.170442,,
2023-05-02 16:00:00+00:00,0.175175,,
2023-05-02 17:00:00+00:00,0.165325,,
2023-05-02 18:00:00+00:00,0.172338,,
2023-05-02 19:00:00+00:00,0.185322,,
2023-05-02 20:00:00+00:00,0.178465,,
2023-05-02 21:00:00+00:00,0.165565,,
2023-05-02 22:00:00+00:00,0.15392,,
2023-05-02 23:00:00+00:00,0.14366,,
2023-05-03 00:00:00+00:00,0.133824,,
2023-05-03 01:00:00+00:00,0.123824,,
2023-05-03 02:00:00+00:00,0.112279,,
2023-05-03 03:00:00+00:00,0.097136,,
2023-05-03 04:00:00+00:00,0.075878,,
2023-05-03 05:00:00+00:00,0.040559,,
2023-05-03 06:00:00+00:00,0.036204,,
2023-05-03 07:00:00+00:00,0.031618,,
2023-05-03 08:00:00+00:00,0.025419,,
2023-05-03 09:00:00+00:00,0.022194,,
2023-05-03 10:00:00+00:00,0.020817,,
2023-05-03 11:00:00+00:00,0.021722,,
2023-05-03 12:00:00+00:00,0.024784,,
2023-05-03 13:00:00+00:00,0.028891,,
2023-05-03 14:00:00+00:00,0.033105,,
2023-05-03 15:00:00+00:00,0.037999,,
2023-05-03 16:00:00+00:00,0.044658,,
2023-05-03 17:00:00+00:00,0.059912,,
2023-05-03 18:00:00+00:00,0.098862,,
2023-05-03 19:00:00+00:00,0.138072,,
2023-05-03 20:00:00+00:00,0.154147,,
2023-05-03 21:00:00+00:00,0.157493,,
2023-05-03 22:00:00+00:00,0.157257,,
2023-05-03 23:00:00+00:00,0.155423,,
2023-05-04 00:00:00+00:00,0.152087,,
2023-05-04 01:00:00+00:00,0.146166,,
2023-05-04 02:00:00+00:00,0.137122,,
2023-05-04 03:00:00+00:00,0.12617,,
2023-05-04 04:00:00+00:00,0.10929,,
2023-05-04 05:00:00+00:00,0.062235,,
2023-05-04 06:00:00+00:00,0.036639,,
2023-05-04 07:00:00+00:00,0.045749,,
2023-05-04 08:00:00+00:00,0.061661,,
2023-05-04 09:00:00+00:00,0.066447,,
2023-05-04 10:00:00+00:00,0.06746,,
2023-05-04 11:00:00+00:00,0.070039,,
2023-05-04 12:00:00+00:00,0.075691,,
2023-05-04 13:00:00+00:00,0.085014,,
2023-05-04 14:00:00+00:00,0.09689,,
2023-05-04 15:00:00+00:00,0.112188,,
2023-05-04 16:00:00+00:00,0.131139,,
2023-05-04 17:00:00+00:00,0.178255,,
2023-05-04 18:00:00+00:00,0.23994,,
2023-05-04 19:00:00+00:00,0.274791,,
2023-05-04 20:00:00+00:00,0.28173,,
2023-05-04 21:00:00+00:00,0.276224,,
2023-05-04 22:00:00+00:00,0.268903,,
2023-05-04 23:00:00+00:00,0.267087,,
2023-05-05 00:00:00+00:00,0.266226,,
2023-05-05 01:00:00+00:00,0.267558,,
2023-05-05 02:00:00+00:00,0.268283,,
2023-05-05 03:00:00+00:00,0.269018,,
2023-05-05 04:00:00+00:00,0.261358,,
2023-05-05 05:00:00+00:00,0.227908,,
2023-05-05 06:00:00+00:00,0.237577,,
2023-05-05 07:00:00+00:00,0.254144,,
2023-05-05 08:00:00+00:00,0.26772,,
2023-05-05 09:00:00+00:00,0.274515,,
2023-05-05 10:00:00+00:00,0.271563,,
2023-05-05 11:00:00+00:00,0.258265,,
2023-05-05 12:00:00+00:00,0.239969,,
2023-05-05 13:00:00+00:00,0.221747,,
2023-05-05 14:00:00+00:00,0.207846,,
2023-05-05 15:00:00+00:00,0.210524,,
2023-05-05 16:00:00+00:00,0.224931,,
2023-05-05 17:00:00+00:00,0.238015,,
2023-05-05 18:00:00+00:00,0.244532,,
2023-05-05 19:00:00+00:00,0.242546,,
2023-05-05 20:00:00+00:00,0.235221,,
2023-05-05 21:00:00+00:00,0.22374,,
2023-05-05 22:00:00+00:00,0.209949,,
2023-05-05 23:00:00+00:00,0.193555,,
2023-05-06 00:00:00+00:00,0.17447,,
2023-05-06 01:00:00+00:00,0.157056,,
2023-05-06 02:00:00+00:00,0.140949,,
2023-05-06 03:00:00+00:00,0.130584,,
2023-05-06 04:00:00+00:00,0.113783,,
2023-05-06 05:00:00+00:00,0.09372,,
2023-05-06 06:00:00+00:00,0.085861,,
2023-05-06 07:00:00+00:00,0.084258,,
2023-05-06 08:00:00+00:00,0.082311,,
2023-05-06 09:00:00+00:00,0.077422,,
2023-05-06 10:00:00+00:00,0.074271,,
2023-05-06 11:00:00+00:00,0.076237,,
2023-05-06 12:00:00+00:00,0.082088,,
2023-05-06 13:00:00+00:00,0.090346,,
2023-05-06 14:00:00+00:00,0.098202,,
2023-05-06 15:00:00+00:00,0.106837,,
2023-05-06 16:00:00+00:00,0.115687,,
2023-05-06 17:00:00+00:00,0.1247,,
2023-05-06 18:00:00+00:00,0.145674,,
2023-05-06 19:00:00+00:00,0.170538,,
2023-05-06 20:00:00+00:00,0.178614,,
2023-05-06 21:00:00+00:00,0.179815,,
2023-05-06 22:00:00+00:00,0.178136,,
2023-05-06 23:00:00+00:00,0.180125,,
2023-05-07 00:00:00+00:00,0.180797,,
2023-05-07 01:00:00+00:00,0.179918,,
2023-05-07 02:00:00+00:00,0.180347,,
2023-05-07 03:00:00+00:00,0.177908,,
2023-05-07 04:00:00+00:00,0.166362,,
2023-05-07 05:00:00+00:00,0.168063,,
2023-05-07 06:00:00+00:00,0.194706,,
2023-05-07 07:00:00+00:00,0.218032,,
2023-05-07 08:00:00+00:00,0.229518,,
2023-05-07 09:00:00+00:00,0.228212,,
2023-05-07 10:00:00+00:00,0.223171,,
2023-05-07 11:00:00+00:00,0.216939,,
2023-05-07 12:00:00+00:00,0.210124,,
2023-05-07 13:00:00+00:00,0.203466,,
2023-05-07 14:00:00+00:00,0.200186,,
2023-05-07 15:00:00+00:00,0.201923,,
2023-05-07 16:00:00+00:00,0.200792,,
2023-05-07 17:00:00+00:00,0.196753,,
2023-05-07 18:00:00+00:00,0.230847,,
2023-05-07 19:00:00+00:00,0.265587,,
2023-05-07 20:00:00+00:00,0.260066,,
2023-05-07 21:00:00+00:00,0.238123,,
2023-05-07 22:00:00+00:00,0.226599,,
2023-05-07 23:00:00+00:00,0.218047,,
2023-05-08 00:00:00+00:00,0.207641,,
2023-05-08 01:00:00+00:00,0.198676,,
2023-05-08 02:00:00+00:00,0.189389,,
2023-05-08 03:00:00+00:00,0.176188,,
2023-05-08 04:00:00+00:00,0.155228,,
2023-05-08 05:00:00+00:00,0.141657,,
2023-05-08 06:00:00+00:00,0.189281,,
2023-05-08 07:00:00+00:00,0.215594,,
2023-05-08 08:00:00+00:00,0.230455,,
2023-05-08 09:00:00+00:00,0.235141,,
2023-05-08 10:00:00+00:00,0.232335,,
2023-05-08 11:00:00+00:00,0.224992,,
2023-05-08 12:00:00+00:00,0.214383,,
2023-05-08 13:00:00+00:00,0.202895,,
2023-05-08 14:00:00+00:00,0.192794,,
2023-05-08 15:00:00+00:00,0.186587,,
2023-05-08 16:00:00+00:00,0.173868,,
2023-05-08 17:00:00+00:00,0.183777,,
2023-05-08 18:00:00+00:00,0.244031,,
2023-05-08 19:00:00+00:00,0.290281,,
2023-05-08 20:00:00+00:00,0.289981,,
2023-05-08 21:00:00+00:00,0.279561,,
2023-05-08 22:00:00+00:00,0.269301,,
2023-05-08 23:00:00+00:00,0.259582,,
2023-05-09 00:00:00+00:00,0.253953,,
2023-05-09 01:00:00+00:00,0.248001,,
2023-05-09 02:00:00+00:00,0.24316,,
2023-05-09 03:00:00+00:00,0.238408,,
2023-05-09 04:00:00+00:00,0.2069,,
2023-05-09 05:00:00+00:00,0.156886,,
2023-05-09 06:00:00+00:00,0.191256,,
2023-05-09 07:00:00+00:00,0.238073,,
2023-05-09 08:00:00+00:00,0.27021,,
2023-05-09 09:00:00+00:00,0.301676,,
2023-05-09 10:00:00+00:00,0.322264,,
2023-05-09 11:00:00+00:00,0.325959,,
2023-05-09 12:00:00+00:00,0.317228,,
2023-05-09 13:00:00+00:00,0.304576,,
2023-05-09 14:00:00+00:00,0.292226,,
2023-05-09 15:00:00+00:00,0.280771,,
2023-05-09 16:00:00+00:00,0.261633,,
2023-05-09 17:00:00+00:00,0.263353,,
2023-05-09 18:00:00+00:00,0.295671,,
2023-05-09 19:00:00+00:00,0.313066,,
2023-05-09 20:00:00+00:00,0.309707,,
2023-05-09 21:00:00+00:00,0.30152,,
2023-05-09 22:00:00+00:00,0.280349,,
2023-05-09 23:00:00+00:00,0.266101,,
2023-05-10 00:00:00+00:00,0.25616,,
2023-05-10 01:00:00+00:00,0.246368,,
2023-05-10 02:00:00+00:00,0.229621,,
2023-05-10 03:00:00+00:00,0.211107,,
2023-05-10 04:00:00+00:00,0.175676,,
2023-05-10 05:00:00+00:00,0.134781,,
2023-05-10 06:00:00+00:00,0.154026,,
2023-05-10 07:00:00+00:00,0.172851,,
2023-05-10 08:00:00+00:00,0.173262,,
2023-05-10 09:00:00+00:00,0.1683,,
2023-05-10 10:00:00+00:00,0.161128,,
2023-05-10 11:00:00+00:00,0.148657,,
2023-05-10 12:00:00+00:00,0.132271,,
2023-05-10 13:00:00+00:00,0.11452,,
2023-05-10 14:00:00+00:00,0.09722,,
2023-05-10 15:00:00+00:00,0.076317,,
2023-05-10 16:00:00+00:00,0.057054,,
2023-05-10 17:00:00+00:00,0.051284,,
2023-05-10 18:00:00+00:00,0.054609,,
2023-05-10 19:00:00+00:00,0.05643,,
2023-05-10 20:00:00+00:00,0.054585,,
2023-05-10 21:00:00+00:00,0.053235,,
2023-05-10 22:00:00+00:00,0.052905,,
2023-05-10 23:00:00+00:00,0.053999,,
2023-05-11 00:00:00+00:00,0.055613,,
2023-05-11 01:00:00+00:00,0.059004,,
2023-05-11 02:00:00+00:00,0.063262,,
2023-05-11 03:00:00+00:00,0.065723,,
2023-05-11 04:00:00+00:00,0.057422,,
2023-05-11 05:00:00+00:00,0.040066,,
2023-05-11 06:00:00+00:00,0.039286,,
2023-05-11 07:00:00+00:00,0.05203,,
2023-05-11 08:00:00+00:00,0.062048,,
2023-05-11 09:00:00+00:00,0.069409,,
2023-05-11 10:00:00+00:00,0.075299,,
2023-05-11 11:00:00+00:00,0.078486,,
2023-05-11 12:00:00+00:00,0.079945,,
2023-05-11 13:00:00+00:00,0.081811,,
2023-05-11 14:00:00+00:00,0.084195,,
2023-05-11 15:00:00+00:00,0.085932,,
2023-05-11 16:00:00+00:00,0.085766,,
2023-05-11 17:00:00+00:00,0.110044,,
2023-05-11 18:00:00+00:00,0.155069,,
2023-05-11 19:00:00+00:00,0.188468,,
2023-05-11 20:00:00+00:00,0.195987,,
2023-05-11 21:00:00+00:00,0.192028,,
2023-05-11 22:00:00+00:00,0.182966,,
2023-05-11 23:00:00+00:00,0.169283,,
2023-05-12 00:00:00+00:00,0.15725,,
2023-05-12 01:00:00+00:00,0.150077,,
2023-05-12 02:00:00+00:00,0.14736,,
2023-05-12 03:00:00+00:00,0.146487,,
2023-05-12 04:00:00+00:00,0.125636,,
2023-05-12 05:00:00+00:00,0.085888,,
2023-05-12 06:00:00+00:00,0.074823,,
2023-05-12 07:00:00+00:00,0.102377,,
2023-05-12 08:00:00+00:00,0.146939,,
2023-05-12 09:00:00+00:00,0.176795,,
2023-05-12 10:00:00+00:00,0.191261,,
2023-05-12 11:00:00+00:00,0.201543,,
2023-05-12 12:00:00+00:00,0.209656,,
2023-05-12 13:00:00+00:00,0.215531,,
2023-05-12 14:00:00+00:00,0.219967,,
2023-05-12 15:00:00+00:00,0.218748,,
2023-05-12 16:00:00+00:00,0.188362,,
2023-05-12 17:00:00+00:00,0.189854,,
2023-05-12 18:00:00+00:00,0.239926,,
2023-05-12 19:00:00+00:00,0.278058,,
2023-05-12 20:00:00+00:00,0.268314,,
2023-05-12 21:00:00+00:00,0.245958,,
2023-05-12 22:00:00+00:00,0.221415,,
2023-05-12 23:00:00+00:00,0.199673,,
2023-05-13 00:00:00+00:00,0.179925,,
2023-05-13 01:00:00+00:00,0.163907,,
2023-05-13 02:00:00+00:00,0.15371,,
2023-05-13 03:00:00+00:00,0.147092,,
2023-05-13 04:00:00+00:00,0.122871,,
2023-05-13 05:00:00+00:00,0.082279,,
2023-05-13 06:00:00+00:00,0.075798,,
2023-05-13 07:00:00+00:00,0.113283,,
2023-05-13 08:00:00+00:00,0.155415,,
2023-05-13 09:00:00+00:00,0.172329,,
2023-05-13 10:00:00+00:00,0.163036,,
2023-05-13 11:00:00+00:00,0.147489,,
2023-05-13 12:00:00+00:00,0.134851,,
2023-05-13 13:00:00+00:00,0.128951,,
2023-05-13 14:00:00+00:00,0.129152,,
2023-05-13 15:00:00+00:00,0.129579,,
2023-05-13 16:00:00+00:00,0.121216,,
2023-05-13 17:00:00+00:00,0.123389,,
2023-05-13 18:00:00+00:00,0.150163,,
2023-05-13 19:00:00+00:00,0.169135,,
2023-05-13 20:00:00+00:00,0.161956,,
2023-05-13 21:00:00+00:00,0.144535,,
2023-05-13 22:00:00+00:00,0.126112,,
2023-05-13 23:00:00+00:00,0.108079,,
2023-05-14 00:00:00+00:00,0.094507,,
2023-05-14 01:00:00+00:00,0.08604,,
2023-05-14 02:00:00+00:00,0.083638,,
2023-05-14 03:00:00+00:00,0.085385,,
2023-05-14 04:00:00+00:00,0.078923,,
2023-05-14 05:00:00+00:00,0.045431,,
2023-05-14 06:00:00+00:00,0.037689,,
2023-05-14 07:00:00+00:00,0.06151,,
2023-05-14 08:00:00+00:00,0.068197,,
2023-05-14 09:00:00+00:00,0.063635,,
2023-05-14 10:00:00+00:00,0.059617,,
2023-05-14 11:00:00+00:00,0.06165,,
2023-05-14 12:00:00+00:00,0.06606,,
2023-05-14 13:00:00+00:00,0.067668,,
2023-05-14 14:00:00+00:00,0.067605,,
2023-05-14 15:00:00+00:00,0.067211,,
2023-05-14 16:00:00+00:00,0.062868,,
2023-05-14 17:00:00+00:00,0.062288,,
2023-05-14 18:00:00+00:00,0.071441,,
2023-05-14 19:00:00+00:00,0.076696,,
2023-05-14 20:00:00+00:00,0.071983,,
2023-05-14 21:00:00+00:00,0.058764,,
2023-05-14 22:00:00+00:00,0.046512,,
2023-05-14 23:00:00+00:00,0.03961,,
2023-05-15 00:00:00+00:00,0.037556,,
2023-05-15 01:00:00+00:00,0.03931,,
2023-05-15 02:00:00+00:00,0.043946,,
2023-05-15 03:00:00+00:00,0.048567,,
2023-05-15 04:00:00+00:00,0.049044,,
2023-05-15 05:00:00+00:00,0.033713,,
2023-05-15 06:00:00+00:00,0.030167,,
2023-05-15 07:00:00+00:00,0.041913,,
2023-05-15 08:00:00+00:00,0.053117,,
2023-05-15 09:00:00+00:00,0.066146,,
2023-05-15 10:00:00+00:00,0.082105,,
2023-05-15 11:00:00+00:00,0.101155,,
2023-05-15 12:00:00+00:00,0.121367,,
2023-05-15 13:00:00+00:00,0.142004,,
2023-05-15 14:00:00+00:00,0.161841,,
2023-05-15 15:00:00+00:00,0.178456,,
2023-05-15 16:00:00+00:00,0.181763,,
2023-05-15 17:00:00+00:00,0.193986,,
2023-05-15 18:00:00+00:00,0.220308,,
2023-05-15 19:00:00+00:00,0.244843,,
2023-05-15 20:00:00+00:00,0.253166,,
2023-05-15 21:00:00+00:00,0.254624,,
2023-05-15 22:00:00+00:00,0.248982,,
2023-05-15 23:00:00+00:00,0.248505,,
2023-05-16 00:00:00+00:00,0.247271,,
2023-05-16 01:00:00+00:00,0.244113,,
2023-05-16 02:00:00+00:00,0.239544,,
2023-05-16 03:00:00+00:00,0.233353,,
2023-05-16 04:00:00+00:00,0.22171,,
2023-05-16 05:00:00+00:00,0.249426,,
2023-05-16 06:00:00+00:00,0.285899,,
2023-05-16 07:00:00+00:00,0.288776,,
2023-05-16 08:00:00+00:00,0.296666,,
2023-05-16 09:00:00+00:00,0.307571,,
2023-05-16 10:00:00+00:00,0.320702,,
2023-05-16 11:00:00+00:00,0.335034,,
2023-05-16 12:00:00+00:00,0.344965,,
2023-05-16 13:00:00+00:00,0.3491,,
2023-05-16 14:00:00+00:00,0.348414,,
2023-05-16 15:00:00+00:00,0.352024,,
2023-05-16 16:00:00+00:00,0.351693,,
2023-05-16 17:00:00+00:00,0.326751,,
2023-05-16 18:00:00+00:00,0.300416,,
2023-05-16 19:00:00+00:00,0.297824,,
2023-05-16 20:00:00+00:00,0.294198,,
2023-05-16 21:00:00+00:00,0.283078,,
2023-05-16 22:00:00+00:00,0.274772,,
2023-05-16 23:00:00+00:00,0.271653,,
2023-05-17 00:00:00+00:00,0.272231,,
2023-05-17 01:00:00+00:00,0.259611,,
2023-05-17 02:00:00+00:00,0.247763,,
2023-05-17 03:00:00+00:00,0.230631,,
2023-05-17 04:00:00+00:00,0.198653,,
2023-05-17 05:00:00+00:00,0.209727,,
2023-05-17 06:00:00+00:00,0.258313,,
2023-05-17 07:00:00+00:00,0.254141,,
2023-05-17 08:00:00+00:00,0.244497,,
2023-05-17 09:00:00+00:00,0.235676,,
2023-05-17 10:00:00+00:00,0.229095,,
2023-05-17 11:00:00+00:00,0.226339,,
2023-05-17 12:00:00+00:00,0.222485,,
2023-05-17 13:00:00+00:00,0.216398,,
2023-05-17 14:00:00+00:00,0.205995,,
2023-05-17 15:00:00+00:00,0.193025,,
2023-05-17 16:00:00+00:00,0.17837,,
2023-05-17 17:00:00+00:00,0.160777,,
2023-05-17 18:00:00+00:00,0.16617,,
2023-05-17 19:00:00+00:00,0.190143,,
2023-05-17 20:00:00+00:00,0.188603,,
2023-05-17 21:00:00+00:00,0.174323,,
2023-05-17 22:00:00+00:00,0.155899,,
2023-05-17 23:00:00+00:00,0.139741,,
2023-05-18 00:00:00+00:00,0.127792,,
2023-05-18 01:00:00+00:00,0.118039,,
2023-05-18 02:00:00+00:00,0.107692,,
2023-05-18 03:00:00+00:00,0.095129,,
2023-05-18 04:00:00+00:00,0.068042,,
2023-05-18 05:00:00+00:00,0.038023,,
2023-05-18 06:00:00+00:00,0.048273,,
2023-05-18 07:00:00+00:00,0.050002,,
2023-05-18 08:00:00+00:00,0.050184,,
2023-05-18 09:00:00+00:00,0.051255,,
2023-05-18 10:00:00+00:00,0.053482,,
2023-05-18 11:00:00+00:00,0.057787,,
2023-05-18 12:00:00+00:00,0.064226,,
2023-05-18 13:00:00+00:00,0.072851,,
2023-05-18 14:00:00+00:00,0.083265,,
2023-05-18 15:00:00+00:00,0.095341,,
2023-05-18 16:00:00+00:00,0.106565,,
2023-05-18 17:00:00+00:00,0.11346,,
2023-05-18 18:00:00+00:00,0.146346,,
2023-05-18 19:00:00+00:00,0.191256,,
2023-05-18 20:00:00+00:00,0.20077,,
2023-05-18 21:00:00+00:00,0.191037,,
2023-05-18 22:00:00+00:00,0.175671,,
2023-05-18 23:00:00+00:00,0.160282,,
2023-05-19 00:00:00+00:00,0.148362,,
2023-05-19 01:00:00+00:00,0.138951,,
2023-05-19 02:00:00+00:00,0.132296,,
2023-05-19 03:00:00+00:00,0.126648,,
2023-05-19 04:00:00+00:00,0.101148,,
2023-05-19 05:00:00+00:00,0.054003,,
2023-05-19 06:00:00+00:00,0.055677,,
2023-05-19 07:00:00+00:00,0.087506,,
2023-05-19 08:00:00+00:00,0.105965,,
2023-05-19 09:00:00+00:00,0.114147,,
2023-05-19 10:00:00+00:00,0.117903,,
2023-05-19 11:00:00+00:00,0.123413,,
2023-05-19 12:00:00+00:00,0.132419,,
2023-05-19 13:00:00+00:00,0.143571,,
2023-05-19 14:00:00+00:00,0.156938,,
2023-05-19 15:00:00+00:00,0.1742,,
2023-05-19 16:00:00+00:00,0.187253,,
2023-05-19 17:00:00+00:00,0.196982,,
2023-05-19 18:00:00+00:00,0.245879,,
2023-05-19 19:00:00+00:00,0.302539,,
2023-05-19 20:00:00+00:00,0.306007,,
2023-05-19 21:00:00+00:00,0.285898,,
2023-05-19 22:00:00+00:00,0.261066,,
2023-05-19 23:00:00+00:00,0.241049,,
2023-05-20 00:00:00+00:00,0.226124,,
2023-05-20 01:00:00+00:00,0.219297,,
2023-05-20 02:00:00+00:00,0.215289,,
2023-05-20 03:00:00+00:00,0.209169,,
2023-05-20 04:00:00+00:00,0.175919,,
2023-05-20 05:00:00+00:00,0.155512,,
2023-05-20 06:00:00+00:00,0.209324,,
2023-05-20 07:00:00+00:00,0.26227,,
2023-05-20 08:00:00+00:00,0.284717,,
2023-05-20 09:00:00+00:00,0.285528,,
2023-05-20 10:00:00+00:00,0.279759,,
2023-05-20 11:00:00+00:00,0.275388,,
2023-05-20 12:00:00+00:00,0.273985,,
2023-05-20 13:00:00+00:00,0.274533,,
2023-05-20 14:00:00+00:00,0.276002,,
2023-05-20 15:00:00+00:00,0.280619,,
2023-05-20 16:00:00+00:00,0.273942,,
2023-05-20 17:00:00+00:00,0.260504,,
2023-05-20 18:00:00+00:00,0.277393,,
2023-05-20 19:00:00+00:00,0.295393,,
2023-05-20 20:00:00+00:00,0.277638,,
2023-05-20 21:00:00+00:00,0.252496,,
2023-05-20 22:00:00+00:00,0.236268,,
2023-05-20 23:00:00+00:00,0.214965,,
2023-05-21 00:00:00+00:00,0.198741,,
2023-05-21 01:00:00+00:00,0.188746,,
2023-05-21 02:00:00+00:00,0.181938,,
2023-05-21 03:00:00+00:00,0.174513,,
2023-05-21 04:00:00+00:00,0.138478,,
2023-05-21 05:00:00+00:00,0.095093,,
2023-05-21 06:00:00+00:00,0.090796,,
2023-05-21 07:00:00+00:00,0.110848,,
2023-05-21 08:00:00+00:00,0.129942,,
2023-05-21 09:00:00+00:00,0.150439,,
2023-05-21 10:00:00+00:00,0.169723,,
2023-05-21 11:00:00+00:00,0.187054,,
2023-05-21 12:00:00+00:00,0.19998,,
2023-05-21 13:00:00+00:00,0.204837,,
2023-05-21 14:00:00+00:00,0.207128,,
2023-05-21 15:00:00+00:00,0.20802,,
2023-05-21 16:00:00+00:00,0.214795,,
2023-05-21 17:00:00+00:00,0.235383,,
2023-05-21 18:00:00+00:00,0.278136,,
2023-05-21 19:00:00+00:00,0.311044,,
2023-05-21 20:00:00+00:00,0.301772,,
2023-05-21 21:00:00+00:00,0.288577,,
2023-05-21 22:00:00+00:00,0.264084,,
2023-05-21 23:00:00+00:00,0.240071,,
2023-05-22 00:00:00+00:00,0.223273,,
2023-05-22 01:00:00+00:00,0.203179,,
2023-05-22 02:00:00+00:00,0.187929,,
2023-05-22 03:00:00+00:00,0.172342,,
2023-05-22 04:00:00+00:00,0.137778,,
2023-05-22 05:00:00+00:00,0.090435,,
2023-05-22 06:00:00+00:00,0.07597,,
2023-05-22 07:00:00+00:00,0.091304,,
2023-05-22 08:00:00+00:00,0.112059,,
2023-05-22 09:00:00+00:00,0.131542,,
2023-05-22 10:00:00+00:00,0.139288,,
2023-05-22 11:00:00+00:00,0.134037,,
2023-05-22 12:00:00+00:00,0.121012,,
2023-05-22 13:00:00+00:00,0.10629,,
2023-05-22 14:00:00+00:00,0.093245,,
2023-05-22 15:00:00+00:00,0.090859,,
2023-05-22 16:00:00+00:00,0.100169,,
2023-05-22 17:00:00+00:00,0.12434,,
2023-05-22 18:00:00+00:00,0.156251,,
2023-05-22 19:00:00+00:00,0.181342,,
2023-05-22 20:00:00+00:00,0.185314,,
2023-05-22 21:00:00+00:00,0.178254,,
2023-05-22 22:00:00+00:00,0.169071,,
2023-05-22 23:00:00+00:00,0.16029,,
2023-05-23 00:00:00+00:00,0.158019,,
2023-05-23 01:00:00+00:00,0.162315,,
2023-05-23 02:00:00+00:00,0.176754,,
2023-05-23 03:00:00+00:00,0.202054,,
2023-05-23 04:00:00+00:00,0.217334,,
2023-05-23 05:00:00+00:00,0.251612,,
2023-05-23 06:00:00+00:00,0.299876,,
2023-05-23 07:00:00+00:00,0.3268,,
2023-05-23 08:00:00+00:00,0.337158,,
2023-05-23 09:00:00+00:00,0.341736,,
2023-05-23 10:00:00+00:00,0.347022,,
2023-05-23 11:00:00+00:00,0.360236,,
2023-05-23 12:00:00+00:00,0.376664,,
2023-05-23 13:00:00+00:00,0.389644,,
2023-05-23 14:00:00+00:00,0.394339,,
2023-05-23 15:00:00+00:00,0.391674,,
2023-05-23 16:00:00+00:00,0.382836,,
2023-05-23 17:00:00+00:00,0.359056,,
2023-05-23 18:00:00+00:00,0.327356,,
2023-05-23 19:00:00+00:00,0.305377,,
2023-05-23 20:00:00+00:00,0.276514,,
2023-05-23 21:00:00+00:00,0.255839,,
2023-05-23 22:00:00+00:00,0.245944,,
2023-05-23 23:00:00+00:00,0.230714,,
2023-05-24 00:00:00+00:00,0.212859,,
2023-05-24 01:00:00+00:00,0.189754,,
2023-05-24 02:00:00+00:00,0.162246,,
2023-05-24 03:00:00+00:00,0.137122,,
2023-05-24 04:00:00+00:00,0.111171,,
2023-05-24 05:00:00+00:00,0.101193,,
2023-05-24 06:00:00+00:00,0.098884,,
2023-05-24 07:00:00+00:00,0.087871,,
2023-05-24 08:00:00+00:00,0.073348,,
2023-05-24 09:00:00+00:00,0.06014,,
2023-05-24 10:00:00+00:00,0.048965,,
2023-05-24 11:00:00+00:00,0.042478,,
2023-05-24 12:00:00+00:00,0.040438,,
2023-05-24 13:00:00+00:00,0.040665,,
2023-05-24 14:00:00+00:00,0.042699,,
2023-05-24 15:00:00+00:00,0.046068,,
2023-05-24 16:00:00+00:00,0.051687,,
2023-05-24 17:00:00+00:00,0.058476,,
2023-05-24 18:00:00+00:00,0.073732,,
2023-05-24 19:00:00+00:00,0.101643,,
2023-05-24 20:00:00+00:00,0.123163,,
2023-05-24 21:00:00+00:00,0.133638,,
2023-05-24 22:00:00+00:00,0.137843,,
2023-05-24 23:00:00+00:00,0.141836,,
2023-05-25 00:00:00+00:00,0.142946,,
2023-05-25 01:00:00+00:00,0.143429,,
2023-05-25 02:00:00+00:00,0.13985,,
2023-05-25 03:00:00+00:00,0.130125,,
2023-05-25 04:00:00+00:00,0.096225,,
2023-05-25 05:00:00+00:00,0.081456,,
2023-05-25 06:00:00+00:00,0.096581,,
2023-05-25 07:00:00+00:00,0.095795,,
2023-05-25 08:00:00+00:00,0.093646,,
2023-05-25 09:00:00+00:00,0.092527,,
2023-05-25 10:00:00+00:00,0.094421,,
2023-05-25 11:00:00+00:00,0.099829,,
2023-05-25 12:00:00+00:00,0.106615,,
2023-05-25 13:00:00+00:00,0.113963,,
2023-05-25 14:00:00+00:00,0.121879,,
2023-05-25 15:00:00+00:00,0.132067,,
2023-05-25 16:00:00+00:00,0.14653,,
2023-05-25 17:00:00+00:00,0.157309,,
2023-05-25 18:00:00+00:00,0.183745,,
2023-05-25 19:00:00+00:00,0.225118,,
2023-05-25 20:00:00+00:00,0.235857,,
2023-05-25 21:00:00+00:00,0.222978,,
2023-05-25 22:00:00+00:00,0.205102,,
2023-05-25 23:00:00+00:00,0.189799,,
2023-05-26 00:00:00+00:00,0.178258,,
2023-05-26 01:00:00+00:00,0.171636,,
2023-05-26 02:00:00+00:00,0.167816,,
2023-05-26 03:00:00+00:00,0.160898,,
2023-05-26 04:00:00+00:00,0.126062,,
2023-05-26 05:00:00+00:00,0.123402,,
2023-05-26 06:00:00+00:00,0.132997,,
2023-05-26 07:00:00+00:00,0.12594,,
2023-05-26 08:00:00+00:00,0.124074,,
2023-05-26 09:00:00+00:00,0.124009,,
2023-05-26 10:00:00+00:00,0.126576,,
2023-05-26 11:00:00+00:00,0.132328,,
2023-05-26 12:00:00+00:00,0.139703,,
2023-05-26 13:00:00+00:00,0.147839,,
2023-05-26 14:00:00+00:00,0.154971,,
2023-05-26 15:00:00+00:00,0.16324,,
2023-05-26 16:00:00+00:00,0.17268,,
2023-05-26 17:00:00+00:00,0.174405,,
2023-05-26 18:00:00+00:00,0.194364,,
2023-05-26 19:00:00+00:00,0.235888,,
2023-05-26 20:00:00+00:00,0.240778,,
2023-05-26 21:00:00+00:00,0.2175,,
2023-05-26 22:00:00+00:00,0.191084,,
2023-05-26 23:00:00+00:00,0.168267,,
2023-05-27 00:00:00+00:00,0.145676,,
2023-05-27 01:00:00+00:00,0.124033,,
2023-05-27 02:00:00+00:00,0.104795,,
2023-05-27 03:00:00+00:00,0.089435,,
2023-05-27 04:00:00+00:00,0.060588,,
2023-05-27 05:00:00+00:00,0.036882,,
2023-05-27 06:00:00+00:00,0.040716,,
2023-05-27 07:00:00+00:00,0.042517,,
2023-05-27 08:00:00+00:00,0.042889,,
2023-05-27 09:00:00+00:00,0.044736,,
2023-05-27 10:00:00+00:00,0.046869,,
2023-05-27 11:00:00+00:00,0.049008,,
2023-05-27 12:00:00+00:00,0.050276,,
2023-05-27 13:00:00+00:00,0.049428,,
2023-05-27 14:00:00+00:00,0.046662,,
2023-05-27 15:00:00+00:00,0.044432,,
2023-05-27 16:00:00+00:00,0.044068,,
2023-05-27 17:00:00+00:00,0.05033,,
2023-05-27 18:00:00+00:00,0.077034,,
2023-05-27 19:00:00+00:00,0.114745,,
2023-05-27 20:00:00+00:00,0.139761,,
2023-05-27 21:00:00+00:00,0.146768,,
2023-05-27 22:00:00+00:00,0.138858,,
2023-05-27 23:00:00+00:00,0.123347,,
2023-05-28 00:00:00+00:00,0.104872,,
2023-05-28 01:00:00+00:00,0.086898,,
2023-05-28 02:00:00+00:00,0.072142,,
2023-05-28 03:00:00+00:00,0.059972,,
2023-05-28 04:00:00+00:00,0.045051,,
2023-05-28 05:00:00+00:00,0.021743,,
2023-05-28 06:00:00+00:00,0.016322,,
2023-05-28 07:00:00+00:00,0.028522,,
2023-05-28 08:00:00+00:00,0.03781,,
2023-05-28 09:00:00+00:00,0.039868,,
2023-05-28 10:00:00+00:00,0.040092,,
2023-05-28 11:00:00+00:00,0.041615,,
2023-05-28 12:00:00+00:00,0.045965,,
2023-05-28 13:00:00+00:00,0.054482,,
2023-05-28 14:00:00+00:00,0.069623,,
2023-05-28 15:00:00+00:00,0.092413,,
2023-05-28 16:00:00+00:00,0.124438,,
2023-05-28 17:00:00+00:00,0.162237,,
2023-05-28 18:00:00+00:00,0.210733,,
2023-05-28 19:00:00+00:00,0.258252,,
2023-05-28 20:00:00+00:00,0.268976,,
2023-05-28 21:00:00+00:00,0.247596,,
2023-05-28 22:00:00+00:00,0.219287,,
2023-05-28 23:00:00+00:00,0.194411,,
2023-05-29 00:00:00+00:00,0.175799,,
2023-05-29 01:00:00+00:00,0.161229,,
2023-05-29 02:00:00+00:00,0.152861,,
2023-05-29 03:00:00+00:00,0.145133,,
2023-05-29 04:00:00+00:00,0.111493,,
2023-05-29 05:00:00+00:00,0.086847,,
2023-05-29 06:00:00+00:00,0.087864,,
2023-05-29 07:00:00+00:00,0.097012,,
2023-05-29 08:00:00+00:00,0.10137,,
2023-05-29 09:00:00+00:00,0.103724,,
2023-05-29 10:00:00+00:00,0.107665,,
2023-05-29 11:00:00+00:00,0.113548,,
2023-05-29 12:00:00+00:00,0.121713,,
2023-05-29 13:00:00+00:00,0.132516,,
2023-05-29 14:00:00+00:00,0.146914,,
2023-05-29 15:00:00+00:00,0.167999,,
2023-05-29 16:00:00+00:00,0.189381,,
2023-05-29 17:00:00+00:00,0.201061,,
2023-05-29 18:00:00+00:00,0.226532,,
2023-05-29 19:00:00+00:00,0.264247,,
2023-05-29 20:00:00+00:00,0.266411,,
2023-05-29 21:00:00+00:00,0.243882,,
2023-05-29 22:00:00+00:00,0.221222,,
2023-05-29 23:00:00+00:00,0.199096,,
2023-05-30 00:00:00+00:00,0.179748,,
2023-05-30 01:00:00+00:00,0.163264,,
2023-05-30 02:00:00+00:00,0.151715,,
2023-05-30 03:00:00+00:00,0.139137,,
2023-05-30 04:00:00+00:00,0.101541,,
2023-05-30 05:00:00+00:00,0.077213,,
2023-05-30 06:00:00+00:00,0.074709,,
2023-05-30 07:00:00+00:00,0.072005,,
2023-05-30 08:00:00+00:00,0.070438,,
2023-05-30 09:00:00+00:00,0.072033,,
2023-05-30 10:00:00+00:00,0.076208,,
2023-05-30 11:00:00+00:00,0.081489,,
2023-05-30 12:00:00+00:00,0.088131,,
2023-05-30 13:00:00+00:00,0.096537,,
2023-05-30 14:00:00+00:00,0.105956,,
2023-05-30 15:00:00+00:00,0.118021,,
2023-05-30 16:00:00+00:00,0.128979,,
2023-05-30 17:00:00+00:00,0.130883,,
2023-05-30 18:00:00+00:00,0.156381,,
2023-05-30 19:00:00+00:00,0.205113,,
2023-05-30 20:00:00+00:00,0.220554,,
2023-05-30 21:00:00+00:00,0.207973,,
2023-05-30 22:00:00+00:00,0.190018,,
2023-05-30 23:00:00+00:00,0.173144,,
2023-05-31 00:00:00+00:00,0.15623,,
2023-05-31 01:00:00+00:00,0.139655,,
2023-05-31 02:00:00+00:00,0.124163,,
2023-05-31 03:00:00+00:00,0.109464,,
2023-05-31 04:00:00+00:00,0.072952,,
2023-05-31 05:00:00+00:00,0.036333,,
2023-05-31 06:00:00+00:00,0.038912,,
2023-05-31 07:00:00+00:00,0.069834,,
2023-05-31 08:00:00+00:00,0.080834,,
2023-05-31 09:00:00+00:00,0.090195,,
2023-05-31 10:00:00+00:00,0.098761,,
2023-05-31 11:00:00+00:00,0.108359,,
2023-05-31 12:00:00+00:00,0.119881,,
2023-05-31 13:00:00+00:00,0.132421,,
2023-05-31 14:00:00+00:00,0.145034,,
2023-05-31 15:00:00+00:00,0.15753,,
2023-05-31 16:00:00+00:00,0.163859,,
2023-05-31 17:00:00+00:00,0.168013,,
2023-05-31 18:00:00+00:00,0.192789,,
2023-05-31 19:00:00+00:00,0.228674,,
2023-05-31 20:00:00+00:00,0.243215,,
2023-05-31 21:00:00+00:00,0.234434,,
2023-05-31 22:00:00+00:00,0.219294,,
2023-05-31 23:00:00+00:00,0.206175,,
2023-06-01 00:00:00+00:00,0.195943,,
2023-06-01 01:00:00+00:00,0.188337,,
2023-06-01 02:00:00+00:00,0.185169,,
2023-06-01 03:00:00+00:00,0.175768,,
2023-06-01 04:00:00+00:00,0.149517,,
2023-06-01 05:00:00+00:00,0.134864,,
2023-06-01 06:00:00+00:00,0.129498,,
2023-06-01 07:00:00+00:00,0.135491,,
2023-06-01 08:00:00+00:00,0.144861,,
2023-06-01 09:00:00+00:00,0.154352,,
2023-06-01 10:00:00+00:00,0.164512,,
2023-06-01 11:00:00+00:00,0.174884,,
2023-06-01 12:00:00+00:00,0.184925,,
2023-06-01 13:00:00+00:00,0.194709,,
2023-06-01 14:00:00+00:00,0.201884,,
2023-06-01 15:00:00+00:00,0.208691,,
2023-06-01 16:00:00+00:00,0.215067,,
2023-06-01 17:00:00+00:00,0.211897,,
2023-06-01 18:00:00+00:00,0.211025,,
2023-06-01 19:00:00+00:00,0.234552,,
2023-06-01 20:00:00+00:00,0.236375,,
2023-06-01 21:00:00+00:00,0.219113,,
2023-06-01 22:00:00+00:00,0.198747,,
2023-06-01 23:00:00+00:00,0.177854,,
2023-06-02 00:00:00+00:00,0.160437,,
2023-06-02 01:00:00+00:00,0.146872,,
2023-06-02 02:00:00+00:00,0.138376,,
2023-06-02 03:00:00+00:00,0.126805,,
2023-06-02 04:00:00+00:00,0.09904,,
2023-06-02 05:00:00+00:00,0.086411,,
2023-06-02 06:00:00+00:00,0.084948,,
2023-06-02 07:00:00+00:00,0.08936,,
2023-06-02 08:00:00+00:00,0.097746,,
2023-06-02 09:00:00+00:00,0.105115,,
2023-06-02 10:00:00+00:00,0.111717,,
2023-06-02 11:00:00+00:00,0.118666,,
2023-06-02 12:00:00+00:00,0.124638,,
2023-06-02 13:00:00+00:00,0.129417,,
2023-06-02 14:00:00+00:00,0.135087,,
2023-06-02 15:00:00+00:00,0.147711,,
2023-06-02 16:00:00+00:00,0.166265,,
2023-06-02 17:00:00+00:00,0.179005,,
2023-06-02 18:00:00+00:00,0.211161,,
2023-06-02 19:00:00+00:00,0.273199,,
2023-06-02 20:00:00+00:00,0.292448,,
2023-06-02 21:00:00+00:00,0.278422,,
2023-06-02 22:00:00+00:00,0.259624,,
2023-06-02 23:00:00+00:00,0.238034,,
2023-06-03 00:00:00+00:00,0.215208,,
2023-06-03 01:00:00+00:00,0.196621,,
2023-06-03 02:00:00+00:00,0.179907,,
2023-06-03 03:00:00+00:00,0.159333,,
2023-06-03 04:00:00+00:00,0.100788,,
2023-06-03 05:00:00+00:00,0.059973,,
2023-06-03 06:00:00+00:00,0.067788,,
2023-06-03 07:00:00+00:00,0.075838,,
2023-06-03 08:00:00+00:00,0.083929,,
2023-06-03 09:00:00+00:00,0.088011,,
2023-06-03 10:00:00+00:00,0.083634,,
2023-06-03 11:00:00+00:00,0.076161,,
2023-06-03 12:00:00+00:00,0.069845,,
2023-06-03 13:00:00+00:00,0.067096,,
2023-06-03 14:00:00+00:00,0.069677,,
2023-06-03 15:00:00+00:00,0.079523,,
2023-06-03 16:00:00+00:00,0.09588,,
2023-06-03 17:00:00+00:00,0.115785,,
2023-06-03 18:00:00+00:00,0.16353,,
2023-06-03 19:00:00+00:00,0.220412,,
2023-06-03 20:00:00+00:00,0.235665,,
2023-06-03 21:00:00+00:00,0.219605,,
2023-06-03 22:00:00+00:00,0.192445,,
2023-06-03 23:00:00+00:00,0.162939,,
2023-06-04 00:00:00+00:00,0.133026,,
2023-06-04 01:00:00+00:00,0.108223,,
2023-06-04 02:00:00+00:00,0.090522,,
2023-06-04 03:00:00+00:00,0.080448,,
2023-06-04 04:00:00+00:00,0.060024,,
2023-06-04 05:00:00+00:00,0.030444,,
2023-06-04 06:00:00+00:00,0.026031,,
2023-06-04 07:00:00+00:00,0.046823,,
2023-06-04 08:00:00+00:00,0.052034,,
2023-06-04 09:00:00+00:00,0.046138,,
2023-06-04 10:00:00+00:00,0.038722,,
2023-06-04 11:00:00+00:00,0.034803,,
2023-06-04 12:00:00+00:00,0.034926,,
2023-06-04 13:00:00+00:00,0.038548,,
2023-06-04 14:00:00+00:00,0.045092,,
2023-06-04 15:00:00+00:00,0.055217,,
2023-06-04 16:00:00+00:00,0.068607,,
2023-06-04 17:00:00+00:00,0.089474,,
2023-06-04 18:00:00+00:00,0.135743,,
2023-06-04 19:00:00+00:00,0.192033,,
2023-06-04 20:00:00+00:00,0.218779,,
2023-06-04 21:00:00+00:00,0.213173,,
2023-06-04 22:00:00+00:00,0.194221,,
2023-06-04 23:00:00+00:00,0.172637,,
2023-06-05 00:00:00+00:00,0.152513,,
2023-06-05 01:00:00+00:00,0.131195,,
2023-06-05 02:00:00+00:00,0.112212,,
2023-06-05 03:00:00+00:00,0.096277,,
2023-06-05 04:00:00+00:00,0.066516,,
2023-06-05 05:00:00+00:00,0.03074,,
2023-06-05 06:00:00+00:00,0.021116,,
2023-06-05 07:00:00+00:00,0.035847,,
2023-06-05 08:00:00+00:00,0.044768,,
2023-06-05 09:00:00+00:00,0.046732,,
2023-06-05 10:00:00+00:00,0.045974,,
2023-06-05 11:00:00+00:00,0.045446,,
2023-06-05 12:00:00+00:00,0.047058,,
2023-06-05 13:00:00+00:00,0.051201,,
2023-06-05 14:00:00+00:00,0.057561,,
2023-06-05 15:00:00+00:00,0.068607,,
2023-06-05 16:00:00+00:00,0.085095,,
2023-06-05 17:00:00+00:00,0.110638,,
2023-06-05 18:00:00+00:00,0.161736,,
2023-06-05 19:00:00+00:00,0.212973,,
2023-06-05 20:00:00+00:00,0.22622,,
2023-06-05 21:00:00+00:00,0.206616,,
2023-06-05 22:00:00+00:00,0.178267,,
2023-06-05 23:00:00+00:00,0.152017,,
2023-06-06 00:00:00+00:00,0.130995,,
2023-06-06 01:00:00+00:00,0.113676,,
2023-06-06 02:00:00+00:00,0.100529,,
2023-06-06 03:00:00+00:00,0.088606,,
2023-06-06 04:00:00+00:00,0.060739,,
2023-06-06 05:00:00+00:00,0.037248,,
2023-06-06 06:00:00+00:00,0.035253,,
2023-06-06 07:00:00+00:00,0.04081,,
2023-06-06 08:00:00+00:00,0.047176,,
2023-06-06 09:00:00+00:00,0.052399,,
2023-06-06 10:00:00+00:00,0.058314,,
2023-06-06 11:00:00+00:00,0.063128,,
2023-06-06 12:00:00+00:00,0.066014,,
2023-06-06 13:00:00+00:00,0.067135,,
2023-06-06 14:00:00+00:00,0.068317,,
2023-06-06 15:00:00+00:00,0.072507,,
2023-06-06 16:00:00+00:00,0.081394,,
2023-06-06 17:00:00+00:00,0.0907,,
2023-06-06 18:00:00+00:00,0.106339,,
2023-06-06 19:00:00+00:00,0.125678,,
2023-06-06 20:00:00+00:00,0.128436,,
2023-06-06 21:00:00+00:00,0.119744,,
2023-06-06 22:00:00+00:00,0.11178,,
2023-06-06 23:00:00+00:00,0.107279,,
2023-06-07 00:00:00+00:00,0.106125,,
2023-06-07 01:00:00+00:00,0.105369,,
2023-06-07 02:00:00+00:00,0.103686,,
2023-06-07 03:00:00+00:00,0.092238,,
2023-06-07 04:00:00+00:00,0.059863,,
2023-06-07 05:00:00+00:00,0.034245,,
2023-06-07 06:00:00+00:00,0.028677,,
2023-06-07 07:00:00+00:00,0.029946,,
2023-06-07 08:00:00+00:00,0.031469,,
2023-06-07 09:00:00+00:00,0.033365,,
2023-06-07 10:00:00+00:00,0.035161,,
2023-06-07 11:00:00+00:00,0.037083,,
2023-06-07 12:00:00+00:00,0.039379,,
2023-06-07 13:00:00+00:00,0.042421,,
2023-06-07 14:00:00+00:00,0.045924,,
2023-06-07 15:00:00+00:00,0.051664,,
2023-06-07 16:00:00+00:00,0.061244,,
2023-06-07 17:00:00+00:00,0.076412,,
2023-06-07 18:00:00+00:00,0.107119,,
2023-06-07 19:00:00+00:00,0.146423,,
2023-06-07 20:00:00+00:00,0.161348,,
2023-06-07 21:00:00+00:00,0.151533,,
2023-06-07 22:00:00+00:00,0.135645,,
2023-06-07 23:00:00+00:00,0.120717,,
2023-06-08 00:00:00+00:00,0.109116,,
2023-06-08 01:00:00+00:00,0.099573,,
2023-06-08 02:00:00+00:00,0.091931,,
2023-06-08 03:00:00+00:00,0.081433,,
2023-06-08 04:00:00+00:00,0.053301,,
2023-06-08 05:00:00+00:00,0.029252,,
2023-06-08 06:00:00+00:00,0.027422,,
2023-06-08 07:00:00+00:00,0.031067,,
2023-06-08 08:00:00+00:00,0.032068,,
2023-06-08 09:00:00+00:00,0.034829,,
2023-06-08 10:00:00+00:00,0.040005,,
2023-06-08 11:00:00+00:00,0.045745,,
2023-06-08 12:00:00+00:00,0.050734,,
2023-06-08 13:00:00+00:00,0.055368,,
2023-06-08 14:00:00+00:00,0.06041,,
2023-06-08 15:00:00+00:00,0.06722,,
2023-06-08 16:00:00+00:00,0.07631,,
2023-06-08 17:00:00+00:00,0.092742,,
2023-06-08 18:00:00+00:00,0.126599,,
2023-06-08 19:00:00+00:00,0.164685,,
2023-06-08 20:00:00+00:00,0.181711,,
2023-06-08 21:00:00+00:00,0.176306,,
2023-06-08 22:00:00+00:00,0.161966,,
2023-06-08 23:00:00+00:00,0.146896,,
2023-06-09 00:00:00+00:00,0.134486,,
2023-06-09 01:00:00+00:00,0.127428,,
2023-06-09 02:00:00+00:00,0.125581,,
2023-06-09 03:00:00+00:00,0.125545,,
2023-06-09 04:00:00+00:00,0.092528,,
2023-06-09 05:00:00+00:00,0.053405,,
2023-06-09 06:00:00+00:00,0.055529,,
2023-06-09 07:00:00+00:00,0.073048,,
2023-06-09 08:00:00+00:00,0.079987,,
2023-06-09 09:00:00+00:00,0.079908,,
2023-06-09 10:00:00+00:00,0.079773,,
2023-06-09 11:00:00+00:00,0.08637,,
2023-06-09 12:00:00+00:00,0.101551,,
2023-06-09 13:00:00+00:00,0.124847,,
2023-06-09 14:00:00+00:00,0.154871,,
2023-06-09 15:00:00+00:00,0.188677,,
2023-06-09 16:00:00+00:00,0.212708,,
2023-06-09 17:00:00+00:00,0.235353,,
2023-06-09 18:00:00+00:00,0.278374,,
2023-06-09 19:00:00+00:00,0.32346,,
2023-06-09 20:00:00+00:00,0.327759,,
2023-06-09 21:00:00+00:00,0.309692,,
2023-06-09 22:00:00+00:00,0.283326,,
2023-06-09 23:00:00+00:00,0.259406,,
2023-06-10 00:00:00+00:00,0.239085,,
2023-06-10 01:00:00+00:00,0.223599,,
2023-06-10 02:00:00+00:00,0.213149,,
2023-06-10 03:00:00+00:00,0.190821,,
2023-06-10 04:00:00+00:00,0.125307,,
2023-06-10 05:00:00+00:00,0.099504,,
2023-06-10 06:00:00+00:00,0.105372,,
2023-06-10 07:00:00+00:00,0.118656,,
2023-06-10 08:00:00+00:00,0.134697,,
2023-06-10 09:00:00+00:00,0.148537,,
2023-06-10 10:00:00+00:00,0.160934,,
2023-06-10 11:00:00+00:00,0.171122,,
2023-06-10 12:00:00+00:00,0.17937,,
2023-06-10 13:00:00+00:00,0.189468,,
2023-06-10 14:00:00+00:00,0.204617,,
2023-06-10 15:00:00+00:00,0.227204,,
2023-06-10 16:00:00+00:00,0.241866,,
2023-06-10 17:00:00+00:00,0.251023,,
2023-06-10 18:00:00+00:00,0.294641,,
2023-06-10 19:00:00+00:00,0.349126,,
2023-06-10 20:00:00+00:00,0.367867,,
2023-06-10 21:00:00+00:00,0.351033,,
2023-06-10 22:00:00+00:00,0.324339,,
2023-06-10 23:00:00+00:00,0.295828,,
2023-06-11 00:00:00+00:00,0.277728,,
2023-06-11 01:00:00+00:00,0.260131,,
2023-06-11 02:00:00+00:00,0.245677,,
2023-06-11 03:00:00+00:00,0.221645,,
2023-06-11 04:00:00+00:00,0.154286,,
2023-06-11 05:00:00+00:00,0.108028,,
2023-06-11 06:00:00+00:00,0.11763,,
2023-06-11 07:00:00+00:00,0.146952,,
2023-06-11 08:00:00+00:00,0.161558,,
2023-06-11 09:00:00+00:00,0.165739,,
2023-06-11 10:00:00+00:00,0.16435,,
2023-06-11 11:00:00+00:00,0.160251,,
2023-06-11 12:00:00+00:00,0.156867,,
2023-06-11 13:00:00+00:00,0.156099,,
2023-06-11 14:00:00+00:00,0.159139,,
2023-06-11 15:00:00+00:00,0.169877,,
2023-06-11 16:00:00+00:00,0.184438,,
2023-06-11 17:00:00+00:00,0.204917,,
2023-06-11 18:00:00+00:00,0.257975,,
2023-06-11 19:00:00+00:00,0.318658,,
2023-06-11 20:00:00+00:00,0.337029,,
2023-06-11 21:00:00+00:00,0.320108,,
2023-06-11 22:00:00+00:00,0.292232,,
2023-06-11 23:00:00+00:00,0.265796,,
2023-06-12 00:00:00+00:00,0.2419,,
2023-06-12 01:00:00+00:00,0.223064,,
2023-06-12 02:00:00+00:00,0.20945,,
2023-06-12 03:00:00+00:00,0.184816,,
2023-06-12 04:00:00+00:00,0.123467,,
2023-06-12 05:00:00+00:00,0.074919,,
2023-06-12 06:00:00+00:00,0.088336,,
2023-06-12 07:00:00+00:00,0.120938,,
2023-06-12 08:00:00+00:00,0.143742,,
2023-06-12 09:00:00+00:00,0.155566,,
2023-06-12 10:00:00+00:00,0.158071,,
2023-06-12 11:00:00+00:00,0.15325,,
2023-06-12 12:00:00+00:00,0.145787,,
2023-06-12 13:00:00+00:00,0.141214,,
2023-06-12 14:00:00+00:00,0.143882,,
2023-06-12 15:00:00+00:00,0.154999,,
2023-06-12 16:00:00+00:00,0.170694,,
2023-06-12 17:00:00+00:00,0.193357,,
2023-06-12 18:00:00+00:00,0.254637,,
2023-06-12 19:00:00+00:00,0.325292,,
2023-06-12 20:00:00+00:00,0.344287,,
2023-06-12 21:00:00+00:00,0.326806,,
2023-06-12 22:00:00+00:00,0.296847,,
2023-06-12 23:00:00+00:00,0.263475,,
2023-06-13 00:00:00+00:00,0.232548,,
2023-06-13 01:00:00+00:00,0.20922,,
2023-06-13 02:00:00+00:00,0.193528,,
2023-06-13 03:00:00+00:00,0.175767,,
2023-06-13 04:00:00+00:00,0.121726,,
2023-06-13 05:00:00+00:00,0.081683,,
2023-06-13 06:00:00+00:00,0.106349,,
2023-06-13 07:00:00+00:00,0.139449,,
2023-06-13 08:00:00+00:00,0.159397,,
2023-06-13 09:00:00+00:00,0.167276,,
2023-06-13 10:00:00+00:00,0.170713,,
2023-06-13 11:00:00+00:00,0.174478,,
2023-06-13 12:00:00+00:00,0.18104,,
2023-06-13 13:00:00+00:00,0.193373,,
2023-06-13 14:00:00+00:00,0.209715,,
2023-06-13 15:00:00+00:00,0.233777,,
2023-06-13 16:00:00+00:00,0.25679,,
2023-06-13 17:00:00+00:00,0.267031,,
2023-06-13 18:00:00+00:00,0.287561,,
2023-06-13 19:00:00+00:00,0.320795,,
2023-06-13 20:00:00+00:00,0.327921,,
2023-06-13 21:00:00+00:00,0.301167,,
2023-06-13 22:00:00+00:00,0.269115,,
2023-06-13 23:00:00+00:00,0.243253,,
2023-06-14 00:00:00+00:00,0.219555,,
2023-06-14 01:00:00+00:00,0.200363,,
2023-06-14 02:00:00+00:00,0.186758,,
2023-06-14 03:00:00+00:00,0.167518,,
2023-06-14 04:00:00+00:00,0.109867,,
2023-06-14 05:00:00+00:00,0.089007,,
2023-06-14 06:00:00+00:00,0.123778,,
2023-06-14 07:00:00+00:00,0.145991,,
2023-06-14 08:00:00+00:00,0.154247,,
2023-06-14 09:00:00+00:00,0.152922,,
2023-06-14 10:00:00+00:00,0.146521,,
2023-06-14 11:00:00+00:00,0.140519,,
2023-06-14 12:00:00+00:00,0.1364,,
2023-06-14 13:00:00+00:00,0.134554,,
2023-06-14 14:00:00+00:00,0.134948,,
2023-06-14 15:00:00+00:00,0.139696,,
2023-06-14 16:00:00+00:00,0.144373,,
2023-06-14 17:00:00+00:00,0.138694,,
2023-06-14 18:00:00+00:00,0.152252,,
2023-06-14 19:00:00+00:00,0.190568,,
2023-06-14 20:00:00+00:00,0.202253,,
2023-06-14 21:00:00+00:00,0.187173,,
2023-06-14 22:00:00+00:00,0.16136,,
2023-06-14 23:00:00+00:00,0.134894,,
2023-06-15 00:00:00+00:00,0.111171,,
2023-06-15 01:00:00+00:00,0.093273,,
2023-06-15 02:00:00+00:00,0.080597,,
2023-06-15 03:00:00+00:00,0.071198,,
2023-06-15 04:00:00+00:00,0.045791,,
2023-06-15 05:00:00+00:00,0.020755,,
2023-06-15 06:00:00+00:00,0.024934,,
2023-06-15 07:00:00+00:00,0.036064,,
2023-06-15 08:00:00+00:00,0.043156,,
2023-06-15 09:00:00+00:00,0.049755,,
2023-06-15 10:00:00+00:00,0.056678,,
2023-06-15 11:00:00+00:00,0.064866,,
2023-06-15 12:00:00+00:00,0.074543,,
2023-06-15 13:00:00+00:00,0.085121,,
2023-06-15 14:00:00+00:00,0.094038,,
2023-06-15 15:00:00+00:00,0.098312,,
2023-06-15 16:00:00+00:00,0.096115,,
2023-06-15 17:00:00+00:00,0.089564,,
2023-06-15 18:00:00+00:00,0.096931,,
2023-06-15 19:00:00+00:00,0.111756,,
2023-06-15 20:00:00+00:00,0.11079,,
2023-06-15 21:00:00+00:00,0.09947,,
2023-06-15 22:00:00+00:00,0.087816,,
2023-06-15 23:00:00+00:00,0.077512,,
2023-06-16 00:00:00+00:00,0.071549,,
2023-06-16 01:00:00+00:00,0.070896,,
2023-06-16 02:00:00+00:00,0.074074,,
2023-06-16 03:00:00+00:00,0.070612,,
2023-06-16 04:00:00+00:00,0.050539,,
2023-06-16 05:00:00+00:00,0.034326,,
2023-06-16 06:00:00+00:00,0.041762,,
2023-06-16 07:00:00+00:00,0.056802,,
2023-06-16 08:00:00+00:00,0.070837,,
2023-06-16 09:00:00+00:00,0.084875,,
2023-06-16 10:00:00+00:00,0.098854,,
2023-06-16 11:00:00+00:00,0.110565,,
2023-06-16 12:00:00+00:00,0.118435,,
2023-06-16 13:00:00+00:00,0.120659,,
2023-06-16 14:00:00+00:00,0.117045,,
2023-06-16 15:00:00+00:00,0.108278,,
2023-06-16 16:00:00+00:00,0.096914,,
2023-06-16 17:00:00+00:00,0.084214,,
2023-06-16 18:00:00+00:00,0.083963,,
2023-06-16 19:00:00+00:00,0.09176,,
2023-06-16 20:00:00+00:00,0.093261,,
2023-06-16 21:00:00+00:00,0.090276,,
2023-06-16 22:00:00+00:00,0.084956,,
2023-06-16 23:00:00+00:00,0.079847,,
2023-06-17 00:00:00+00:00,0.075344,,
2023-06-17 01:00:00+00:00,0.072268,,
2023-06-17 02:00:00+00:00,0.069681,,
2023-06-17 03:00:00+00:00,0.062771,,
2023-06-17 04:00:00+00:00,0.039218,,
2023-06-17 05:00:00+00:00,0.022822,,
2023-06-17 06:00:00+00:00,0.023802,,
2023-06-17 07:00:00+00:00,0.031011,,
2023-06-17 08:00:00+00:00,0.037347,,
2023-06-17 09:00:00+00:00,0.041507,,
2023-06-17 10:00:00+00:00,0.045254,,
2023-06-17 11:00:00+00:00,0.048896,,
2023-06-17 12:00:00+00:00,0.051304,,
2023-06-17 13:00:00+00:00,0.051011,,
2023-06-17 14:00:00+00:00,0.048348,,
2023-06-17 15:00:00+00:00,0.046174,,
2023-06-17 16:00:00+00:00,0.042083,,
2023-06-17 17:00:00+00:00,0.035972,,
2023-06-17 18:00:00+00:00,0.034345,,
2023-06-17 19:00:00+00:00,0.033805,,
2023-06-17 20:00:00+00:00,0.030882,,
2023-06-17 21:00:00+00:00,0.027785,,
2023-06-17 22:00:00+00:00,0.025806,,
2023-06-17 23:00:00+00:00,0.026018,,
2023-06-18 00:00:00+00:00,0.02946,,
2023-06-18 01:00:00+00:00,0.035152,,
2023-06-18 02:00:00+00:00,0.040613,,
2023-06-18 03:00:00+00:00,0.043254,,
2023-06-18 04:00:00+00:00,0.038207,,
2023-06-18 05:00:00+00:00,0.018603,,
2023-06-18 06:00:00+00:00,0.007288,,
2023-06-18 07:00:00+00:00,0.006818,,
2023-06-18 08:00:00+00:00,0.007348,,
2023-06-18 09:00:00+00:00,0.008245,,
2023-06-18 10:00:00+00:00,0.008255,,
2023-06-18 11:00:00+00:00,0.008098,,
2023-06-18 12:00:00+00:00,0.008284,,
2023-06-18 13:00:00+00:00,0.008531,,
2023-06-18 14:00:00+00:00,0.008725,,
2023-06-18 15:00:00+00:00,0.009714,,
2023-06-18 16:00:00+00:00,0.01312,,
2023-06-18 17:00:00+00:00,0.020773,,
2023-06-18 18:00:00+00:00,0.04473,,
2023-06-18 19:00:00+00:00,0.094322,,
2023-06-18 20:00:00+00:00,0.150016,,
2023-06-18 21:00:00+00:00,0.187791,,
2023-06-18 22:00:00+00:00,0.208574,,
2023-06-18 23:00:00+00:00,0.221011,,
2023-06-19 00:00:00+00:00,0.22515,,
2023-06-19 01:00:00+00:00,0.22357,,
2023-06-19 02:00:00+00:00,0.224114,,
2023-06-19 03:00:00+00:00,0.214872,,
2023-06-19 04:00:00+00:00,0.162827,,
2023-06-19 05:00:00+00:00,0.120156,,
2023-06-19 06:00:00+00:00,0.114286,,
2023-06-19 07:00:00+00:00,0.125163,,
2023-06-19 08:00:00+00:00,0.126151,,
2023-06-19 09:00:00+00:00,0.118138,,
2023-06-19 10:00:00+00:00,0.106669,,
2023-06-19 11:00:00+00:00,0.098771,,
2023-06-19 12:00:00+00:00,0.094526,,
2023-06-19 13:00:00+00:00,0.094076,,
2023-06-19 14:00:00+00:00,0.094013,,
2023-06-19 15:00:00+00:00,0.089454,,
2023-06-19 16:00:00+00:00,0.079286,,
2023-06-19 17:00:00+00:00,0.070448,,
2023-06-19 18:00:00+00:00,0.066587,,
2023-06-19 19:00:00+00:00,0.06928,,
2023-06-19 20:00:00+00:00,0.077273,,
2023-06-19 21:00:00+00:00,0.081865,,
2023-06-19 22:00:00+00:00,0.080129,,
2023-06-19 23:00:00+00:00,0.077846,,
2023-06-20 00:00:00+00:00,0.077243,,
2023-06-20 01:00:00+00:00,0.077823,,
2023-06-20 02:00:00+00:00,0.078293,,
2023-06-20 03:00:00+00:00,0.071537,,
2023-06-20 04:00:00+00:00,0.051155,,
2023-06-20 05:00:00+00:00,0.034577,,
2023-06-20 06:00:00+00:00,0.033102,,
2023-06-20 07:00:00+00:00,0.03657,,
2023-06-20 08:00:00+00:00,0.042146,,
2023-06-20 09:00:00+00:00,0.047235,,
2023-06-20 10:00:00+00:00,0.050684,,
2023-06-20 11:00:00+00:00,0.053129,,
2023-06-20 12:00:00+00:00,0.055485,,
2023-06-20 13:00:00+00:00,0.056197,,
2023-06-20 14:00:00+00:00,0.054461,,
2023-06-20 15:00:00+00:00,0.054936,,
2023-06-20 16:00:00+00:00,0.058665,,
2023-06-20 17:00:00+00:00,0.069189,,
2023-06-20 18:00:00+00:00,0.086986,,
2023-06-20 19:00:00+00:00,0.111553,,
2023-06-20 20:00:00+00:00,0.132182,,
2023-06-20 21:00:00+00:00,0.141495,,
2023-06-20 22:00:00+00:00,0.148152,,
2023-06-20 23:00:00+00:00,0.153981,,
2023-06-21 00:00:00+00:00,0.155602,,
2023-06-21 01:00:00+00:00,0.154168,,
2023-06-21 02:00:00+00:00,0.156898,,
2023-06-21 03:00:00+00:00,0.153786,,
2023-06-21 04:00:00+00:00,0.117746,,
2023-06-21 05:00:00+00:00,0.120087,,
2023-06-21 06:00:00+00:00,0.144179,,
2023-06-21 07:00:00+00:00,0.160418,,
2023-06-21 08:00:00+00:00,0.18199,,
2023-06-21 09:00:00+00:00,0.196557,,
2023-06-21 10:00:00+00:00,0.19991,,
2023-06-21 11:00:00+00:00,0.19374,,
2023-06-21 12:00:00+00:00,0.17752,,
2023-06-21 13:00:00+00:00,0.152444,,
2023-06-21 14:00:00+00:00,0.125042,,
2023-06-21 15:00:00+00:00,0.100773,,
2023-06-21 16:00:00+00:00,0.078042,,
2023-06-21 17:00:00+00:00,0.056926,,
2023-06-21 18:00:00+00:00,0.049052,,
2023-06-21 19:00:00+00:00,0.058404,,
2023-06-21 20:00:00+00:00,0.072264,,
2023-06-21 21:00:00+00:00,0.081378,,
2023-06-21 22:00:00+00:00,0.082249,,
2023-06-21 23:00:00+00:00,0.078735,,
2023-06-22 00:00:00+00:00,0.074803,,
2023-06-22 01:00:00+00:00,0.074164,,
2023-06-22 02:00:00+00:00,0.077483,,
2023-06-22 03:00:00+00:00,0.077886,,
2023-06-22 04:00:00+00:00,0.061558,,
2023-06-22 05:00:00+00:00,0.048018,,
2023-06-22 06:00:00+00:00,0.054968,,
2023-06-22 07:00:00+00:00,0.066725,,
2023-06-22 08:00:00+00:00,0.07328,,
2023-06-22 09:00:00+00:00,0.075257,,
2023-06-22 10:00:00+00:00,0.076277,,
2023-06-22 11:00:00+00:00,0.080356,,
2023-06-22 12:00:00+00:00,0.086568,,
2023-06-22 13:00:00+00:00,0.096023,,
2023-06-22 14:00:00+00:00,0.112917,,
2023-06-22 15:00:00+00:00,0.142133,,
2023-06-22 16:00:00+00:00,0.16923,,
2023-06-22 17:00:00+00:00,0.198229,,
2023-06-22 18:00:00+00:00,0.23837,,
2023-06-22 19:00:00+00:00,0.275179,,
2023-06-22 20:00:00+00:00,0.304172,,
2023-06-22 21:00:00+00:00,0.304691,,
2023-06-22 22:00:00+00:00,0.300846,,
2023-06-22 23:00:00+00:00,0.292258,,
2023-06-23 00:00:00+00:00,0.293363,,
2023-06-23 01:00:00+00:00,0.295634,,
2023-06-23 02:00:00+00:00,0.293517,,
2023-06-23 03:00:00+00:00,0.284442,,
2023-06-23 04:00:00+00:00,0.260058,,
2023-06-23 05:00:00+00:00,0.254253,,
2023-06-23 06:00:00+00:00,0.256936,,
2023-06-23 07:00:00+00:00,0.251996,,
2023-06-23 08:00:00+00:00,0.249659,,
2023-06-23 09:00:00+00:00,0.247452,,
2023-06-23 10:00:00+00:00,0.248419,,
2023-06-23 11:00:00+00:00,0.25376,,
2023-06-23 12:00:00+00:00,0.263915,,
2023-06-23 13:00:00+00:00,0.273425,,
2023-06-23 14:00:00+00:00,0.276092,,
2023-06-23 15:00:00+00:00,0.262655,,
2023-06-23 16:00:00+00:00,0.236956,,
2023-06-23 17:00:00+00:00,0.196419,,
2023-06-23 18:00:00+00:00,0.165035,,
2023-06-23 19:00:00+00:00,0.151662,,
2023-06-23 20:00:00+00:00,0.140826,,
2023-06-23 21:00:00+00:00,0.130965,,
2023-06-23 22:00:00+00:00,0.124333,,
2023-06-23 23:00:00+00:00,0.116276,,
2023-06-24 00:00:00+00:00,0.107515,,
2023-06-24 01:00:00+00:00,0.101077,,
2023-06-24 02:00:00+00:00,0.096169,,
2023-06-24 03:00:00+00:00,0.077799,,
2023-06-24 04:00:00+00:00,0.046264,,
2023-06-24 05:00:00+00:00,0.035283,,
2023-06-24 06:00:00+00:00,0.030193,,
2023-06-24 07:00:00+00:00,0.032582,,
2023-06-24 08:00:00+00:00,0.039602,,
2023-06-24 09:00:00+00:00,0.048096,,
2023-06-24 10:00:00+00:00,0.055724,,
2023-06-24 11:00:00+00:00,0.061358,,
2023-06-24 12:00:00+00:00,0.063346,,
2023-06-24 13:00:00+00:00,0.060957,,
2023-06-24 14:00:00+00:00,0.055735,,
2023-06-24 15:00:00+00:00,0.05097,,
2023-06-24 16:00:00+00:00,0.046364,,
2023-06-24 17:00:00+00:00,0.04107,,
2023-06-24 18:00:00+00:00,0.040588,,
2023-06-24 19:00:00+00:00,0.047695,,
2023-06-24 20:00:00+00:00,0.052928,,
2023-06-24 21:00:00+00:00,0.055929,,
2023-06-24 22:00:00+00:00,0.057633,,
2023-06-24 23:00:00+00:00,0.059297,,
2023-06-25 00:00:00+00:00,0.060567,,
2023-06-25 01:00:00+00:00,0.060971,,
2023-06-25 02:00:00+00:00,0.060595,,
2023-06-25 03:00:00+00:00,0.059253,,
2023-06-25 04:00:00+00:00,0.045242,,
2023-06-25 05:00:00+00:00,0.019653,,
2023-06-25 06:00:00+00:00,0.012583,,
2023-06-25 07:00:00+00:00,0.013655,,
2023-06-25 08:00:00+00:00,0.012645,,
2023-06-25 09:00:00+00:00,0.011761,,
2023-06-25 10:00:00+00:00,0.011134,,
2023-06-25 11:00:00+00:00,0.01049,,
2023-06-25 12:00:00+00:00,0.009754,,
2023-06-25 13:00:00+00:00,0.008975,,
2023-06-25 14:00:00+00:00,0.008227,,
2023-06-25 15:00:00+00:00,0.008031,,
2023-06-25 16:00:00+00:00,0.008577,,
2023-06-25 17:00:00+00:00,0.011055,,
2023-06-25 18:00:00+00:00,0.019564,,
2023-06-25 19:00:00+00:00,0.047826,,
2023-06-25 20:00:00+00:00,0.093226,,
2023-06-25 21:00:00+00:00,0.139306,,
2023-06-25 22:00:00+00:00,0.173343,,
2023-06-25 23:00:00+00:00,0.195719,,
2023-06-26 00:00:00+00:00,0.209573,,
2023-06-26 01:00:00+00:00,0.216626,,
2023-06-26 02:00:00+00:00,0.216737,,
2023-06-26 03:00:00+00:00,0.209341,,
2023-06-26 04:00:00+00:00,0.160179,,
2023-06-26 05:00:00+00:00,0.109805,,
2023-06-26 06:00:00+00:00,0.112357,,
2023-06-26 07:00:00+00:00,0.143516,,
2023-06-26 08:00:00+00:00,0.175137,,
2023-06-26 09:00:00+00:00,0.21651,,
2023-06-26 10:00:00+00:00,0.266881,,
2023-06-26 11:00:00+00:00,0.316456,,
2023-06-26 12:00:00+00:00,0.36112,,
2023-06-26 13:00:00+00:00,0.390726,,
2023-06-26 14:00:00+00:00,0.4048,,
2023-06-26 15:00:00+00:00,0.411581,,
2023-06-26 16:00:00+00:00,0.412938,,
2023-06-26 17:00:00+00:00,0.393486,,
2023-06-26 18:00:00+00:00,0.357218,,
2023-06-26 19:00:00+00:00,0.322852,,
2023-06-26 20:00:00+00:00,0.292806,,
2023-06-26 21:00:00+00:00,0.2657,,
2023-06-26 22:00:00+00:00,0.235613,,
2023-06-26 23:00:00+00:00,0.218016,,
2023-06-27 00:00:00+00:00,0.211271,,
2023-06-27 01:00:00+00:00,0.214328,,
2023-06-27 02:00:00+00:00,0.217233,,
2023-06-27 03:00:00+00:00,0.200769,,
2023-06-27 04:00:00+00:00,0.157465,,
2023-06-27 05:00:00+00:00,0.184857,,
2023-06-27 06:00:00+00:00,0.216939,,
2023-06-27 07:00:00+00:00,0.23153,,
2023-06-27 08:00:00+00:00,0.25329,,
2023-06-27 09:00:00+00:00,0.285971,,
2023-06-27 10:00:00+00:00,0.321,,
2023-06-27 11:00:00+00:00,0.348256,,
2023-06-27 12:00:00+00:00,0.360397,,
2023-06-27 13:00:00+00:00,0.356482,,
2023-06-27 14:00:00+00:00,0.344019,,
2023-06-27 15:00:00+00:00,0.325734,,
2023-06-27 16:00:00+00:00,0.298433,,
2023-06-27 17:00:00+00:00,0.253516,,
2023-06-27 18:00:00+00:00,0.225038,,
2023-06-27 19:00:00+00:00,0.220847,,
2023-06-27 20:00:00+00:00,0.219236,,
2023-06-27 21:00:00+00:00,0.20708,,
2023-06-27 22:00:00+00:00,0.191736,,
2023-06-27 23:00:00+00:00,0.176427,,
2023-06-28 00:00:00+00:00,0.165454,,
2023-06-28 01:00:00+00:00,0.161497,,
2023-06-28 02:00:00+00:00,0.160972,,
2023-06-28 03:00:00+00:00,0.144653,,
2023-06-28 04:00:00+00:00,0.111064,,
2023-06-28 05:00:00+00:00,0.126028,,
2023-06-28 06:00:00+00:00,0.136013,,
2023-06-28 07:00:00+00:00,0.126598,,
2023-06-28 08:00:00+00:00,0.11942,,
2023-06-28 09:00:00+00:00,0.11441,,
2023-06-28 10:00:00+00:00,0.110852,,
2023-06-28 11:00:00+00:00,0.108748,,
2023-06-28 12:00:00+00:00,0.104801,,
2023-06-28 13:00:00+00:00,0.09756,,
2023-06-28 14:00:00+00:00,0.087146,,
2023-06-28 15:00:00+00:00,0.076816,,
2023-06-28 16:00:00+00:00,0.066446,,
2023-06-28 17:00:00+00:00,0.053418,,
2023-06-28 18:00:00+00:00,0.045646,,
2023-06-28 19:00:00+00:00,0.044018,,
2023-06-28 20:00:00+00:00,0.041827,,
2023-06-28 21:00:00+00:00,0.042117,,
2023-06-28 22:00:00+00:00,0.04301,,
2023-06-28 23:00:00+00:00,0.043619,,
2023-06-29 00:00:00+00:00,0.046472,,
2023-06-29 01:00:00+00:00,0.051808,,
2023-06-29 02:00:00+00:00,0.059032,,
2023-06-29 03:00:00+00:00,0.062842,,
2023-06-29 04:00:00+00:00,0.050069,,
2023-06-29 05:00:00+00:00,0.028137,,
2023-06-29 06:00:00+00:00,0.02828,,
2023-06-29 07:00:00+00:00,0.036388,,
2023-06-29 08:00:00+00:00,0.044548,,
2023-06-29 09:00:00+00:00,0.049364,,
2023-06-29 10:00:00+00:00,0.051252,,
2023-06-29 11:00:00+00:00,0.052484,,
2023-06-29 12:00:00+00:00,0.054054,,
2023-06-29 13:00:00+00:00,0.05531,,
2023-06-29 14:00:00+00:00,0.054374,,
2023-06-29 15:00:00+00:00,0.051019,,
2023-06-29 16:00:00+00:00,0.04471,,
2023-06-29 17:00:00+00:00,0.042687,,
2023-06-29 18:00:00+00:00,0.051232,,
2023-06-29 19:00:00+00:00,0.066608,,
2023-06-29 20:00:00+00:00,0.080721,,
2023-06-29 21:00:00+00:00,0.089334,,
2023-06-29 22:00:00+00:00,0.094711,,
2023-06-29 23:00:00+00:00,0.097584,,
2023-06-30 00:00:00+00:00,0.098099,,
2023-06-30 01:00:00+00:00,0.096787,,
2023-06-30 02:00:00+00:00,0.095046,,
2023-06-30 03:00:00+00:00,0.087088,,
2023-06-30 04:00:00+00:00,0.066571,,
2023-06-30 05:00:00+00:00,0.058422,,
2023-06-30 06:00:00+00:00,0.05463,,
2023-06-30 07:00:00+00:00,0.049409,,
2023-06-30 08:00:00+00:00,0.050829,,
2023-06-30 09:00:00+00:00,0.0577,,
2023-06-30 10:00:00+00:00,0.06512,,
2023-06-30 11:00:00+00:00,0.07002,,
2023-06-30 12:00:00+00:00,0.073117,,
2023-06-30 13:00:00+00:00,0.077414,,
2023-06-30 14:00:00+00:00,0.080991,,
2023-06-30 15:00:00+00:00,0.082879,,
2023-06-30 16:00:00+00:00,0.082236,,
2023-06-30 17:00:00+00:00,0.070904,,
2023-06-30 18:00:00+00:00,0.059269,,
2023-06-30 19:00:00+00:00,0.05582,,
2023-06-30 20:00:00+00:00,0.055192,,
2023-06-30 21:00:00+00:00,0.063921,,
2023-06-30 22:00:00+00:00,0.083134,,
2023-06-30 23:00:00+00:00,0.107956,,
2023-07-01 00:00:00+00:00,0.134653,,
2023-07-01 01:00:00+00:00,0.159382,,
2023-07-01 02:00:00+00:00,0.187558,,
2023-07-01 03:00:00+00:00,0.201805,,
2023-07-01 04:00:00+00:00,0.184868,,
2023-07-01 05:00:00+00:00,0.168307,,
2023-07-01 06:00:00+00:00,0.213751,,
2023-07-01 07:00:00+00:00,0.27951,,
2023-07-01 08:00:00+00:00,0.330757,,
2023-07-01 09:00:00+00:00,0.361154,,
2023-07-01 10:00:00+00:00,0.376565,,
2023-07-01 11:00:00+00:00,0.385029,,
2023-07-01 12:00:00+00:00,0.386866,,
2023-07-01 13:00:00+00:00,0.381333,,
2023-07-01 14:00:00+00:00,0.365589,,
2023-07-01 15:00:00+00:00,0.346496,,
2023-07-01 16:00:00+00:00,0.317176,,
2023-07-01 17:00:00+00:00,0.286456,,
2023-07-01 18:00:00+00:00,0.269541,,
2023-07-01 19:00:00+00:00,0.270781,,
2023-07-01 20:00:00+00:00,0.274939,,
2023-07-01 21:00:00+00:00,0.289249,,
2023-07-01 22:00:00+00:00,0.300039,,
2023-07-01 23:00:00+00:00,0.298952,,
2023-07-02 00:00:00+00:00,0.29844,,
2023-07-02 01:00:00+00:00,0.296777,,
2023-07-02 02:00:00+00:00,0.295256,,
2023-07-02 03:00:00+00:00,0.293097,,
2023-07-02 04:00:00+00:00,0.256968,,
2023-07-02 05:00:00+00:00,0.281572,,
2023-07-02 06:00:00+00:00,0.39283,,
2023-07-02 07:00:00+00:00,0.474298,,
2023-07-02 08:00:00+00:00,0.535861,,
2023-07-02 09:00:00+00:00,0.571914,,
2023-07-02 10:00:00+00:00,0.59306,,
2023-07-02 11:00:00+00:00,0.604061,,
2023-07-02 12:00:00+00:00,0.608475,,
2023-07-02 13:00:00+00:00,0.606339,,
2023-07-02 14:00:00+00:00,0.597384,,
2023-07-02 15:00:00+00:00,0.57876,,
2023-07-02 16:00:00+00:00,0.543425,,
2023-07-02 17:00:00+00:00,0.477486,,
2023-07-02 18:00:00+00:00,0.399874,,
2023-07-02 19:00:00+00:00,0.353415,,
2023-07-02 20:00:00+00:00,0.324334,,
2023-07-02 21:00:00+00:00,0.307223,,
2023-07-02 22:00:00+00:00,0.30524,,
2023-07-02 23:00:00+00:00,0.311705,,
2023-07-03 00:00:00+00:00,0.314116,,
2023-07-03 01:00:00+00:00,0.319498,,
2023-07-03 02:00:00+00:00,0.332109,,
2023-07-03 03:00:00+00:00,0.328525,,
2023-07-03 04:00:00+00:00,0.28328,,
2023-07-03 05:00:00+00:00,0.295662,,
2023-07-03 06:00:00+00:00,0.386309,,
2023-07-03 07:00:00+00:00,0.438709,,
2023-07-03 08:00:00+00:00,0.469679,,
2023-07-03 09:00:00+00:00,0.493376,,
2023-07-03 10:00:00+00:00,0.511716,,
2023-07-03 11:00:00+00:00,0.523346,,
2023-07-03 12:00:00+00:00,0.527113,,
2023-07-03 13:00:00+00:00,0.517506,,
2023-07-03 14:00:00+00:00,0.495533,,
2023-07-03 15:00:00+00:00,0.466287,,
2023-07-03 16:00:00+00:00,0.408632,,
2023-07-03 17:00:00+00:00,0.32258,,
2023-07-03 18:00:00+00:00,0.258898,,
2023-07-03 19:00:00+00:00,0.245389,,
2023-07-03 20:00:00+00:00,0.252708,,
2023-07-03 21:00:00+00:00,0.279222,,
2023-07-03 22:00:00+00:00,0.316803,,
2023-07-03 23:00:00+00:00,0.35152,,
2023-07-04 00:00:00+00:00,0.360539,,
2023-07-04 01:00:00+00:00,0.364804,,
2023-07-04 02:00:00+00:00,0.351131,,
2023-07-04 03:00:00+00:00,0.315456,,
2023-07-04 04:00:00+00:00,0.236626,,
2023-07-04 05:00:00+00:00,0.258343,,
2023-07-04 06:00:00+00:00,0.346469,,
2023-07-04 07:00:00+00:00,0.384029,,
2023-07-04 08:00:00+00:00,0.405261,,
2023-07-04 09:00:00+00:00,0.418317,,
2023-07-04 10:00:00+00:00,0.430621,,
2023-07-04 11:00:00+00:00,0.438217,,
2023-07-04 12:00:00+00:00,0.431984,,
2023-07-04 13:00:00+00:00,0.406944,,
2023-07-04 14:00:00+00:00,0.365083,,
2023-07-04 15:00:00+00:00,0.312414,,
2023-07-04 16:00:00+00:00,0.239636,,
2023-07-04 17:00:00+00:00,0.15054,,
2023-07-04 18:00:00+00:00,0.089746,,
2023-07-04 19:00:00+00:00,0.060274,,
2023-07-04 20:00:00+00:00,0.058853,,
2023-07-04 21:00:00+00:00,0.084611,,
2023-07-04 22:00:00+00:00,0.128411,,
2023-07-04 23:00:00+00:00,0.173089,,
2023-07-05 00:00:00+00:00,0.215161,,
2023-07-05 01:00:00+00:00,0.252959,,
2023-07-05 02:00:00+00:00,0.280428,,
2023-07-05 03:00:00+00:00,0.301158,,
2023-07-05 04:00:00+00:00,0.314103,,
2023-07-05 05:00:00+00:00,0.343792,,
2023-07-05 06:00:00+00:00,0.403229,,
2023-07-05 07:00:00+00:00,0.48117,,
2023-07-05 08:00:00+00:00,0.557799,,
2023-07-05 09:00:00+00:00,0.614268,,
2023-07-05 10:00:00+00:00,0.651439,,
2023-07-05 11:00:00+00:00,0.684743,,
2023-07-05 12:00:00+00:00,0.703874,,
2023-07-05 13:00:00+00:00,0.702622,,
2023-07-05 14:00:00+00:00,0.68744,,
2023-07-05 15:00:00+00:00,0.6624,,
2023-07-05 16:00:00+00:00,0.618487,,
2023-07-05 17:00:00+00:00,0.537141,,
2023-07-05 18:00:00+00:00,0.449488,,
2023-07-05 19:00:00+00:00,0.401865,,
2023-07-05 20:00:00+00:00,0.360912,,
2023-07-05 21:00:00+00:00,0.327588,,
2023-07-05 22:00:00+00:00,0.301822,,
2023-07-05 23:00:00+00:00,0.280598,,
2023-07-06 00:00:00+00:00,0.258427,,
2023-07-06 01:00:00+00:00,0.235266,,
2023-07-06 02:00:00+00:00,0.218084,,
2023-07-06 03:00:00+00:00,0.187044,,
2023-07-06 04:00:00+00:00,0.123634,,
2023-07-06 05:00:00+00:00,0.110136,,
2023-07-06 06:00:00+00:00,0.134488,,
2023-07-06 07:00:00+00:00,0.14577,,
2023-07-06 08:00:00+00:00,0.150064,,
2023-07-06 09:00:00+00:00,0.150066,,
2023-07-06 10:00:00+00:00,0.144034,,
2023-07-06 11:00:00+00:00,0.133723,,
2023-07-06 12:00:00+00:00,0.119756,,
2023-07-06 13:00:00+00:00,0.102743,,
2023-07-06 14:00:00+00:00,0.085064,,
2023-07-06 15:00:00+00:00,0.067745,,
2023-07-06 16:00:00+00:00,0.049913,,
2023-07-06 17:00:00+00:00,0.032725,,
2023-07-06 18:00:00+00:00,0.025645,,
2023-07-06 19:00:00+00:00,0.026847,,
2023-07-06 20:00:00+00:00,0.029913,,
2023-07-06 21:00:00+00:00,0.034006,,
2023-07-06 22:00:00+00:00,0.041528,,
2023-07-06 23:00:00+00:00,0.05256,,
2023-07-07 00:00:00+00:00,0.066412,,
2023-07-07 01:00:00+00:00,0.080113,,
2023-07-07 02:00:00+00:00,0.090714,,
2023-07-07 03:00:00+00:00,0.096042,,
2023-07-07 04:00:00+00:00,0.082233,,
2023-07-07 05:00:00+00:00,0.039574,,
2023-07-07 06:00:00+00:00,0.024778,,
2023-07-07 07:00:00+00:00,0.029073,,
2023-07-07 08:00:00+00:00,0.026762,,
2023-07-07 09:00:00+00:00,0.026077,,
2023-07-07 10:00:00+00:00,0.025364,,
2023-07-07 11:00:00+00:00,0.022544,,
2023-07-07 12:00:00+00:00,0.017391,,
2023-07-07 13:00:00+00:00,0.012273,,
2023-07-07 14:00:00+00:00,0.009043,,
2023-07-07 15:00:00+00:00,0.008524,,
2023-07-07 16:00:00+00:00,0.011857,,
2023-07-07 17:00:00+00:00,0.022054,,
2023-07-07 18:00:00+00:00,0.057589,,
2023-07-07 19:00:00+00:00,0.127567,,
2023-07-07 20:00:00+00:00,0.195504,,
2023-07-07 21:00:00+00:00,0.235788,,
2023-07-07 22:00:00+00:00,0.243753,,
2023-07-07 23:00:00+00:00,0.231716,,
2023-07-08 00:00:00+00:00,0.214624,,
2023-07-08 01:00:00+00:00,0.194898,,
2023-07-08 02:00:00+00:00,0.179612,,
2023-07-08 03:00:00+00:00,0.161914,,
2023-07-08 04:00:00+00:00,0.117633,,
2023-07-08 05:00:00+00:00,0.066448,,
2023-07-08 06:00:00+00:00,0.050373,,
2023-07-08 07:00:00+00:00,0.063903,,
2023-07-08 08:00:00+00:00,0.073197,,
2023-07-08 09:00:00+00:00,0.069564,,
2023-07-08 10:00:00+00:00,0.06023,,
2023-07-08 11:00:00+00:00,0.049686,,
2023-07-08 12:00:00+00:00,0.041172,,
2023-07-08 13:00:00+00:00,0.036819,,
2023-07-08 14:00:00+00:00,0.037161,,
2023-07-08 15:00:00+00:00,0.043838,,
2023-07-08 16:00:00+00:00,0.056623,,
2023-07-08 17:00:00+00:00,0.075739,,
2023-07-08 18:00:00+00:00,0.123945,,
2023-07-08 19:00:00+00:00,0.181307,,
2023-07-08 20:00:00+00:00,0.208897,,
2023-07-08 21:00:00+00:00,0.204454,,
2023-07-08 22:00:00+00:00,0.190637,,
2023-07-08 23:00:00+00:00,0.175985,,
2023-07-09 00:00:00+00:00,0.160519,,
2023-07-09 01:00:00+00:00,0.141786,,
2023-07-09 02:00:00+00:00,0.124148,,
2023-07-09 03:00:00+00:00,0.109152,,
2023-07-09 04:00:00+00:00,0.08363,,
2023-07-09 05:00:00+00:00,0.051278,,
2023-07-09 06:00:00+00:00,0.035085,,
2023-07-09 07:00:00+00:00,0.041539,,
2023-07-09 08:00:00+00:00,0.047482,,
2023-07-09 09:00:00+00:00,0.049562,,
2023-07-09 10:00:00+00:00,0.050646,,
2023-07-09 11:00:00+00:00,0.053196,,
2023-07-09 12:00:00+00:00,0.05746,,
2023-07-09 13:00:00+00:00,0.055793,,
2023-07-09 14:00:00+00:00,0.045834,,
2023-07-09 15:00:00+00:00,0.045093,,
2023-07-09 16:00:00+00:00,0.052847,,
2023-07-09 17:00:00+00:00,0.070564,,
2023-07-09 18:00:00+00:00,0.115356,,
2023-07-09 19:00:00+00:00,0.158594,,
2023-07-09 20:00:00+00:00,0.175685,,
2023-07-09 21:00:00+00:00,0.167585,,
2023-07-09 22:00:00+00:00,0.149234,,
2023-07-09 23:00:00+00:00,0.131815,,
2023-07-10 00:00:00+00:00,0.116381,,
2023-07-10 01:00:00+00:00,0.107772,,
2023-07-10 02:00:00+00:00,0.099583,,
2023-07-10 03:00:00+00:00,0.095761,,
2023-07-10 04:00:00+00:00,0.085878,,
2023-07-10 05:00:00+00:00,0.081736,,
2023-07-10 06:00:00+00:00,0.094574,,
2023-07-10 07:00:00+00:00,0.112018,,
2023-07-10 08:00:00+00:00,0.133552,,
2023-07-10 09:00:00+00:00,0.152299,,
2023-07-10 10:00:00+00:00,0.175621,,
2023-07-10 11:00:00+00:00,0.205181,,
2023-07-10 12:00:00+00:00,0.230999,,
2023-07-10 13:00:00+00:00,0.244789,,
2023-07-10 14:00:00+00:00,0.246191,,
2023-07-10 15:00:00+00:00,0.232504,,
2023-07-10 16:00:00+00:00,0.198906,,
2023-07-10 17:00:00+00:00,0.149373,,
2023-07-10 18:00:00+00:00,0.111437,,
2023-07-10 19:00:00+00:00,0.093651,,
2023-07-10 20:00:00+00:00,0.074256,,
2023-07-10 21:00:00+00:00,0.056332,,
2023-07-10 22:00:00+00:00,0.044437,,
2023-07-10 23:00:00+00:00,0.041274,,
2023-07-11 00:00:00+00:00,0.046442,,
2023-07-11 01:00:00+00:00,0.058586,,
2023-07-11 02:00:00+00:00,0.077007,,
2023-07-11 03:00:00+00:00,0.098331,,
2023-07-11 04:00:00+00:00,0.100027,,
2023-07-11 05:00:00+00:00,0.07671,,
2023-07-11 06:00:00+00:00,0.081864,,
2023-07-11 07:00:00+00:00,0.106842,,
2023-07-11 08:00:00+00:00,0.135826,,
2023-07-11 09:00:00+00:00,0.15359,,
2023-07-11 10:00:00+00:00,0.161295,,
2023-07-11 11:00:00+00:00,0.162452,,
2023-07-11 12:00:00+00:00,0.156729,,
2023-07-11 13:00:00+00:00,0.146249,,
2023-07-11 14:00:00+00:00,0.131029,,
2023-07-11 15:00:00+00:00,0.106449,,
2023-07-11 16:00:00+00:00,0.083584,,
2023-07-11 17:00:00+00:00,0.070652,,
2023-07-11 18:00:00+00:00,0.083822,,
2023-07-11 19:00:00+00:00,0.115388,,
2023-07-11 20:00:00+00:00,0.147923,,
2023-07-11 21:00:00+00:00,0.161675,,
2023-07-11 22:00:00+00:00,0.167172,,
2023-07-11 23:00:00+00:00,0.172954,,
2023-07-12 00:00:00+00:00,0.176616,,
2023-07-12 01:00:00+00:00,0.174161,,
2023-07-12 02:00:00+00:00,0.1682,,
2023-07-12 03:00:00+00:00,0.165487,,
2023-07-12 04:00:00+00:00,0.154573,,
2023-07-12 05:00:00+00:00,0.181056,,
2023-07-12 06:00:00+00:00,0.229472,,
2023-07-12 07:00:00+00:00,0.291973,,
2023-07-12 08:00:00+00:00,0.341207,,
2023-07-12 09:00:00+00:00,0.355652,,
2023-07-12 10:00:00+00:00,0.356063,,
2023-07-12 11:00:00+00:00,0.35745,,
2023-07-12 12:00:00+00:00,0.356391,,
2023-07-12 13:00:00+00:00,0.344574,,
2023-07-12 14:00:00+00:00,0.321318,,
2023-07-12 15:00:00+00:00,0.289894,,
2023-07-12 16:00:00+00:00,0.245966,,
2023-07-12 17:00:00+00:00,0.190025,,
2023-07-12 18:00:00+00:00,0.151285,,
2023-07-12 19:00:00+00:00,0.146242,,
2023-07-12 20:00:00+00:00,0.141867,,
2023-07-12 21:00:00+00:00,0.129451,,
2023-07-12 22:00:00+00:00,0.120021,,
2023-07-12 23:00:00+00:00,0.123632,,
2023-07-13 00:00:00+00:00,0.139897,,
2023-07-13 01:00:00+00:00,0.161458,,
2023-07-13 02:00:00+00:00,0.173989,,
2023-07-13 03:00:00+00:00,0.171942,,
2023-07-13 04:00:00+00:00,0.129708,,
2023-07-13 05:00:00+00:00,0.126413,,
2023-07-13 06:00:00+00:00,0.167603,,
2023-07-13 07:00:00+00:00,0.20038,,
2023-07-13 08:00:00+00:00,0.232074,,
2023-07-13 09:00:00+00:00,0.258428,,
2023-07-13 10:00:00+00:00,0.278023,,
2023-07-13 11:00:00+00:00,0.287431,,
2023-07-13 12:00:00+00:00,0.28497,,
2023-07-13 13:00:00+00:00,0.275328,,
2023-07-13 14:00:00+00:00,0.26172,,
2023-07-13 15:00:00+00:00,0.242834,,
2023-07-13 16:00:00+00:00,0.216555,,
2023-07-13 17:00:00+00:00,0.175456,,
2023-07-13 18:00:00+00:00,0.137038,,
2023-07-13 19:00:00+00:00,0.126958,,
2023-07-13 20:00:00+00:00,0.120548,,
2023-07-13 21:00:00+00:00,0.109631,,
2023-07-13 22:00:00+00:00,0.096709,,
2023-07-13 23:00:00+00:00,0.088506,,
2023-07-14 00:00:00+00:00,0.085449,,
2023-07-14 01:00:00+00:00,0.087275,,
2023-07-14 02:00:00+00:00,0.091503,,
2023-07-14 03:00:00+00:00,0.087627,,
2023-07-14 04:00:00+00:00,0.05979,,
2023-07-14 05:00:00+00:00,0.032485,,
2023-07-14 06:00:00+00:00,0.032326,,
2023-07-14 07:00:00+00:00,0.040948,,
2023-07-14 08:00:00+00:00,0.050615,,
2023-07-14 09:00:00+00:00,0.058526,,
2023-07-14 10:00:00+00:00,0.062294,,
2023-07-14 11:00:00+00:00,0.061105,,
2023-07-14 12:00:00+00:00,0.05594,,
2023-07-14 13:00:00+00:00,0.051242,,
2023-07-14 14:00:00+00:00,0.049322,,
2023-07-14 15:00:00+00:00,0.049413,,
2023-07-14 16:00:00+00:00,0.05016,,
2023-07-14 17:00:00+00:00,0.054653,,
2023-07-14 18:00:00+00:00,0.084595,,
2023-07-14 19:00:00+00:00,0.158597,,
2023-07-14 20:00:00+00:00,0.243677,,
2023-07-14 21:00:00+00:00,0.302141,,
2023-07-14 22:00:00+00:00,0.328045,,
2023-07-14 23:00:00+00:00,0.337079,,
2023-07-15 00:00:00+00:00,0.338675,,
2023-07-15 01:00:00+00:00,0.342213,,
2023-07-15 02:00:00+00:00,0.344691,,
2023-07-15 03:00:00+00:00,0.327492,,
2023-07-15 04:00:00+00:00,0.257869,,
2023-07-15 05:00:00+00:00,0.170603,,
2023-07-15 06:00:00+00:00,0.149374,,
2023-07-15 07:00:00+00:00,0.19791,,
2023-07-15 08:00:00+00:00,0.22281,,
2023-07-15 09:00:00+00:00,0.241617,,
2023-07-15 10:00:00+00:00,0.279494,,
2023-07-15 11:00:00+00:00,0.307686,,
2023-07-15 12:00:00+00:00,0.317071,,
2023-07-15 13:00:00+00:00,0.296006,,
2023-07-15 14:00:00+00:00,0.268422,,
2023-07-15 15:00:00+00:00,0.243971,,
2023-07-15 16:00:00+00:00,0.222039,,
2023-07-15 17:00:00+00:00,0.196106,,
2023-07-15 18:00:00+00:00,0.191057,,
2023-07-15 19:00:00+00:00,0.204699,,
2023-07-15 20:00:00+00:00,0.199169,,
2023-07-15 21:00:00+00:00,0.179123,,
2023-07-15 22:00:00+00:00,0.191697,,
2023-07-15 23:00:00+00:00,0.22927,,
2023-07-16 00:00:00+00:00,0.251144,,
2023-07-16 01:00:00+00:00,0.250543,,
2023-07-16 02:00:00+00:00,0.25924,,
2023-07-16 03:00:00+00:00,0.274596,,
2023-07-16 04:00:00+00:00,0.267685,,
2023-07-16 05:00:00+00:00,0.3007,,
2023-07-16 06:00:00+00:00,0.412616,,
2023-07-16 07:00:00+00:00,0.468321,,
2023-07-16 08:00:00+00:00,0.488622,,
2023-07-16 09:00:00+00:00,0.488455,,
2023-07-16 10:00:00+00:00,0.482299,,
2023-07-16 11:00:00+00:00,0.46897,,
2023-07-16 12:00:00+00:00,0.443476,,
2023-07-16 13:00:00+00:00,0.406684,,
2023-07-16 14:00:00+00:00,0.364105,,
2023-07-16 15:00:00+00:00,0.322789,,
2023-07-16 16:00:00+00:00,0.270118,,
2023-07-16 17:00:00+00:00,0.207286,,
2023-07-16 18:00:00+00:00,0.167064,,
2023-07-16 19:00:00+00:00,0.152148,,
2023-07-16 20:00:00+00:00,0.146078,,
2023-07-16 21:00:00+00:00,0.144064,,
2023-07-16 22:00:00+00:00,0.143054,,
2023-07-16 23:00:00+00:00,0.145976,,
2023-07-17 00:00:00+00:00,0.153127,,
2023-07-17 01:00:00+00:00,0.162436,,
2023-07-17 02:00:00+00:00,0.170673,,
2023-07-17 03:00:00+00:00,0.17293,,
2023-07-17 04:00:00+00:00,0.146517,,
2023-07-17 05:00:00+00:00,0.131636,,
2023-07-17 06:00:00+00:00,0.198888,,
2023-07-17 07:00:00+00:00,0.248897,,
2023-07-17 08:00:00+00:00,0.284995,,
2023-07-17 09:00:00+00:00,0.313376,,
2023-07-17 10:00:00+00:00,0.340103,,
2023-07-17 11:00:00+00:00,0.36214,,
2023-07-17 12:00:00+00:00,0.374349,,
2023-07-17 13:00:00+00:00,0.376449,,
2023-07-17 14:00:00+00:00,0.36756,,
2023-07-17 15:00:00+00:00,0.350838,,
2023-07-17 16:00:00+00:00,0.323196,,
2023-07-17 17:00:00+00:00,0.27279,,
2023-07-17 18:00:00+00:00,0.22405,,
2023-07-17 19:00:00+00:00,0.202945,,
2023-07-17 20:00:00+00:00,0.187422,,
2023-07-17 21:00:00+00:00,0.167113,,
2023-07-17 22:00:00+00:00,0.157618,,
2023-07-17 23:00:00+00:00,0.156637,,
2023-07-18 00:00:00+00:00,0.155216,,
2023-07-18 01:00:00+00:00,0.152315,,
2023-07-18 02:00:00+00:00,0.150049,,
2023-07-18 03:00:00+00:00,0.140479,,
2023-07-18 04:00:00+00:00,0.104008,,
2023-07-18 05:00:00+00:00,0.082413,,
2023-07-18 06:00:00+00:00,0.091753,,
2023-07-18 07:00:00+00:00,0.093905,,
2023-07-18 08:00:00+00:00,0.100846,,
2023-07-18 09:00:00+00:00,0.107819,,
2023-07-18 10:00:00+00:00,0.109119,,
2023-07-18 11:00:00+00:00,0.105486,,
2023-07-18 12:00:00+00:00,0.096311,,
2023-07-18 13:00:00+00:00,0.082219,,
2023-07-18 14:00:00+00:00,0.066737,,
2023-07-18 15:00:00+00:00,0.053404,,
2023-07-18 16:00:00+00:00,0.041925,,
2023-07-18 17:00:00+00:00,0.032127,,
2023-07-18 18:00:00+00:00,0.032652,,
2023-07-18 19:00:00+00:00,0.040577,,
2023-07-18 20:00:00+00:00,0.044543,,
2023-07-18 21:00:00+00:00,0.040838,,
2023-07-18 22:00:00+00:00,0.034115,,
2023-07-18 23:00:00+00:00,0.030968,,
2023-07-19 00:00:00+00:00,0.029817,,
2023-07-19 01:00:00+00:00,0.031409,,
2023-07-19 02:00:00+00:00,0.037385,,
2023-07-19 03:00:00+00:00,0.045565,,
2023-07-19 04:00:00+00:00,0.048001,,
2023-07-19 05:00:00+00:00,0.030179,,
2023-07-19 06:00:00+00:00,0.030008,,
2023-07-19 07:00:00+00:00,0.056382,,
2023-07-19 08:00:00+00:00,0.085045,,
2023-07-19 09:00:00+00:00,0.116446,,
2023-07-19 10:00:00+00:00,0.147079,,
2023-07-19 11:00:00+00:00,0.170345,,
2023-07-19 12:00:00+00:00,0.184102,,
2023-07-19 13:00:00+00:00,0.188004,,
2023-07-19 14:00:00+00:00,0.181364,,
2023-07-19 15:00:00+00:00,0.170456,,
2023-07-19 16:00:00+00:00,0.156763,,
2023-07-19 17:00:00+00:00,0.133519,,
2023-07-19 18:00:00+00:00,0.114977,,
2023-07-19 19:00:00+00:00,0.116562,,
2023-07-19 20:00:00+00:00,0.112566,,
2023-07-19 21:00:00+00:00,0.10668,,
2023-07-19 22:00:00+00:00,0.103225,,
2023-07-19 23:00:00+00:00,0.104977,,
2023-07-20 00:00:00+00:00,0.111859,,
2023-07-20 01:00:00+00:00,0.121659,,
2023-07-20 02:00:00+00:00,0.131587,,
2023-07-20 03:00:00+00:00,0.132551,,
2023-07-20 04:00:00+00:00,0.102517,,
2023-07-20 05:00:00+00:00,0.096641,,
2023-07-20 06:00:00+00:00,0.1141,,
2023-07-20 07:00:00+00:00,0.121495,,
2023-07-20 08:00:00+00:00,0.130929,,
2023-07-20 09:00:00+00:00,0.143035,,
2023-07-20 10:00:00+00:00,0.156873,,
2023-07-20 11:00:00+00:00,0.169906,,
2023-07-20 12:00:00+00:00,0.178192,,
2023-07-20 13:00:00+00:00,0.177617,,
2023-07-20 14:00:00+00:00,0.167768,,
2023-07-20 15:00:00+00:00,0.14917,,
2023-07-20 16:00:00+00:00,0.124577,,
2023-07-20 17:00:00+00:00,0.098,,
2023-07-20 18:00:00+00:00,0.084087,,
2023-07-20 19:00:00+00:00,0.085163,,
2023-07-20 20:00:00+00:00,0.07939,,
2023-07-20 21:00:00+00:00,0.068604,,
2023-07-20 22:00:00+00:00,0.057657,,
2023-07-20 23:00:00+00:00,0.049879,,
2023-07-21 00:00:00+00:00,0.04615,,
2023-07-21 01:00:00+00:00,0.045797,,
2023-07-21 02:00:00+00:00,0.048026,,
2023-07-21 03:00:00+00:00,0.048375,,
2023-07-21 04:00:00+00:00,0.038751,,
2023-07-21 05:00:00+00:00,0.023939,,
2023-07-21 06:00:00+00:00,0.025035,,
2023-07-21 07:00:00+00:00,0.028113,,
2023-07-21 08:00:00+00:00,0.032916,,
2023-07-21 09:00:00+00:00,0.041119,,
2023-07-21 10:00:00+00:00,0.052241,,
2023-07-21 11:00:00+00:00,0.065901,,
2023-07-21 12:00:00+00:00,0.078401,,
2023-07-21 13:00:00+00:00,0.087735,,
2023-07-21 14:00:00+00:00,0.094895,,
2023-07-21 15:00:00+00:00,0.101907,,
2023-07-21 16:00:00+00:00,0.104611,,
2023-07-21 17:00:00+00:00,0.095156,,
2023-07-21 18:00:00+00:00,0.085833,,
2023-07-21 19:00:00+00:00,0.095063,,
2023-07-21 20:00:00+00:00,0.113614,,
2023-07-21 21:00:00+00:00,0.138285,,
2023-07-21 22:00:00+00:00,0.159641,,
2023-07-21 23:00:00+00:00,0.170618,,
2023-07-22 00:00:00+00:00,0.176921,,
2023-07-22 01:00:00+00:00,0.17971,,
2023-07-22 02:00:00+00:00,0.179488,,
2023-07-22 03:00:00+00:00,0.170015,,
2023-07-22 04:00:00+00:00,0.131813,,
2023-07-22 05:00:00+00:00,0.116097,,
2023-07-22 06:00:00+00:00,0.152029,,
2023-07-22 07:00:00+00:00,0.172198,,
2023-07-22 08:00:00+00:00,0.188142,,
2023-07-22 09:00:00+00:00,0.1969,,
2023-07-22 10:00:00+00:00,0.199992,,
2023-07-22 11:00:00+00:00,0.200867,,
2023-07-22 12:00:00+00:00,0.198582,,
2023-07-22 13:00:00+00:00,0.195144,,
2023-07-22 14:00:00+00:00,0.18836,,
2023-07-22 15:00:00+00:00,0.179455,,
2023-07-22 16:00:00+00:00,0.158821,,
2023-07-22 17:00:00+00:00,0.12402,,
2023-07-22 18:00:00+00:00,0.107666,,
2023-07-22 19:00:00+00:00,0.109155,,
2023-07-22 20:00:00+00:00,0.120743,,
2023-07-22 21:00:00+00:00,0.140512,,
2023-07-22 22:00:00+00:00,0.159345,,
2023-07-22 23:00:00+00:00,0.174769,,
2023-07-23 00:00:00+00:00,0.184516,,
2023-07-23 01:00:00+00:00,0.195388,,
2023-07-23 02:00:00+00:00,0.204071,,
2023-07-23 03:00:00+00:00,0.212477,,
2023-07-23 04:00:00+00:00,0.20159,,
2023-07-23 05:00:00+00:00,0.182411,,
2023-07-23 06:00:00+00:00,0.230788,,
2023-07-23 07:00:00+00:00,0.303355,,
2023-07-23 08:00:00+00:00,0.362557,,
2023-07-23 09:00:00+00:00,0.421614,,
2023-07-23 10:00:00+00:00,0.468793,,
2023-07-23 11:00:00+00:00,0.506092,,
2023-07-23 12:00:00+00:00,0.530193,,
2023-07-23 13:00:00+00:00,0.544718,,
2023-07-23 14:00:00+00:00,0.539373,,
2023-07-23 15:00:00+00:00,0.509336,,
2023-07-23 16:00:00+00:00,0.445196,,
2023-07-23 17:00:00+00:00,0.377238,,
2023-07-23 18:00:00+00:00,0.333526,,
2023-07-23 19:00:00+00:00,0.306998,,
2023-07-23 20:00:00+00:00,0.285695,,
2023-07-23 21:00:00+00:00,0.277265,,
2023-07-23 22:00:00+00:00,0.273767,,
2023-07-23 23:00:00+00:00,0.273751,,
2023-07-24 00:00:00+00:00,0.266381,,
2023-07-24 01:00:00+00:00,0.262357,,
2023-07-24 02:00:00+00:00,0.261882,,
2023-07-24 03:00:00+00:00,0.253101,,
2023-07-24 04:00:00+00:00,0.21913,,
2023-07-24 05:00:00+00:00,0.170155,,
2023-07-24 06:00:00+00:00,0.16953,,
2023-07-24 07:00:00+00:00,0.210738,,
2023-07-24 08:00:00+00:00,0.251305,,
2023-07-24 09:00:00+00:00,0.275751,,
2023-07-24 10:00:00+00:00,0.294237,,
2023-07-24 11:00:00+00:00,0.305835,,
2023-07-24 12:00:00+00:00,0.311291,,
2023-07-24 13:00:00+00:00,0.312269,,
2023-07-24 14:00:00+00:00,0.299757,,
2023-07-24 15:00:00+00:00,0.285614,,
2023-07-24 16:00:00+00:00,0.254926,,
2023-07-24 17:00:00+00:00,0.213207,,
2023-07-24 18:00:00+00:00,0.202828,,
2023-07-24 19:00:00+00:00,0.212031,,
2023-07-24 20:00:00+00:00,0.208415,,
2023-07-24 21:00:00+00:00,0.201688,,
2023-07-24 22:00:00+00:00,0.200255,,
2023-07-24 23:00:00+00:00,0.190597,,
2023-07-25 00:00:00+00:00,0.177519,,
2023-07-25 01:00:00+00:00,0.167302,,
2023-07-25 02:00:00+00:00,0.157182,,
2023-07-25 03:00:00+00:00,0.144485,,
2023-07-25 04:00:00+00:00,0.115953,,
2023-07-25 05:00:00+00:00,0.100175,,
2023-07-25 06:00:00+00:00,0.105759,,
2023-07-25 07:00:00+00:00,0.103065,,
2023-07-25 08:00:00+00:00,0.099021,,
2023-07-25 09:00:00+00:00,0.099366,,
2023-07-25 10:00:00+00:00,0.109827,,
2023-07-25 11:00:00+00:00,0.12892,,
2023-07-25 12:00:00+00:00,0.149616,,
2023-07-25 13:00:00+00:00,0.167545,,
2023-07-25 14:00:00+00:00,0.184231,,
2023-07-25 15:00:00+00:00,0.195441,,
2023-07-25 16:00:00+00:00,0.196697,,
2023-07-25 17:00:00+00:00,0.184136,,
2023-07-25 18:00:00+00:00,0.176499,,
2023-07-25 19:00:00+00:00,0.188087,,
2023-07-25 20:00:00+00:00,0.197235,,
2023-07-25 21:00:00+00:00,0.19859,,
2023-07-25 22:00:00+00:00,0.192097,,
2023-07-25 23:00:00+00:00,0.184838,,
2023-07-26 00:00:00+00:00,0.174994,,
2023-07-26 01:00:00+00:00,0.168408,,
2023-07-26 02:00:00+00:00,0.165568,,
2023-07-26 03:00:00+00:00,0.15602,,
2023-07-26 04:00:00+00:00,0.128245,,
2023-07-26 05:00:00+00:00,0.113577,,
2023-07-26 06:00:00+00:00,0.144501,,
2023-07-26 07:00:00+00:00,0.172435,,
2023-07-26 08:00:00+00:00,0.187495,,
2023-07-26 09:00:00+00:00,0.195024,,
2023-07-26 10:00:00+00:00,0.202569,,
2023-07-26 11:00:00+00:00,0.207616,,
2023-07-26 12:00:00+00:00,0.208776,,
2023-07-26 13:00:00+00:00,0.203778,,
2023-07-26 14:00:00+00:00,0.192165,,
2023-07-26 15:00:00+00:00,0.178786,,
2023-07-26 16:00:00+00:00,0.157176,,
2023-07-26 17:00:00+00:00,0.122233,,
2023-07-26 18:00:00+00:00,0.118215,,
2023-07-26 19:00:00+00:00,0.141231,,
2023-07-26 20:00:00+00:00,0.160191,,
2023-07-26 21:00:00+00:00,0.173722,,
2023-07-26 22:00:00+00:00,0.184472,,
2023-07-26 23:00:00+00:00,0.199475,,
2023-07-27 00:00:00+00:00,0.210626,,
2023-07-27 01:00:00+00:00,0.213139,,
2023-07-27 02:00:00+00:00,0.211501,,
2023-07-27 03:00:00+00:00,0.200934,,
2023-07-27 04:00:00+00:00,0.167615,,
2023-07-27 05:00:00+00:00,0.139931,,
2023-07-27 06:00:00+00:00,0.140742,,
2023-07-27 07:00:00+00:00,0.172903,,
2023-07-27 08:00:00+00:00,0.225896,,
2023-07-27 09:00:00+00:00,0.273146,,
2023-07-27 10:00:00+00:00,0.306027,,
2023-07-27 11:00:00+00:00,0.321944,,
2023-07-27 12:00:00+00:00,0.323147,,
2023-07-27 13:00:00+00:00,0.310755,,
2023-07-27 14:00:00+00:00,0.283774,,
2023-07-27 15:00:00+00:00,0.254034,,
2023-07-27 16:00:00+00:00,0.225453,,
2023-07-27 17:00:00+00:00,0.203258,,
2023-07-27 18:00:00+00:00,0.20487,,
2023-07-27 19:00:00+00:00,0.221063,,
2023-07-27 20:00:00+00:00,0.238182,,
2023-07-27 21:00:00+00:00,0.23903,,
2023-07-27 22:00:00+00:00,0.238771,,
2023-07-27 23:00:00+00:00,0.238651,,
2023-07-28 00:00:00+00:00,0.239324,,
2023-07-28 01:00:00+00:00,0.234819,,
2023-07-28 02:00:00+00:00,0.232294,,
2023-07-28 03:00:00+00:00,0.231947,,
2023-07-28 04:00:00+00:00,0.212741,,
2023-07-28 05:00:00+00:00,0.179561,,
2023-07-28 06:00:00+00:00,0.182087,,
2023-07-28 07:00:00+00:00,0.213924,,
2023-07-28 08:00:00+00:00,0.220001,,
2023-07-28 09:00:00+00:00,0.218081,,
2023-07-28 10:00:00+00:00,0.21756,,
2023-07-28 11:00:00+00:00,0.212609,,
2023-07-28 12:00:00+00:00,0.20016,,
2023-07-28 13:00:00+00:00,0.182704,,
2023-07-28 14:00:00+00:00,0.1603,,
2023-07-28 15:00:00+00:00,0.134313,,
2023-07-28 16:00:00+00:00,0.103062,,
2023-07-28 17:00:00+00:00,0.073927,,
2023-07-28 18:00:00+00:00,0.072262,,
2023-07-28 19:00:00+00:00,0.08274,,
2023-07-28 20:00:00+00:00,0.092118,,
2023-07-28 21:00:00+00:00,0.098038,,
2023-07-28 22:00:00+00:00,0.103738,,
2023-07-28 23:00:00+00:00,0.111307,,
2023-07-29 00:00:00+00:00,0.117725,,
2023-07-29 01:00:00+00:00,0.127521,,
2023-07-29 02:00:00+00:00,0.134136,,
2023-07-29 03:00:00+00:00,0.136524,,
2023-07-29 04:00:00+00:00,0.127653,,
2023-07-29 05:00:00+00:00,0.10942,,
2023-07-29 06:00:00+00:00,0.114028,,
2023-07-29 07:00:00+00:00,0.147589,,
2023-07-29 08:00:00+00:00,0.195643,,
2023-07-29 09:00:00+00:00,0.233821,,
2023-07-29 10:00:00+00:00,0.261272,,
2023-07-29 11:00:00+00:00,0.278475,,
2023-07-29 12:00:00+00:00,0.290438,,
2023-07-29 13:00:00+00:00,0.292033,,
2023-07-29 14:00:00+00:00,0.277245,,
2023-07-29 15:00:00+00:00,0.246246,,
2023-07-29 16:00:00+00:00,0.202346,,
2023-07-29 17:00:00+00:00,0.148628,,
2023-07-29 18:00:00+00:00,0.136455,,
2023-07-29 19:00:00+00:00,0.15098,,
2023-07-29 20:00:00+00:00,0.162898,,
2023-07-29 21:00:00+00:00,0.166469,,
2023-07-29 22:00:00+00:00,0.167868,,
2023-07-29 23:00:00+00:00,0.168625,,
2023-07-30 00:00:00+00:00,0.16964,,
2023-07-30 01:00:00+00:00,0.170681,,
2023-07-30 02:00:00+00:00,0.17074,,
2023-07-30 03:00:00+00:00,0.171296,,
2023-07-30 04:00:00+00:00,0.144563,,
2023-07-30 05:00:00+00:00,0.110451,,
2023-07-30 06:00:00+00:00,0.136374,,
2023-07-30 07:00:00+00:00,0.182271,,
2023-07-30 08:00:00+00:00,0.235016,,
2023-07-30 09:00:00+00:00,0.281596,,
2023-07-30 10:00:00+00:00,0.330399,,
2023-07-30 11:00:00+00:00,0.380567,,
2023-07-30 12:00:00+00:00,0.422634,,
2023-07-30 13:00:00+00:00,0.445639,,
2023-07-30 14:00:00+00:00,0.443044,,
2023-07-30 15:00:00+00:00,0.423258,,
2023-07-30 16:00:00+00:00,0.376871,,
2023-07-30 17:00:00+00:00,0.307206,,
2023-07-30 18:00:00+00:00,0.270335,,
2023-07-30 19:00:00+00:00,0.261235,,
2023-07-30 20:00:00+00:00,0.250833,,
2023-07-30 21:00:00+00:00,0.251403,,
2023-07-30 22:00:00+00:00,0.26567,,
2023-07-30 23:00:00+00:00,0.274806,,
2023-07-31 00:00:00+00:00,0.271628,,
2023-07-31 01:00:00+00:00,0.266711,,
2023-07-31 02:00:00+00:00,0.272211,,
2023-07-31 03:00:00+00:00,0.273018,,
2023-07-31 04:00:00+00:00,0.265122,,
2023-07-31 05:00:00+00:00,0.2478,,
2023-07-31 06:00:00+00:00,0.288649,,
2023-07-31 07:00:00+00:00,0.357187,,
2023-07-31 08:00:00+00:00,0.407041,,
2023-07-31 09:00:00+00:00,0.431483,,
2023-07-31 10:00:00+00:00,0.444881,,
2023-07-31 11:00:00+00:00,0.456369,,
2023-07-31 12:00:00+00:00,0.464902,,
2023-07-31 13:00:00+00:00,0.457396,,
2023-07-31 14:00:00+00:00,0.43056,,
2023-07-31 15:00:00+00:00,0.395508,,
2023-07-31 16:00:00+00:00,0.356046,,
2023-07-31 17:00:00+00:00,0.316734,,
2023-07-31 18:00:00+00:00,0.305326,,
2023-07-31 19:00:00+00:00,0.311919,,
2023-07-31 20:00:00+00:00,0.305928,,
2023-07-31 21:00:00+00:00,0.295195,,
2023-07-31 22:00:00+00:00,0.285654,,
2023-07-31 23:00:00+00:00,0.283295,,
2023-08-01 00:00:00+00:00,0.28963,,
2023-08-01 01:00:00+00:00,0.295124,,
2023-08-01 02:00:00+00:00,0.296687,,
2023-08-01 03:00:00+00:00,0.292421,,
2023-08-01 04:00:00+00:00,0.280456,,
2023-08-01 05:00:00+00:00,0.25636,,
2023-08-01 06:00:00+00:00,0.27551,,
2023-08-01 07:00:00+00:00,0.315742,,
2023-08-01 08:00:00+00:00,0.353029,,
2023-08-01 09:00:00+00:00,0.377125,,
2023-08-01 10:00:00+00:00,0.396769,,
2023-08-01 11:00:00+00:00,0.420811,,
2023-08-01 12:00:00+00:00,0.445435,,
2023-08-01 13:00:00+00:00,0.467237,,
2023-08-01 14:00:00+00:00,0.477105,,
2023-08-01 15:00:00+00:00,0.45581,,
2023-08-01 16:00:00+00:00,0.389135,,
2023-08-01 17:00:00+00:00,0.315422,,
2023-08-01 18:00:00+00:00,0.29565,,
2023-08-01 19:00:00+00:00,0.289859,,
2023-08-01 20:00:00+00:00,0.281333,,
2023-08-01 21:00:00+00:00,0.282821,,
2023-08-01 22:00:00+00:00,0.279618,,
2023-08-01 23:00:00+00:00,0.270821,,
2023-08-02 00:00:00+00:00,0.258993,,
2023-08-02 01:00:00+00:00,0.24868,,
2023-08-02 02:00:00+00:00,0.238201,,
2023-08-02 03:00:00+00:00,0.223377,,
2023-08-02 04:00:00+00:00,0.183024,,
2023-08-02 05:00:00+00:00,0.164814,,
2023-08-02 06:00:00+00:00,0.210298,,
2023-08-02 07:00:00+00:00,0.264465,,
2023-08-02 08:00:00+00:00,0.309292,,
2023-08-02 09:00:00+00:00,0.352275,,
2023-08-02 10:00:00+00:00,0.397934,,
2023-08-02 11:00:00+00:00,0.439983,,
2023-08-02 12:00:00+00:00,0.473001,,
2023-08-02 13:00:00+00:00,0.486558,,
2023-08-02 14:00:00+00:00,0.480527,,
2023-08-02 15:00:00+00:00,0.466198,,
2023-08-02 16:00:00+00:00,0.429201,,
2023-08-02 17:00:00+00:00,0.385597,,
2023-08-02 18:00:00+00:00,0.366628,,
2023-08-02 19:00:00+00:00,0.361328,,
2023-08-02 20:00:00+00:00,0.366844,,
2023-08-02 21:00:00+00:00,0.379971,,
2023-08-02 22:00:00+00:00,0.404978,,
2023-08-02 23:00:00+00:00,0.428249,,
2023-08-03 00:00:00+00:00,0.448449,,
2023-08-03 01:00:00+00:00,0.462033,,
2023-08-03 02:00:00+00:00,0.465391,,
2023-08-03 03:00:00+00:00,0.476851,,
2023-08-03 04:00:00+00:00,0.482349,,
2023-08-03 05:00:00+00:00,0.488007,,
2023-08-03 06:00:00+00:00,0.543601,,
2023-08-03 07:00:00+00:00,0.582477,,
2023-08-03 08:00:00+00:00,0.5948,,
2023-08-03 09:00:00+00:00,0.59603,,
2023-08-03 10:00:00+00:00,0.587945,,
2023-08-03 11:00:00+00:00,0.574804,,
2023-08-03 12:00:00+00:00,0.55984,,
2023-08-03 13:00:00+00:00,0.543978,,
2023-08-03 14:00:00+00:00,0.516263,,
2023-08-03 15:00:00+00:00,0.473797,,
2023-08-03 16:00:00+00:00,0.407453,,
2023-08-03 17:00:00+00:00,0.348631,,
2023-08-03 18:00:00+00:00,0.324781,,
2023-08-03 19:00:00+00:00,0.306927,,
2023-08-03 20:00:00+00:00,0.275453,,
2023-08-03 21:00:00+00:00,0.250641,,
2023-08-03 22:00:00+00:00,0.228204,,
2023-08-03 23:00:00+00:00,0.213839,,
2023-08-04 00:00:00+00:00,0.199492,,
2023-08-04 01:00:00+00:00,0.18458,,
2023-08-04 02:00:00+00:00,0.167601,,
2023-08-04 03:00:00+00:00,0.150686,,
2023-08-04 04:00:00+00:00,0.124198,,
2023-08-04 05:00:00+00:00,0.096359,,
2023-08-04 06:00:00+00:00,0.097187,,
2023-08-04 07:00:00+00:00,0.096352,,
2023-08-04 08:00:00+00:00,0.09612,,
2023-08-04 09:00:00+00:00,0.097964,,
2023-08-04 10:00:00+00:00,0.101022,,
2023-08-04 11:00:00+00:00,0.10399,,
2023-08-04 12:00:00+00:00,0.105447,,
2023-08-04 13:00:00+00:00,0.105989,,
2023-08-04 14:00:00+00:00,0.105529,,
2023-08-04 15:00:00+00:00,0.105108,,
2023-08-04 16:00:00+00:00,0.102918,,
2023-08-04 17:00:00+00:00,0.095624,,
2023-08-04 18:00:00+00:00,0.102023,,
2023-08-04 19:00:00+00:00,0.114795,,
2023-08-04 20:00:00+00:00,0.117741,,
2023-08-04 21:00:00+00:00,0.115599,,
2023-08-04 22:00:00+00:00,0.118381,,
2023-08-04 23:00:00+00:00,0.111231,,
2023-08-05 00:00:00+00:00,0.095571,,
2023-08-05 01:00:00+00:00,0.091696,,
2023-08-05 02:00:00+00:00,0.08203,,
2023-08-05 03:00:00+00:00,0.067552,,
2023-08-05 04:00:00+00:00,0.048017,,
2023-08-05 05:00:00+00:00,0.025625,,
2023-08-05 06:00:00+00:00,0.022736,,
2023-08-05 07:00:00+00:00,0.024958,,
2023-08-05 08:00:00+00:00,0.028012,,
2023-08-05 09:00:00+00:00,0.03073,,
2023-08-05 10:00:00+00:00,0.033803,,
2023-08-05 11:00:00+00:00,0.03687,,
2023-08-05 12:00:00+00:00,0.039019,,
2023-08-05 13:00:00+00:00,0.04,,
2023-08-05 14:00:00+00:00,0.040128,,
2023-08-05 15:00:00+00:00,0.040084,,
2023-08-05 16:00:00+00:00,0.041876,,
2023-08-05 17:00:00+00:00,0.049486,,
2023-08-05 18:00:00+00:00,0.076078,,
2023-08-05 19:00:00+00:00,0.116456,,
2023-08-05 20:00:00+00:00,0.146174,,
2023-08-05 21:00:00+00:00,0.155405,,
2023-08-05 22:00:00+00:00,0.150375,,
2023-08-05 23:00:00+00:00,0.138256,,
2023-08-06 00:00:00+00:00,0.126129,,
2023-08-06 01:00:00+00:00,0.111307,,
2023-08-06 02:00:00+00:00,0.100363,,
2023-08-06 03:00:00+00:00,0.094789,,
2023-08-06 04:00:00+00:00,0.083351,,
2023-08-06 05:00:00+00:00,0.064304,,
2023-08-06 06:00:00+00:00,0.068734,,
2023-08-06 07:00:00+00:00,0.083078,,
2023-08-06 08:00:00+00:00,0.102639,,
2023-08-06 09:00:00+00:00,0.129927,,
2023-08-06 10:00:00+00:00,0.160525,,
2023-08-06 11:00:00+00:00,0.187642,,
2023-08-06 12:00:00+00:00,0.210884,,
2023-08-06 13:00:00+00:00,0.227005,,
2023-08-06 14:00:00+00:00,0.236204,,
2023-08-06 15:00:00+00:00,0.232921,,
2023-08-06 16:00:00+00:00,0.227691,,
2023-08-06 17:00:00+00:00,0.24455,,
2023-08-06 18:00:00+00:00,0.276147,,
2023-08-06 19:00:00+00:00,0.298531,,
2023-08-06 20:00:00+00:00,0.30849,,
2023-08-06 21:00:00+00:00,0.316928,,
2023-08-06 22:00:00+00:00,0.330518,,
2023-08-06 23:00:00+00:00,0.350252,,
2023-08-07 00:00:00+00:00,0.368605,,
2023-08-07 01:00:00+00:00,0.390682,,
2023-08-07 02:00:00+00:00,0.407618,,
2023-08-07 03:00:00+00:00,0.426651,,
2023-08-07 04:00:00+00:00,0.42898,,
2023-08-07 05:00:00+00:00,0.42246,,
2023-08-07 06:00:00+00:00,0.467313,,
2023-08-07 07:00:00+00:00,0.575036,,
2023-08-07 08:00:00+00:00,0.628227,,
2023-08-07 09:00:00+00:00,0.66408,,
2023-08-07 10:00:00+00:00,0.698882,,
2023-08-07 11:00:00+00:00,0.729581,,
2023-08-07 12:00:00+00:00,0.738126,,
2023-08-07 13:00:00+00:00,0.732776,,
2023-08-07 14:00:00+00:00,0.721643,,
2023-08-07 15:00:00+00:00,0.703925,,
2023-08-07 16:00:00+00:00,0.665821,,
2023-08-07 17:00:00+00:00,0.60699,,
2023-08-07 18:00:00+00:00,0.568261,,
2023-08-07 19:00:00+00:00,0.546155,,
2023-08-07 20:00:00+00:00,0.526658,,
2023-08-07 21:00:00+00:00,0.507731,,
2023-08-07 22:00:00+00:00,0.49356,,
2023-08-07 23:00:00+00:00,0.483744,,
2023-08-08 00:00:00+00:00,0.473333,,
2023-08-08 01:00:00+00:00,0.455794,,
2023-08-08 02:00:00+00:00,0.441746,,
2023-08-08 03:00:00+00:00,0.432197,,
2023-08-08 04:00:00+00:00,0.398184,,
2023-08-08 05:00:00+00:00,0.360633,,
2023-08-08 06:00:00+00:00,0.435183,,
2023-08-08 07:00:00+00:00,0.526725,,
2023-08-08 08:00:00+00:00,0.578198,,
2023-08-08 09:00:00+00:00,0.619117,,
2023-08-08 10:00:00+00:00,0.649815,,
2023-08-08 11:00:00+00:00,0.666481,,
2023-08-08 12:00:00+00:00,0.661839,,
2023-08-08 13:00:00+00:00,0.648172,,
2023-08-08 14:00:00+00:00,0.620816,,
2023-08-08 15:00:00+00:00,0.574147,,
2023-08-08 16:00:00+00:00,0.502997,,
2023-08-08 17:00:00+00:00,0.435881,,
2023-08-08 18:00:00+00:00,0.400824,,
2023-08-08 19:00:00+00:00,0.365177,,
2023-08-08 20:00:00+00:00,0.327887,,
2023-08-08 21:00:00+00:00,0.31658,,
2023-08-08 22:00:00+00:00,0.307722,,
2023-08-08 23:00:00+00:00,0.29557,,
2023-08-09 00:00:00+00:00,0.281176,,
2023-08-09 01:00:00+00:00,0.267194,,
2023-08-09 02:00:00+00:00,0.258292,,
2023-08-09 03:00:00+00:00,0.24348,,
2023-08-09 04:00:00+00:00,0.213629,,
2023-08-09 05:00:00+00:00,0.17572,,
2023-08-09 06:00:00+00:00,0.170695,,
2023-08-09 07:00:00+00:00,0.203274,,
2023-08-09 08:00:00+00:00,0.224292,,
2023-08-09 09:00:00+00:00,0.229854,,
2023-08-09 10:00:00+00:00,0.233788,,
2023-08-09 11:00:00+00:00,0.237594,,
2023-08-09 12:00:00+00:00,0.240166,,
2023-08-09 13:00:00+00:00,0.238052,,
2023-08-09 14:00:00+00:00,0.22632,,
2023-08-09 15:00:00+00:00,0.205799,,
2023-08-09 16:00:00+00:00,0.176125,,
2023-08-09 17:00:00+00:00,0.14259,,
2023-08-09 18:00:00+00:00,0.13177,,
2023-08-09 19:00:00+00:00,0.124427,,
2023-08-09 20:00:00+00:00,0.112511,,
2023-08-09 21:00:00+00:00,0.101881,,
2023-08-09 22:00:00+00:00,0.093591,,
2023-08-09 23:00:00+00:00,0.089007,,
2023-08-10 00:00:00+00:00,0.086901,,
2023-08-10 01:00:00+00:00,0.085248,,
2023-08-10 02:00:00+00:00,0.083581,,
2023-08-10 03:00:00+00:00,0.078929,,
2023-08-10 04:00:00+00:00,0.07019,,
2023-08-10 05:00:00+00:00,0.04705,,
2023-08-10 06:00:00+00:00,0.044654,,
2023-08-10 07:00:00+00:00,0.053057,,
2023-08-10 08:00:00+00:00,0.058885,,
2023-08-10 09:00:00+00:00,0.061716,,
2023-08-10 10:00:00+00:00,0.062295,,
2023-08-10 11:00:00+00:00,0.061826,,
2023-08-10 12:00:00+00:00,0.061964,,
2023-08-10 13:00:00+00:00,0.063057,,
2023-08-10 14:00:00+00:00,0.063635,,
2023-08-10 15:00:00+00:00,0.060552,,
2023-08-10 16:00:00+00:00,0.051363,,
2023-08-10 17:00:00+00:00,0.041333,,
2023-08-10 18:00:00+00:00,0.037906,,
2023-08-10 19:00:00+00:00,0.033625,,
2023-08-10 20:00:00+00:00,0.029276,,
2023-08-10 21:00:00+00:00,0.027107,,
2023-08-10 22:00:00+00:00,0.029293,,
2023-08-10 23:00:00+00:00,0.038465,,
2023-08-11 00:00:00+00:00,0.053658,,
2023-08-11 01:00:00+00:00,0.071526,,
2023-08-11 02:00:00+00:00,0.089049,,
2023-08-11 03:00:00+00:00,0.099822,,
2023-08-11 04:00:00+00:00,0.101686,,
2023-08-11 05:00:00+00:00,0.064817,,
2023-08-11 06:00:00+00:00,0.033799,,
2023-08-11 07:00:00+00:00,0.033122,,
2023-08-11 08:00:00+00:00,0.039976,,
2023-08-11 09:00:00+00:00,0.042553,,
2023-08-11 10:00:00+00:00,0.046127,,
2023-08-11 11:00:00+00:00,0.050096,,
2023-08-11 12:00:00+00:00,0.053562,,
2023-08-11 13:00:00+00:00,0.055623,,
2023-08-11 14:00:00+00:00,0.055025,,
2023-08-11 15:00:00+00:00,0.052472,,
2023-08-11 16:00:00+00:00,0.045811,,
2023-08-11 17:00:00+00:00,0.040466,,
2023-08-11 18:00:00+00:00,0.044983,,
2023-08-11 19:00:00+00:00,0.064489,,
2023-08-11 20:00:00+00:00,0.093558,,
2023-08-11 21:00:00+00:00,0.116655,,
2023-08-11 22:00:00+00:00,0.125935,,
2023-08-11 23:00:00+00:00,0.1264,,
2023-08-12 00:00:00+00:00,0.123308,,
2023-08-12 01:00:00+00:00,0.117718,,
2023-08-12 02:00:00+00:00,0.112921,,
2023-08-12 03:00:00+00:00,0.104831,,
2023-08-12 04:00:00+00:00,0.088498,,
2023-08-12 05:00:00+00:00,0.059226,,
2023-08-12 06:00:00+00:00,0.044522,,
2023-08-12 07:00:00+00:00,0.059579,,
2023-08-12 08:00:00+00:00,0.085341,,
2023-08-12 09:00:00+00:00,0.111628,,
2023-08-12 10:00:00+00:00,0.135421,,
2023-08-12 11:00:00+00:00,0.156031,,
2023-08-12 12:00:00+00:00,0.174412,,
2023-08-12 13:00:00+00:00,0.187521,,
2023-08-12 14:00:00+00:00,0.194724,,
2023-08-12 15:00:00+00:00,0.193161,,
2023-08-12 16:00:00+00:00,0.168021,,
2023-08-12 17:00:00+00:00,0.155228,,
2023-08-12 18:00:00+00:00,0.170757,,
2023-08-12 19:00:00+00:00,0.178544,,
2023-08-12 20:00:00+00:00,0.173591,,
2023-08-12 21:00:00+00:00,0.166804,,
2023-08-12 22:00:00+00:00,0.160878,,
2023-08-12 23:00:00+00:00,0.155853,,
2023-08-13 00:00:00+00:00,0.14769,,
2023-08-13 01:00:00+00:00,0.140417,,
2023-08-13 02:00:00+00:00,0.1362,,
2023-08-13 03:00:00+00:00,0.130795,,
2023-08-13 04:00:00+00:00,0.117405,,
2023-08-13 05:00:00+00:00,0.079301,,
2023-08-13 06:00:00+00:00,0.065053,,
2023-08-13 07:00:00+00:00,0.087732,,
2023-08-13 08:00:00+00:00,0.103959,,
2023-08-13 09:00:00+00:00,0.114973,,
2023-08-13 10:00:00+00:00,0.118367,,
2023-08-13 11:00:00+00:00,0.114013,,
2023-08-13 12:00:00+00:00,0.103268,,
2023-08-13 13:00:00+00:00,0.08699,,
2023-08-13 14:00:00+00:00,0.068576,,
2023-08-13 15:00:00+00:00,0.052964,,
2023-08-13 16:00:00+00:00,0.039915,,
2023-08-13 17:00:00+00:00,0.031885,,
2023-08-13 18:00:00+00:00,0.031502,,
2023-08-13 19:00:00+00:00,0.033534,,
2023-08-13 20:00:00+00:00,0.037489,,
2023-08-13 21:00:00+00:00,0.039715,,
2023-08-13 22:00:00+00:00,0.040926,,
2023-08-13 23:00:00+00:00,0.042859,,
2023-08-14 00:00:00+00:00,0.045734,,
2023-08-14 01:00:00+00:00,0.048466,,
2023-08-14 02:00:00+00:00,0.050381,,
2023-08-14 03:00:00+00:00,0.048181,,
2023-08-14 04:00:00+00:00,0.041601,,
2023-08-14 05:00:00+00:00,0.024199,,
2023-08-14 06:00:00+00:00,0.010854,,
2023-08-14 07:00:00+00:00,0.012001,,
2023-08-14 08:00:00+00:00,0.017803,,
2023-08-14 09:00:00+00:00,0.023866,,
2023-08-14 10:00:00+00:00,0.031372,,
2023-08-14 11:00:00+00:00,0.03996,,
2023-08-14 12:00:00+00:00,0.048215,,
2023-08-14 13:00:00+00:00,0.052996,,
2023-08-14 14:00:00+00:00,0.052755,,
2023-08-14 15:00:00+00:00,0.049099,,
2023-08-14 16:00:00+00:00,0.042237,,
2023-08-14 17:00:00+00:00,0.040283,,
2023-08-14 18:00:00+00:00,0.053157,,
2023-08-14 19:00:00+00:00,0.074485,,
2023-08-14 20:00:00+00:00,0.092045,,
2023-08-14 21:00:00+00:00,0.103658,,
2023-08-14 22:00:00+00:00,0.106335,,
2023-08-14 23:00:00+00:00,0.104979,,
2023-08-15 00:00:00+00:00,0.104169,,
2023-08-15 01:00:00+00:00,0.106463,,
2023-08-15 02:00:00+00:00,0.111136,,
2023-08-15 03:00:00+00:00,0.114741,,
2023-08-15 04:00:00+00:00,0.11028,,
2023-08-15 05:00:00+00:00,0.078993,,
2023-08-15 06:00:00+00:00,0.050118,,
2023-08-15 07:00:00+00:00,0.050224,,
2023-08-15 08:00:00+00:00,0.064709,,
2023-08-15 09:00:00+00:00,0.081029,,
2023-08-15 10:00:00+00:00,0.097485,,
2023-08-15 11:00:00+00:00,0.108328,,
2023-08-15 12:00:00+00:00,0.107058,,
2023-08-15 13:00:00+00:00,0.095705,,
2023-08-15 14:00:00+00:00,0.081374,,
2023-08-15 15:00:00+00:00,0.067074,,
2023-08-15 16:00:00+00:00,0.055966,,
2023-08-15 17:00:00+00:00,0.051482,,
2023-08-15 18:00:00+00:00,0.058381,,
2023-08-15 19:00:00+00:00,0.071904,,
2023-08-15 20:00:00+00:00,0.083339,,
2023-08-15 21:00:00+00:00,0.084029,,
2023-08-15 22:00:00+00:00,0.076407,,
2023-08-15 23:00:00+00:00,0.069227,,
2023-08-16 00:00:00+00:00,0.065041,,
2023-08-16 01:00:00+00:00,0.062036,,
2023-08-16 02:00:00+00:00,0.059337,,
2023-08-16 03:00:00+00:00,0.059896,,
2023-08-16 04:00:00+00:00,0.058789,,
2023-08-16 05:00:00+00:00,0.044589,,
2023-08-16 06:00:00+00:00,0.039867,,
2023-08-16 07:00:00+00:00,0.037059,,
2023-08-16 08:00:00+00:00,0.032756,,
2023-08-16 09:00:00+00:00,0.028344,,
2023-08-16 10:00:00+00:00,0.025061,,
2023-08-16 11:00:00+00:00,0.024105,,
2023-08-16 12:00:00+00:00,0.025215,,
2023-08-16 13:00:00+00:00,0.028169,,
2023-08-16 14:00:00+00:00,0.033861,,
2023-08-16 15:00:00+00:00,0.042415,,
2023-08-16 16:00:00+00:00,0.054743,,
2023-08-16 17:00:00+00:00,0.081049,,
2023-08-16 18:00:00+00:00,0.132359,,
2023-08-16 19:00:00+00:00,0.164532,,
2023-08-16 20:00:00+00:00,0.162302,,
2023-08-16 21:00:00+00:00,0.147411,,
2023-08-16 22:00:00+00:00,0.134503,,
2023-08-16 23:00:00+00:00,0.123059,,
2023-08-17 00:00:00+00:00,0.117155,,
2023-08-17 01:00:00+00:00,0.113606,,
2023-08-17 02:00:00+00:00,0.119948,,
2023-08-17 03:00:00+00:00,0.121648,,
2023-08-17 04:00:00+00:00,0.118967,,
2023-08-17 05:00:00+00:00,0.110402,,
2023-08-17 06:00:00+00:00,0.109171,,
2023-08-17 07:00:00+00:00,0.119681,,
2023-08-17 08:00:00+00:00,0.125551,,
2023-08-17 09:00:00+00:00,0.126222,,
2023-08-17 10:00:00+00:00,0.121451,,
2023-08-17 11:00:00+00:00,0.113712,,
2023-08-17 12:00:00+00:00,0.105011,,
2023-08-17 13:00:00+00:00,0.098126,,
2023-08-17 14:00:00+00:00,0.094505,,
2023-08-17 15:00:00+00:00,0.098211,,
2023-08-17 16:00:00+00:00,0.106163,,
2023-08-17 17:00:00+00:00,0.120109,,
2023-08-17 18:00:00+00:00,0.147156,,
2023-08-17 19:00:00+00:00,0.163069,,
2023-08-17 20:00:00+00:00,0.163634,,
2023-08-17 21:00:00+00:00,0.154008,,
2023-08-17 22:00:00+00:00,0.1409,,
2023-08-17 23:00:00+00:00,0.131731,,
2023-08-18 00:00:00+00:00,0.123623,,
2023-08-18 01:00:00+00:00,0.120253,,
2023-08-18 02:00:00+00:00,0.120009,,
2023-08-18 03:00:00+00:00,0.122037,,
2023-08-18 04:00:00+00:00,0.118016,,
2023-08-18 05:00:00+00:00,0.080605,,
2023-08-18 06:00:00+00:00,0.061064,,
2023-08-18 07:00:00+00:00,0.05985,,
2023-08-18 08:00:00+00:00,0.057273,,
2023-08-18 09:00:00+00:00,0.051956,,
2023-08-18 10:00:00+00:00,0.045455,,
2023-08-18 11:00:00+00:00,0.040114,,
2023-08-18 12:00:00+00:00,0.037022,,
2023-08-18 13:00:00+00:00,0.036595,,
2023-08-18 14:00:00+00:00,0.039691,,
2023-08-18 15:00:00+00:00,0.047703,,
2023-08-18 16:00:00+00:00,0.061358,,
2023-08-18 17:00:00+00:00,0.085246,,
2023-08-18 18:00:00+00:00,0.13112,,
2023-08-18 19:00:00+00:00,0.171788,,
2023-08-18 20:00:00+00:00,0.192476,,
2023-08-18 21:00:00+00:00,0.197468,,
2023-08-18 22:00:00+00:00,0.196405,,
2023-08-18 23:00:00+00:00,0.188347,,
2023-08-19 00:00:00+00:00,0.18042,,
2023-08-19 01:00:00+00:00,0.171836,,
2023-08-19 02:00:00+00:00,0.165095,,
2023-08-19 03:00:00+00:00,0.163534,,
2023-08-19 04:00:00+00:00,0.161428,,
2023-08-19 05:00:00+00:00,0.124766,,
2023-08-19 06:00:00+00:00,0.08623,,
2023-08-19 07:00:00+00:00,0.085971,,
2023-08-19 08:00:00+00:00,0.104483,,
2023-08-19 09:00:00+00:00,0.108849,,
2023-08-19 10:00:00+00:00,0.103069,,
2023-08-19 11:00:00+00:00,0.08895,,
2023-08-19 12:00:00+00:00,0.076977,,
2023-08-19 13:00:00+00:00,0.072346,,
2023-08-19 14:00:00+00:00,0.074024,,
2023-08-19 15:00:00+00:00,0.071045,,
2023-08-19 16:00:00+00:00,0.068752,,
2023-08-19 17:00:00+00:00,0.073162,,
2023-08-19 18:00:00+00:00,0.086119,,
2023-08-19 19:00:00+00:00,0.095306,,
2023-08-19 20:00:00+00:00,0.093195,,
2023-08-19 21:00:00+00:00,0.082961,,
2023-08-19 22:00:00+00:00,0.071211,,
2023-08-19 23:00:00+00:00,0.066843,,
2023-08-20 00:00:00+00:00,0.067405,,
2023-08-20 01:00:00+00:00,0.070625,,
2023-08-20 02:00:00+00:00,0.073683,,
2023-08-20 03:00:00+00:00,0.075402,,
2023-08-20 04:00:00+00:00,0.071045,,
2023-08-20 05:00:00+00:00,0.050391,,
2023-08-20 06:00:00+00:00,0.040516,,
2023-08-20 07:00:00+00:00,0.037583,,
2023-08-20 08:00:00+00:00,0.035693,,
2023-08-20 09:00:00+00:00,0.035436,,
2023-08-20 10:00:00+00:00,0.037877,,
2023-08-20 11:00:00+00:00,0.042401,,
2023-08-20 12:00:00+00:00,0.047095,,
2023-08-20 13:00:00+00:00,0.050323,,
2023-08-20 14:00:00+00:00,0.05044,,
2023-08-20 15:00:00+00:00,0.048445,,
2023-08-20 16:00:00+00:00,0.047206,,
2023-08-20 17:00:00+00:00,0.056669,,
2023-08-20 18:00:00+00:00,0.081423,,
2023-08-20 19:00:00+00:00,0.0926,,
2023-08-20 20:00:00+00:00,0.08719,,
2023-08-20 21:00:00+00:00,0.072629,,
2023-08-20 22:00:00+00:00,0.056475,,
2023-08-20 23:00:00+00:00,0.042899,,
2023-08-21 00:00:00+00:00,0.034421,,
2023-08-21 01:00:00+00:00,0.029743,,
2023-08-21 02:00:00+00:00,0.028073,,
2023-08-21 03:00:00+00:00,0.028281,,
2023-08-21 04:00:00+00:00,0.028828,,
2023-08-21 05:00:00+00:00,0.020346,,
2023-08-21 06:00:00+00:00,0.016103,,
2023-08-21 07:00:00+00:00,0.020109,,
2023-08-21 08:00:00+00:00,0.023163,,
2023-08-21 09:00:00+00:00,0.027358,,
2023-08-21 10:00:00+00:00,0.033124,,
2023-08-21 11:00:00+00:00,0.042258,,
2023-08-21 12:00:00+00:00,0.051662,,
2023-08-21 13:00:00+00:00,0.056827,,
2023-08-21 14:00:00+00:00,0.054846,,
2023-08-21 15:00:00+00:00,0.048476,,
2023-08-21 16:00:00+00:00,0.041805,,
2023-08-21 17:00:00+00:00,0.045388,,
2023-08-21 18:00:00+00:00,0.061165,,
2023-08-21 19:00:00+00:00,0.067383,,
2023-08-21 20:00:00+00:00,0.066412,,
2023-08-21 21:00:00+00:00,0.06414,,
2023-08-21 22:00:00+00:00,0.061986,,
2023-08-21 23:00:00+00:00,0.059545,,
2023-08-22 00:00:00+00:00,0.05555,,
2023-08-22 01:00:00+00:00,0.04832,,
2023-08-22 02:00:00+00:00,0.040969,,
2023-08-22 03:00:00+00:00,0.040283,,
2023-08-22 04:00:00+00:00,0.041753,,
2023-08-22 05:00:00+00:00,0.034977,,
2023-08-22 06:00:00+00:00,0.024278,,
2023-08-22 07:00:00+00:00,0.024363,,
2023-08-22 08:00:00+00:00,0.032745,,
2023-08-22 09:00:00+00:00,0.03779,,
2023-08-22 10:00:00+00:00,0.042033,,
2023-08-22 11:00:00+00:00,0.047679,,
2023-08-22 12:00:00+00:00,0.053201,,
2023-08-22 13:00:00+00:00,0.058609,,
2023-08-22 14:00:00+00:00,0.062426,,
2023-08-22 15:00:00+00:00,0.064292,,
2023-08-22 16:00:00+00:00,0.064891,,
2023-08-22 17:00:00+00:00,0.072038,,
2023-08-22 18:00:00+00:00,0.088567,,
2023-08-22 19:00:00+00:00,0.093749,,
2023-08-22 20:00:00+00:00,0.090471,,
2023-08-22 21:00:00+00:00,0.081324,,
2023-08-22 22:00:00+00:00,0.068715,,
2023-08-22 23:00:00+00:00,0.055339,,
2023-08-23 00:00:00+00:00,0.044806,,
2023-08-23 01:00:00+00:00,0.040584,,
2023-08-23 02:00:00+00:00,0.042072,,
2023-08-23 03:00:00+00:00,0.046557,,
2023-08-23 04:00:00+00:00,0.050401,,
2023-08-23 05:00:00+00:00,0.037418,,
2023-08-23 06:00:00+00:00,0.027367,,
2023-08-23 07:00:00+00:00,0.033309,,
2023-08-23 08:00:00+00:00,0.039948,,
2023-08-23 09:00:00+00:00,0.045596,,
2023-08-23 10:00:00+00:00,0.052666,,
2023-08-23 11:00:00+00:00,0.061442,,
2023-08-23 12:00:00+00:00,0.069677,,
2023-08-23 13:00:00+00:00,0.076659,,
2023-08-23 14:00:00+00:00,0.078272,,
2023-08-23 15:00:00+00:00,0.074792,,
2023-08-23 16:00:00+00:00,0.065353,,
2023-08-23 17:00:00+00:00,0.05797,,
2023-08-23 18:00:00+00:00,0.056539,,
2023-08-23 19:00:00+00:00,0.051745,,
2023-08-23 20:00:00+00:00,0.045562,,
2023-08-23 21:00:00+00:00,0.039508,,
2023-08-23 22:00:00+00:00,0.034494,,
2023-08-23 23:00:00+00:00,0.03252,,
2023-08-24 00:00:00+00:00,0.03457,,
2023-08-24 01:00:00+00:00,0.043068,,
2023-08-24 02:00:00+00:00,0.053025,,
2023-08-24 03:00:00+00:00,0.059616,,
2023-08-24 04:00:00+00:00,0.065704,,
2023-08-24 05:00:00+00:00,0.052578,,
2023-08-24 06:00:00+00:00,0.024507,,
2023-08-24 07:00:00+00:00,0.018565,,
2023-08-24 08:00:00+00:00,0.02715,,
2023-08-24 09:00:00+00:00,0.026298,,
2023-08-24 10:00:00+00:00,0.025028,,
2023-08-24 11:00:00+00:00,0.023117,,
2023-08-24 12:00:00+00:00,0.021217,,
2023-08-24 13:00:00+00:00,0.02049,,
2023-08-24 14:00:00+00:00,0.021115,,
2023-08-24 15:00:00+00:00,0.024488,,
2023-08-24 16:00:00+00:00,0.02995,,
2023-08-24 17:00:00+00:00,0.036735,,
2023-08-24 18:00:00+00:00,0.059178,,
2023-08-24 19:00:00+00:00,0.104731,,
2023-08-24 20:00:00+00:00,0.139692,,
2023-08-24 21:00:00+00:00,0.146418,,
2023-08-24 22:00:00+00:00,0.135102,,
2023-08-24 23:00:00+00:00,0.126376,,
2023-08-25 00:00:00+00:00,0.122339,,
2023-08-25 01:00:00+00:00,0.116143,,
2023-08-25 02:00:00+00:00,0.115514,,
2023-08-25 03:00:00+00:00,0.119725,,
2023-08-25 04:00:00+00:00,0.122849,,
2023-08-25 05:00:00+00:00,0.092384,,
2023-08-25 06:00:00+00:00,0.072481,,
2023-08-25 07:00:00+00:00,0.074089,,
2023-08-25 08:00:00+00:00,0.082005,,
2023-08-25 09:00:00+00:00,0.093857,,
2023-08-25 10:00:00+00:00,0.10967,,
2023-08-25 11:00:00+00:00,0.125703,,
2023-08-25 12:00:00+00:00,0.138463,,
2023-08-25 13:00:00+00:00,0.148075,,
2023-08-25 14:00:00+00:00,0.149354,,
2023-08-25 15:00:00+00:00,0.136978,,
2023-08-25 16:00:00+00:00,0.118879,,
2023-08-25 17:00:00+00:00,0.122478,,
2023-08-25 18:00:00+00:00,0.151365,,
2023-08-25 19:00:00+00:00,0.173606,,
2023-08-25 20:00:00+00:00,0.185341,,
2023-08-25 21:00:00+00:00,0.196568,,
2023-08-25 22:00:00+00:00,0.193262,,
2023-08-25 23:00:00+00:00,0.174317,,
2023-08-26 00:00:00+00:00,0.161697,,
2023-08-26 01:00:00+00:00,0.162901,,
2023-08-26 02:00:00+00:00,0.16602,,
2023-08-26 03:00:00+00:00,0.160556,,
2023-08-26 04:00:00+00:00,0.156772,,
2023-08-26 05:00:00+00:00,0.139117,,
2023-08-26 06:00:00+00:00,0.152484,,
2023-08-26 07:00:00+00:00,0.20457,,
2023-08-26 08:00:00+00:00,0.236289,,
2023-08-26 09:00:00+00:00,0.254043,,
2023-08-26 10:00:00+00:00,0.264331,,
2023-08-26 11:00:00+00:00,0.255885,,
2023-08-26 12:00:00+00:00,0.235482,,
2023-08-26 13:00:00+00:00,0.206914,,
2023-08-26 14:00:00+00:00,0.173573,,
2023-08-26 15:00:00+00:00,0.140744,,
2023-08-26 16:00:00+00:00,0.100891,,
2023-08-26 17:00:00+00:00,0.072799,,
2023-08-26 18:00:00+00:00,0.06173,,
2023-08-26 19:00:00+00:00,0.053583,,
2023-08-26 20:00:00+00:00,0.051551,,
2023-08-26 21:00:00+00:00,0.053166,,
2023-08-26 22:00:00+00:00,0.05246,,
2023-08-26 23:00:00+00:00,0.054544,,
2023-08-27 00:00:00+00:00,0.061001,,
2023-08-27 01:00:00+00:00,0.066619,,
2023-08-27 02:00:00+00:00,0.070049,,
2023-08-27 03:00:00+00:00,0.070588,,
2023-08-27 04:00:00+00:00,0.070175,,
2023-08-27 05:00:00+00:00,0.054032,,
2023-08-27 06:00:00+00:00,0.030834,,
2023-08-27 07:00:00+00:00,0.030747,,
2023-08-27 08:00:00+00:00,0.048993,,
2023-08-27 09:00:00+00:00,0.065584,,
2023-08-27 10:00:00+00:00,0.079972,,
2023-08-27 11:00:00+00:00,0.095613,,
2023-08-27 12:00:00+00:00,0.109938,,
2023-08-27 13:00:00+00:00,0.115465,,
2023-08-27 14:00:00+00:00,0.111376,,
2023-08-27 15:00:00+00:00,0.103495,,
2023-08-27 16:00:00+00:00,0.094658,,
2023-08-27 17:00:00+00:00,0.102383,,
2023-08-27 18:00:00+00:00,0.132462,,
2023-08-27 19:00:00+00:00,0.162915,,
2023-08-27 20:00:00+00:00,0.18099,,
2023-08-27 21:00:00+00:00,0.18203,,
2023-08-27 22:00:00+00:00,0.178684,,
2023-08-27 23:00:00+00:00,0.17591,,
2023-08-28 00:00:00+00:00,0.170184,,
2023-08-28 01:00:00+00:00,0.159588,,
2023-08-28 02:00:00+00:00,0.151574,,
2023-08-28 03:00:00+00:00,0.147039,,
2023-08-28 04:00:00+00:00,0.138619,,
2023-08-28 05:00:00+00:00,0.103748,,
2023-08-28 06:00:00+00:00,0.073609,,
2023-08-28 07:00:00+00:00,0.06925,,
2023-08-28 08:00:00+00:00,0.066831,,
2023-08-28 09:00:00+00:00,0.065228,,
2023-08-28 10:00:00+00:00,0.066093,,
2023-08-28 11:00:00+00:00,0.064881,,
2023-08-28 12:00:00+00:00,0.060885,,
2023-08-28 13:00:00+00:00,0.056843,,
2023-08-28 14:00:00+00:00,0.054824,,
2023-08-28 15:00:00+00:00,0.05342,,
2023-08-28 16:00:00+00:00,0.051097,,
2023-08-28 17:00:00+00:00,0.054196,,
2023-08-28 18:00:00+00:00,0.065565,,
2023-08-28 19:00:00+00:00,0.07564,,
2023-08-28 20:00:00+00:00,0.079647,,
2023-08-28 21:00:00+00:00,0.080283,,
2023-08-28 22:00:00+00:00,0.077307,,
2023-08-28 23:00:00+00:00,0.074772,,
2023-08-29 00:00:00+00:00,0.070486,,
2023-08-29 01:00:00+00:00,0.063513,,
2023-08-29 02:00:00+00:00,0.06195,,
2023-08-29 03:00:00+00:00,0.062245,,
2023-08-29 04:00:00+00:00,0.059304,,
2023-08-29 05:00:00+00:00,0.048721,,
2023-08-29 06:00:00+00:00,0.032852,,
2023-08-29 07:00:00+00:00,0.031119,,
2023-08-29 08:00:00+00:00,0.036661,,
2023-08-29 09:00:00+00:00,0.041895,,
2023-08-29 10:00:00+00:00,0.047152,,
2023-08-29 11:00:00+00:00,0.051351,,
2023-08-29 12:00:00+00:00,0.052522,,
2023-08-29 13:00:00+00:00,0.051353,,
2023-08-29 14:00:00+00:00,0.048302,,
2023-08-29 15:00:00+00:00,0.042916,,
2023-08-29 16:00:00+00:00,0.034174,,
2023-08-29 17:00:00+00:00,0.031312,,
2023-08-29 18:00:00+00:00,0.032711,,
2023-08-29 19:00:00+00:00,0.032812,,
2023-08-29 20:00:00+00:00,0.032405,,
2023-08-29 21:00:00+00:00,0.031745,,
2023-08-29 22:00:00+00:00,0.031802,,
2023-08-29 23:00:00+00:00,0.033856,,
2023-08-30 00:00:00+00:00,0.038441,,
2023-08-30 01:00:00+00:00,0.04464,,
2023-08-30 02:00:00+00:00,0.05272,,
2023-08-30 03:00:00+00:00,0.062763,,
2023-08-30 04:00:00+00:00,0.07449,,
2023-08-30 05:00:00+00:00,0.071632,,
2023-08-30 06:00:00+00:00,0.046867,,
2023-08-30 07:00:00+00:00,0.056274,,
2023-08-30 08:00:00+00:00,0.077521,,
2023-08-30 09:00:00+00:00,0.094343,,
2023-08-30 10:00:00+00:00,0.105931,,
2023-08-30 11:00:00+00:00,0.112238,,
2023-08-30 12:00:00+00:00,0.113292,,
2023-08-30 13:00:00+00:00,0.110201,,
2023-08-30 14:00:00+00:00,0.106783,,
2023-08-30 15:00:00+00:00,0.102746,,
2023-08-30 16:00:00+00:00,0.086776,,
2023-08-30 17:00:00+00:00,0.085794,,
2023-08-30 18:00:00+00:00,0.10897,,
2023-08-30 19:00:00+00:00,0.131885,,
2023-08-30 20:00:00+00:00,0.149828,,
2023-08-30 21:00:00+00:00,0.161999,,
2023-08-30 22:00:00+00:00,0.171093,,
2023-08-30 23:00:00+00:00,0.176839,,
2023-08-31 00:00:00+00:00,0.179628,,
2023-08-31 01:00:00+00:00,0.179678,,
2023-08-31 02:00:00+00:00,0.178664,,
2023-08-31 03:00:00+00:00,0.176544,,
2023-08-31 04:00:00+00:00,0.177641,,
2023-08-31 05:00:00+00:00,0.163917,,
2023-08-31 06:00:00+00:00,0.166725,,
2023-08-31 07:00:00+00:00,0.217629,,
2023-08-31 08:00:00+00:00,0.255017,,
2023-08-31 09:00:00+00:00,0.27193,,
2023-08-31 10:00:00+00:00,0.275067,,
2023-08-31 11:00:00+00:00,0.281565,,
2023-08-31 12:00:00+00:00,0.288542,,
2023-08-31 13:00:00+00:00,0.28775,,
2023-08-31 14:00:00+00:00,0.270474,,
2023-08-31 15:00:00+00:00,0.234373,,
2023-08-31 16:00:00+00:00,0.178979,,
2023-08-31 17:00:00+00:00,0.172277,,
2023-08-31 18:00:00+00:00,0.201046,,
2023-08-31 19:00:00+00:00,0.210783,,
2023-08-31 20:00:00+00:00,0.206441,,
2023-08-31 21:00:00+00:00,0.195481,,
2023-08-31 22:00:00+00:00,0.182597,,
2023-08-31 23:00:00+00:00,0.173454,,
2023-09-01 00:00:00+00:00,0.168463,,
2023-09-01 01:00:00+00:00,0.161987,,
2023-09-01 02:00:00+00:00,0.155348,,
2023-09-01 03:00:00+00:00,0.149776,,
2023-09-01 04:00:00+00:00,0.142765,,
2023-09-01 05:00:00+00:00,0.116189,,
2023-09-01 06:00:00+00:00,0.08238,,
2023-09-01 07:00:00+00:00,0.085956,,
2023-09-01 08:00:00+00:00,0.093785,,
2023-09-01 09:00:00+00:00,0.098802,,
2023-09-01 10:00:00+00:00,0.101256,,
2023-09-01 11:00:00+00:00,0.102839,,
2023-09-01 12:00:00+00:00,0.101546,,
2023-09-01 13:00:00+00:00,0.096926,,
2023-09-01 14:00:00+00:00,0.087002,,
2023-09-01 15:00:00+00:00,0.068554,,
2023-09-01 16:00:00+00:00,0.048987,,
2023-09-01 17:00:00+00:00,0.044415,,
2023-09-01 18:00:00+00:00,0.045625,,
2023-09-01 19:00:00+00:00,0.045748,,
2023-09-01 20:00:00+00:00,0.045917,,
2023-09-01 21:00:00+00:00,0.045666,,
2023-09-01 22:00:00+00:00,0.045759,,
2023-09-01 23:00:00+00:00,0.045311,,
2023-09-02 00:00:00+00:00,0.04475,,
2023-09-02 01:00:00+00:00,0.043943,,
2023-09-02 02:00:00+00:00,0.042764,,
2023-09-02 03:00:00+00:00,0.03926,,
2023-09-02 04:00:00+00:00,0.03429,,
2023-09-02 05:00:00+00:00,0.026669,,
2023-09-02 06:00:00+00:00,0.012749,,
2023-09-02 07:00:00+00:00,0.009833,,
2023-09-02 08:00:00+00:00,0.009724,,
2023-09-02 09:00:00+00:00,0.01112,,
2023-09-02 10:00:00+00:00,0.014286,,
2023-09-02 11:00:00+00:00,0.017129,,
2023-09-02 12:00:00+00:00,0.018823,,
2023-09-02 13:00:00+00:00,0.020454,,
2023-09-02 14:00:00+00:00,0.023457,,
2023-09-02 15:00:00+00:00,0.030239,,
2023-09-02 16:00:00+00:00,0.041086,,
2023-09-02 17:00:00+00:00,0.056427,,
2023-09-02 18:00:00+00:00,0.072877,,
2023-09-02 19:00:00+00:00,0.081909,,
2023-09-02 20:00:00+00:00,0.082935,,
2023-09-02 21:00:00+00:00,0.07749,,
2023-09-02 22:00:00+00:00,0.069971,,
2023-09-02 23:00:00+00:00,0.065601,,
2023-09-03 00:00:00+00:00,0.065065,,
2023-09-03 01:00:00+00:00,0.066465,,
2023-09-03 02:00:00+00:00,0.071094,,
2023-09-03 03:00:00+00:00,0.078461,,
2023-09-03 04:00:00+00:00,0.084932,,
2023-09-03 05:00:00+00:00,0.072857,,
2023-09-03 06:00:00+00:00,0.04916,,
2023-09-03 07:00:00+00:00,0.058754,,
2023-09-03 08:00:00+00:00,0.060797,,
2023-09-03 09:00:00+00:00,0.058137,,
2023-09-03 10:00:00+00:00,0.064049,,
2023-09-03 11:00:00+00:00,0.076552,,
2023-09-03 12:00:00+00:00,0.089654,,
2023-09-03 13:00:00+00:00,0.097393,,
2023-09-03 14:00:00+00:00,0.09603,,
2023-09-03 15:00:00+00:00,0.085533,,
2023-09-03 16:00:00+00:00,0.073358,,
2023-09-03 17:00:00+00:00,0.07757,,
2023-09-03 18:00:00+00:00,0.089552,,
2023-09-03 19:00:00+00:00,0.093898,,
2023-09-03 20:00:00+00:00,0.092855,,
2023-09-03 21:00:00+00:00,0.092223,,
2023-09-03 22:00:00+00:00,0.091738,,
2023-09-03 23:00:00+00:00,0.090344,,
2023-09-04 00:00:00+00:00,0.088363,,
2023-09-04 01:00:00+00:00,0.086154,,
2023-09-04 02:00:00+00:00,0.083489,,
2023-09-04 03:00:00+00:00,0.080886,,
2023-09-04 04:00:00+00:00,0.080276,,
2023-09-04 05:00:00+00:00,0.070617,,
2023-09-04 06:00:00+00:00,0.039489,,
2023-09-04 07:00:00+00:00,0.040837,,
2023-09-04 08:00:00+00:00,0.056867,,
2023-09-04 09:00:00+00:00,0.058937,,
2023-09-04 10:00:00+00:00,0.058113,,
2023-09-04 11:00:00+00:00,0.057153,,
2023-09-04 12:00:00+00:00,0.056487,,
2023-09-04 13:00:00+00:00,0.056376,,
2023-09-04 14:00:00+00:00,0.058198,,
2023-09-04 15:00:00+00:00,0.06157,,
2023-09-04 16:00:00+00:00,0.064675,,
2023-09-04 17:00:00+00:00,0.089952,,
2023-09-04 18:00:00+00:00,0.132631,,
2023-09-04 19:00:00+00:00,0.16317,,
2023-09-04 20:00:00+00:00,0.179933,,
2023-09-04 21:00:00+00:00,0.195005,,
2023-09-04 22:00:00+00:00,0.208479,,
2023-09-04 23:00:00+00:00,0.215445,,
2023-09-05 00:00:00+00:00,0.217373,,
2023-09-05 01:00:00+00:00,0.216338,,
2023-09-05 02:00:00+00:00,0.213779,,
2023-09-05 03:00:00+00:00,0.208142,,
2023-09-05 04:00:00+00:00,0.202479,,
2023-09-05 05:00:00+00:00,0.162587,,
2023-09-05 06:00:00+00:00,0.094089,,
2023-09-05 07:00:00+00:00,0.097409,,
2023-09-05 08:00:00+00:00,0.110178,,
2023-09-05 09:00:00+00:00,0.104235,,
2023-09-05 10:00:00+00:00,0.091665,,
2023-09-05 11:00:00+00:00,0.079611,,
2023-09-05 12:00:00+00:00,0.068218,,
2023-09-05 13:00:00+00:00,0.057275,,
2023-09-05 14:00:00+00:00,0.049708,,
2023-09-05 15:00:00+00:00,0.049495,,
2023-09-05 16:00:00+00:00,0.057732,,
2023-09-05 17:00:00+00:00,0.086306,,
2023-09-05 18:00:00+00:00,0.126804,,
2023-09-05 19:00:00+00:00,0.158727,,
2023-09-05 20:00:00+00:00,0.174553,,
2023-09-05 21:00:00+00:00,0.179051,,
2023-09-05 22:00:00+00:00,0.173152,,
2023-09-05 23:00:00+00:00,0.158543,,
2023-09-06 00:00:00+00:00,0.138489,,
2023-09-06 01:00:00+00:00,0.117962,,
2023-09-06 02:00:00+00:00,0.101561,,
2023-09-06 03:00:00+00:00,0.089582,,
2023-09-06 04:00:00+00:00,0.083398,,
2023-09-06 05:00:00+00:00,0.074963,,
2023-09-06 06:00:00+00:00,0.040146,,
2023-09-06 07:00:00+00:00,0.023296,,
2023-09-06 08:00:00+00:00,0.036593,,
2023-09-06 09:00:00+00:00,0.04815,,
2023-09-06 10:00:00+00:00,0.048589,,
2023-09-06 11:00:00+00:00,0.046561,,
2023-09-06 12:00:00+00:00,0.04599,,
2023-09-06 13:00:00+00:00,0.04938,,
2023-09-06 14:00:00+00:00,0.059067,,
2023-09-06 15:00:00+00:00,0.077635,,
2023-09-06 16:00:00+00:00,0.103152,,
2023-09-06 17:00:00+00:00,0.161119,,
2023-09-06 18:00:00+00:00,0.228252,,
2023-09-06 19:00:00+00:00,0.263555,,
2023-09-06 20:00:00+00:00,0.26595,,
2023-09-06 21:00:00+00:00,0.255745,,
2023-09-06 22:00:00+00:00,0.238858,,
2023-09-06 23:00:00+00:00,0.220026,,
2023-09-07 00:00:00+00:00,0.203677,,
2023-09-07 01:00:00+00:00,0.192381,,
2023-09-07 02:00:00+00:00,0.186702,,
2023-09-07 03:00:00+00:00,0.184728,,
2023-09-07 04:00:00+00:00,0.186034,,
2023-09-07 05:00:00+00:00,0.161766,,
2023-09-07 06:00:00+00:00,0.082317,,
2023-09-07 07:00:00+00:00,0.052952,,
2023-09-07 08:00:00+00:00,0.092913,,
2023-09-07 09:00:00+00:00,0.136199,,
2023-09-07 10:00:00+00:00,0.142183,,
2023-09-07 11:00:00+00:00,0.143077,,
2023-09-07 12:00:00+00:00,0.145605,,
2023-09-07 13:00:00+00:00,0.150962,,
2023-09-07 14:00:00+00:00,0.158271,,
2023-09-07 15:00:00+00:00,0.164607,,
2023-09-07 16:00:00+00:00,0.189714,,
2023-09-07 17:00:00+00:00,0.262631,,
2023-09-07 18:00:00+00:00,0.327344,,
2023-09-07 19:00:00+00:00,0.338056,,
2023-09-07 20:00:00+00:00,0.321278,,
2023-09-07 21:00:00+00:00,0.30146,,
2023-09-07 22:00:00+00:00,0.281601,,
2023-09-07 23:00:00+00:00,0.26282,,
2023-09-08 00:00:00+00:00,0.243433,,
2023-09-08 01:00:00+00:00,0.22494,,
2023-09-08 02:00:00+00:00,0.209192,,
2023-09-08 03:00:00+00:00,0.197601,,
2023-09-08 04:00:00+00:00,0.190412,,
2023-09-08 05:00:00+00:00,0.158673,,
2023-09-08 06:00:00+00:00,0.078698,,
2023-09-08 07:00:00+00:00,0.042636,,
2023-09-08 08:00:00+00:00,0.053507,,
2023-09-08 09:00:00+00:00,0.07284,,
2023-09-08 10:00:00+00:00,0.078775,,
2023-09-08 11:00:00+00:00,0.077109,,
2023-09-08 12:00:00+00:00,0.069164,,
2023-09-08 13:00:00+00:00,0.058421,,
2023-09-08 14:00:00+00:00,0.048661,,
2023-09-08 15:00:00+00:00,0.046466,,
2023-09-08 16:00:00+00:00,0.054807,,
2023-09-08 17:00:00+00:00,0.079654,,
2023-09-08 18:00:00+00:00,0.113174,,
2023-09-08 19:00:00+00:00,0.144257,,
2023-09-08 20:00:00+00:00,0.165178,,
2023-09-08 21:00:00+00:00,0.173917,,
2023-09-08 22:00:00+00:00,0.171861,,
2023-09-08 23:00:00+00:00,0.162454,,
2023-09-09 00:00:00+00:00,0.148655,,
2023-09-09 01:00:00+00:00,0.133913,,
2023-09-09 02:00:00+00:00,0.120225,,
2023-09-09 03:00:00+00:00,0.10865,,
2023-09-09 04:00:00+00:00,0.101959,,
2023-09-09 05:00:00+00:00,0.091267,,
2023-09-09 06:00:00+00:00,0.048099,,
2023-09-09 07:00:00+00:00,0.021422,,
2023-09-09 08:00:00+00:00,0.023261,,
2023-09-09 09:00:00+00:00,0.038224,,
2023-09-09 10:00:00+00:00,0.044188,,
2023-09-09 11:00:00+00:00,0.041222,,
2023-09-09 12:00:00+00:00,0.034976,,
2023-09-09 13:00:00+00:00,0.02802,,
2023-09-09 14:00:00+00:00,0.021899,,
2023-09-09 15:00:00+00:00,0.01825,,
2023-09-09 16:00:00+00:00,0.016794,,
2023-09-09 17:00:00+00:00,0.020636,,
2023-09-09 18:00:00+00:00,0.028169,,
2023-09-09 19:00:00+00:00,0.036241,,
2023-09-09 20:00:00+00:00,0.042418,,
2023-09-09 21:00:00+00:00,0.045767,,
2023-09-09 22:00:00+00:00,0.048298,,
2023-09-09 23:00:00+00:00,0.050899,,
2023-09-10 00:00:00+00:00,0.053158,,
2023-09-10 01:00:00+00:00,0.055066,,
2023-09-10 02:00:00+00:00,0.055352,,
2023-09-10 03:00:00+00:00,0.051874,,
2023-09-10 04:00:00+00:00,0.045247,,
2023-09-10 05:00:00+00:00,0.036387,,
2023-09-10 06:00:00+00:00,0.017287,,
2023-09-10 07:00:00+00:00,0.006679,,
2023-09-10 08:00:00+00:00,0.003782,,
2023-09-10 09:00:00+00:00,0.003774,,
2023-09-10 10:00:00+00:00,0.004111,,
2023-09-10 11:00:00+00:00,0.004282,,
2023-09-10 12:00:00+00:00,0.004428,,
2023-09-10 13:00:00+00:00,0.004469,,
2023-09-10 14:00:00+00:00,0.004326,,
2023-09-10 15:00:00+00:00,0.004884,,
2023-09-10 16:00:00+00:00,0.008571,,
2023-09-10 17:00:00+00:00,0.019451,,
2023-09-10 18:00:00+00:00,0.0342,,
2023-09-10 19:00:00+00:00,0.04807,,
2023-09-10 20:00:00+00:00,0.059501,,
2023-09-10 21:00:00+00:00,0.068211,,
2023-09-10 22:00:00+00:00,0.07571,,
2023-09-10 23:00:00+00:00,0.082554,,
2023-09-11 00:00:00+00:00,0.088625,,
2023-09-11 01:00:00+00:00,0.094976,,
2023-09-11 02:00:00+00:00,0.100715,,
2023-09-11 03:00:00+00:00,0.104626,,
2023-09-11 04:00:00+00:00,0.106082,,
2023-09-11 05:00:00+00:00,0.100169,,
2023-09-11 06:00:00+00:00,0.058101,,
2023-09-11 07:00:00+00:00,0.028087,,
2023-09-11 08:00:00+00:00,0.021214,,
2023-09-11 09:00:00+00:00,0.024741,,
2023-09-11 10:00:00+00:00,0.029467,,
2023-09-11 11:00:00+00:00,0.033443,,
2023-09-11 12:00:00+00:00,0.03807,,
2023-09-11 13:00:00+00:00,0.04013,,
2023-09-11 14:00:00+00:00,0.037144,,
2023-09-11 15:00:00+00:00,0.033805,,
2023-09-11 16:00:00+00:00,0.034537,,
2023-09-11 17:00:00+00:00,0.043856,,
2023-09-11 18:00:00+00:00,0.052679,,
2023-09-11 19:00:00+00:00,0.054137,,
2023-09-11 20:00:00+00:00,0.053097,,
2023-09-11 21:00:00+00:00,0.050931,,
2023-09-11 22:00:00+00:00,0.050293,,
2023-09-11 23:00:00+00:00,0.051815,,
2023-09-12 00:00:00+00:00,0.052839,,
2023-09-12 01:00:00+00:00,0.048233,,
2023-09-12 02:00:00+00:00,0.037467,,
2023-09-12 03:00:00+00:00,0.032953,,
2023-09-12 04:00:00+00:00,0.034454,,
2023-09-12 05:00:00+00:00,0.035776,,
2023-09-12 06:00:00+00:00,0.025097,,
2023-09-12 07:00:00+00:00,0.021267,,
2023-09-12 08:00:00+00:00,0.025606,,
2023-09-12 09:00:00+00:00,0.027612,,
2023-09-12 10:00:00+00:00,0.028364,,
2023-09-12 11:00:00+00:00,0.028087,,
2023-09-12 12:00:00+00:00,0.025705,,
2023-09-12 13:00:00+00:00,0.022885,,
2023-09-12 14:00:00+00:00,0.020551,,
2023-09-12 15:00:00+00:00,0.019449,,
2023-09-12 16:00:00+00:00,0.025013,,
2023-09-12 17:00:00+00:00,0.041293,,
2023-09-12 18:00:00+00:00,0.055963,,
2023-09-12 19:00:00+00:00,0.064507,,
2023-09-12 20:00:00+00:00,0.07194,,
2023-09-12 21:00:00+00:00,0.075755,,
2023-09-12 22:00:00+00:00,0.079114,,
2023-09-12 23:00:00+00:00,0.08831,,
2023-09-13 00:00:00+00:00,0.101971,,
2023-09-13 01:00:00+00:00,0.123967,,
2023-09-13 02:00:00+00:00,0.149234,,
2023-09-13 03:00:00+00:00,0.167078,,
2023-09-13 04:00:00+00:00,0.17865,,
2023-09-13 05:00:00+00:00,0.17584,,
2023-09-13 06:00:00+00:00,0.166176,,
2023-09-13 07:00:00+00:00,0.198171,,
2023-09-13 08:00:00+00:00,0.236758,,
2023-09-13 09:00:00+00:00,0.24496,,
2023-09-13 10:00:00+00:00,0.234071,,
2023-09-13 11:00:00+00:00,0.221706,,
2023-09-13 12:00:00+00:00,0.214274,,
2023-09-13 13:00:00+00:00,0.206778,,
2023-09-13 14:00:00+00:00,0.200575,,
2023-09-13 15:00:00+00:00,0.195031,,
2023-09-13 16:00:00+00:00,0.179914,,
2023-09-13 17:00:00+00:00,0.183262,,
2023-09-13 18:00:00+00:00,0.186873,,
2023-09-13 19:00:00+00:00,0.170669,,
2023-09-13 20:00:00+00:00,0.15025,,
2023-09-13 21:00:00+00:00,0.130581,,
2023-09-13 22:00:00+00:00,0.1139,,
2023-09-13 23:00:00+00:00,0.101222,,
2023-09-14 00:00:00+00:00,0.088702,,
2023-09-14 01:00:00+00:00,0.074953,,
2023-09-14 02:00:00+00:00,0.062009,,
2023-09-14 03:00:00+00:00,0.053594,,
2023-09-14 04:00:00+00:00,0.048274,,
2023-09-14 05:00:00+00:00,0.03907,,
2023-09-14 06:00:00+00:00,0.023679,,
2023-09-14 07:00:00+00:00,0.018692,,
2023-09-14 08:00:00+00:00,0.016082,,
2023-09-14 09:00:00+00:00,0.013064,,
2023-09-14 10:00:00+00:00,0.011338,,
2023-09-14 11:00:00+00:00,0.011473,,
2023-09-14 12:00:00+00:00,0.011817,,
2023-09-14 13:00:00+00:00,0.011614,,
2023-09-14 14:00:00+00:00,0.010825,,
2023-09-14 15:00:00+00:00,0.010452,,
2023-09-14 16:00:00+00:00,0.014025,,
2023-09-14 17:00:00+00:00,0.029938,,
2023-09-14 18:00:00+00:00,0.051331,,
2023-09-14 19:00:00+00:00,0.068763,,
2023-09-14 20:00:00+00:00,0.080903,,
2023-09-14 21:00:00+00:00,0.087407,,
2023-09-14 22:00:00+00:00,0.089568,,
2023-09-14 23:00:00+00:00,0.088987,,
2023-09-15 00:00:00+00:00,0.088082,,
2023-09-15 01:00:00+00:00,0.089738,,
2023-09-15 02:00:00+00:00,0.0954,,
2023-09-15 03:00:00+00:00,0.102531,,
2023-09-15 04:00:00+00:00,0.109687,,
2023-09-15 05:00:00+00:00,0.108047,,
2023-09-15 06:00:00+00:00,0.058825,,
2023-09-15 07:00:00+00:00,0.05001,,
2023-09-15 08:00:00+00:00,0.071992,,
2023-09-15 09:00:00+00:00,0.076765,,
2023-09-15 10:00:00+00:00,0.074002,,
2023-09-15 11:00:00+00:00,0.071932,,
2023-09-15 12:00:00+00:00,0.072345,,
2023-09-15 13:00:00+00:00,0.074782,,
2023-09-15 14:00:00+00:00,0.078863,,
2023-09-15 15:00:00+00:00,0.084244,,
2023-09-15 16:00:00+00:00,0.095049,,
2023-09-15 17:00:00+00:00,0.146137,,
2023-09-15 18:00:00+00:00,0.207068,,
2023-09-15 19:00:00+00:00,0.245322,,
2023-09-15 20:00:00+00:00,0.258594,,
2023-09-15 21:00:00+00:00,0.249911,,
2023-09-15 22:00:00+00:00,0.232242,,
2023-09-15 23:00:00+00:00,0.218135,,
2023-09-16 00:00:00+00:00,0.202258,,
2023-09-16 01:00:00+00:00,0.187986,,
2023-09-16 02:00:00+00:00,0.178394,,
2023-09-16 03:00:00+00:00,0.166794,,
2023-09-16 04:00:00+00:00,0.157382,,
2023-09-16 05:00:00+00:00,0.134352,,
2023-09-16 06:00:00+00:00,0.070473,,
2023-09-16 07:00:00+00:00,0.042251,,
2023-09-16 08:00:00+00:00,0.046972,,
2023-09-16 09:00:00+00:00,0.055051,,
2023-09-16 10:00:00+00:00,0.059123,,
2023-09-16 11:00:00+00:00,0.05612,,
2023-09-16 12:00:00+00:00,0.049166,,
2023-09-16 13:00:00+00:00,0.040794,,
2023-09-16 14:00:00+00:00,0.032894,,
2023-09-16 15:00:00+00:00,0.026404,,
2023-09-16 16:00:00+00:00,0.024146,,
2023-09-16 17:00:00+00:00,0.034857,,
2023-09-16 18:00:00+00:00,0.050464,,
2023-09-16 19:00:00+00:00,0.061753,,
2023-09-16 20:00:00+00:00,0.066637,,
2023-09-16 21:00:00+00:00,0.064087,,
2023-09-16 22:00:00+00:00,0.059668,,
2023-09-16 23:00:00+00:00,0.05707,,
2023-09-17 00:00:00+00:00,0.057117,,
2023-09-17 01:00:00+00:00,0.059048,,
2023-09-17 02:00:00+00:00,0.061688,,
2023-09-17 03:00:00+00:00,0.064321,,
2023-09-17 04:00:00+00:00,0.067791,,
2023-09-17 05:00:00+00:00,0.07015,,
2023-09-17 06:00:00+00:00,0.052355,,
2023-09-17 07:00:00+00:00,0.037111,,
2023-09-17 08:00:00+00:00,0.048807,,
2023-09-17 09:00:00+00:00,0.070795,,
2023-09-17 10:00:00+00:00,0.088748,,
2023-09-17 11:00:00+00:00,0.104297,,
2023-09-17 12:00:00+00:00,0.113014,,
2023-09-17 13:00:00+00:00,0.113054,,
2023-09-17 14:00:00+00:00,0.102353,,
2023-09-17 15:00:00+00:00,0.096925,,
2023-09-17 16:00:00+00:00,0.112749,,
2023-09-17 17:00:00+00:00,0.153229,,
2023-09-17 18:00:00+00:00,0.19579,,
2023-09-17 19:00:00+00:00,0.222335,,
2023-09-17 20:00:00+00:00,0.233241,,
2023-09-17 21:00:00+00:00,0.227809,,
2023-09-17 22:00:00+00:00,0.217258,,
2023-09-17 23:00:00+00:00,0.214817,,
2023-09-18 00:00:00+00:00,0.212285,,
2023-09-18 01:00:00+00:00,0.212409,,
2023-09-18 02:00:00+00:00,0.218095,,
2023-09-18 03:00:00+00:00,0.226497,,
2023-09-18 04:00:00+00:00,0.233653,,
2023-09-18 05:00:00+00:00,0.229067,,
2023-09-18 06:00:00+00:00,0.193897,,
2023-09-18 07:00:00+00:00,0.188156,,
2023-09-18 08:00:00+00:00,0.258254,,
2023-09-18 09:00:00+00:00,0.31645,,
2023-09-18 10:00:00+00:00,0.351319,,
2023-09-18 11:00:00+00:00,0.376293,,
2023-09-18 12:00:00+00:00,0.380999,,
2023-09-18 13:00:00+00:00,0.37323,,
2023-09-18 14:00:00+00:00,0.356943,,
2023-09-18 15:00:00+00:00,0.325285,,
2023-09-18 16:00:00+00:00,0.285362,,
2023-09-18 17:00:00+00:00,0.296959,,
2023-09-18 18:00:00+00:00,0.325107,,
2023-09-18 19:00:00+00:00,0.341401,,
2023-09-18 20:00:00+00:00,0.354502,,
2023-09-18 21:00:00+00:00,0.360056,,
2023-09-18 22:00:00+00:00,0.372424,,
2023-09-18 23:00:00+00:00,0.370797,,
2023-09-19 00:00:00+00:00,0.372593,,
2023-09-19 01:00:00+00:00,0.374381,,
2023-09-19 02:00:00+00:00,0.373024,,
2023-09-19 03:00:00+00:00,0.362833,,
2023-09-19 04:00:00+00:00,0.355786,,
2023-09-19 05:00:00+00:00,0.348559,,
2023-09-19 06:00:00+00:00,0.338776,,
2023-09-19 07:00:00+00:00,0.408879,,
2023-09-19 08:00:00+00:00,0.489595,,
2023-09-19 09:00:00+00:00,0.529109,,
2023-09-19 10:00:00+00:00,0.542819,,
2023-09-19 11:00:00+00:00,0.552627,,
2023-09-19 12:00:00+00:00,0.563209,,
2023-09-19 13:00:00+00:00,0.575686,,
2023-09-19 14:00:00+00:00,0.587136,,
2023-09-19 15:00:00+00:00,0.58618,,
2023-09-19 16:00:00+00:00,0.563798,,
2023-09-19 17:00:00+00:00,0.558799,,
2023-09-19 18:00:00+00:00,0.548556,,
2023-09-19 19:00:00+00:00,0.529028,,
2023-09-19 20:00:00+00:00,0.504423,,
2023-09-19 21:00:00+00:00,0.483047,,
2023-09-19 22:00:00+00:00,0.462044,,
2023-09-19 23:00:00+00:00,0.433869,,
2023-09-20 00:00:00+00:00,0.415328,,
2023-09-20 01:00:00+00:00,0.399804,,
2023-09-20 02:00:00+00:00,0.389582,,
2023-09-20 03:00:00+00:00,0.375911,,
2023-09-20 04:00:00+00:00,0.362725,,
2023-09-20 05:00:00+00:00,0.344897,,
2023-09-20 06:00:00+00:00,0.28721,,
2023-09-20 07:00:00+00:00,0.318684,,
2023-09-20 08:00:00+00:00,0.416848,,
2023-09-20 09:00:00+00:00,0.426995,,
2023-09-20 10:00:00+00:00,0.416842,,
2023-09-20 11:00:00+00:00,0.402559,,
2023-09-20 12:00:00+00:00,0.385378,,
2023-09-20 13:00:00+00:00,0.355858,,
2023-09-20 14:00:00+00:00,0.311141,,
2023-09-20 15:00:00+00:00,0.261244,,
2023-09-20 16:00:00+00:00,0.222355,,
2023-09-20 17:00:00+00:00,0.236567,,
2023-09-20 18:00:00+00:00,0.267434,,
2023-09-20 19:00:00+00:00,0.290309,,
2023-09-20 20:00:00+00:00,0.308447,,
2023-09-20 21:00:00+00:00,0.319723,,
2023-09-20 22:00:00+00:00,0.320621,,
2023-09-20 23:00:00+00:00,0.317942,,
2023-09-21 00:00:00+00:00,0.31744,,
2023-09-21 01:00:00+00:00,0.321322,,
2023-09-21 02:00:00+00:00,0.331649,,
2023-09-21 03:00:00+00:00,0.330844,,
2023-09-21 04:00:00+00:00,0.326138,,
2023-09-21 05:00:00+00:00,0.321922,,
2023-09-21 06:00:00+00:00,0.257666,,
2023-09-21 07:00:00+00:00,0.210552,,
2023-09-21 08:00:00+00:00,0.223648,,
2023-09-21 09:00:00+00:00,0.236887,,
2023-09-21 10:00:00+00:00,0.239516,,
2023-09-21 11:00:00+00:00,0.233196,,
2023-09-21 12:00:00+00:00,0.214496,,
2023-09-21 13:00:00+00:00,0.184708,,
2023-09-21 14:00:00+00:00,0.15653,,
2023-09-21 15:00:00+00:00,0.133869,,
2023-09-21 16:00:00+00:00,0.13087,,
2023-09-21 17:00:00+00:00,0.155562,,
2023-09-21 18:00:00+00:00,0.174806,,
2023-09-21 19:00:00+00:00,0.188543,,
2023-09-21 20:00:00+00:00,0.19619,,
2023-09-21 21:00:00+00:00,0.194941,,
2023-09-21 22:00:00+00:00,0.191097,,
2023-09-21 23:00:00+00:00,0.189386,,
2023-09-22 00:00:00+00:00,0.187567,,
2023-09-22 01:00:00+00:00,0.182585,,
2023-09-22 02:00:00+00:00,0.180216,,
2023-09-22 03:00:00+00:00,0.181355,,
2023-09-22 04:00:00+00:00,0.181161,,
2023-09-22 05:00:00+00:00,0.174961,,
2023-09-22 06:00:00+00:00,0.152024,,
2023-09-22 07:00:00+00:00,0.170758,,
2023-09-22 08:00:00+00:00,0.203234,,
2023-09-22 09:00:00+00:00,0.218971,,
2023-09-22 10:00:00+00:00,0.220363,,
2023-09-22 11:00:00+00:00,0.211149,,
2023-09-22 12:00:00+00:00,0.199277,,
2023-09-22 13:00:00+00:00,0.18411,,
2023-09-22 14:00:00+00:00,0.163216,,
2023-09-22 15:00:00+00:00,0.135868,,
2023-09-22 16:00:00+00:00,0.111943,,
2023-09-22 17:00:00+00:00,0.124184,,
2023-09-22 18:00:00+00:00,0.143198,,
2023-09-22 19:00:00+00:00,0.165051,,
2023-09-22 20:00:00+00:00,0.178079,,
2023-09-22 21:00:00+00:00,0.184517,,
2023-09-22 22:00:00+00:00,0.184469,,
2023-09-22 23:00:00+00:00,0.18297,,
2023-09-23 00:00:00+00:00,0.182879,,
2023-09-23 01:00:00+00:00,0.183236,,
2023-09-23 02:00:00+00:00,0.17899,,
2023-09-23 03:00:00+00:00,0.181188,,
2023-09-23 04:00:00+00:00,0.18312,,
2023-09-23 05:00:00+00:00,0.182099,,
2023-09-23 06:00:00+00:00,0.172747,,
2023-09-23 07:00:00+00:00,0.216478,,
2023-09-23 08:00:00+00:00,0.247818,,
2023-09-23 09:00:00+00:00,0.25748,,
2023-09-23 10:00:00+00:00,0.25175,,
2023-09-23 11:00:00+00:00,0.245764,,
2023-09-23 12:00:00+00:00,0.246294,,
2023-09-23 13:00:00+00:00,0.242853,,
2023-09-23 14:00:00+00:00,0.224699,,
2023-09-23 15:00:00+00:00,0.19168,,
2023-09-23 16:00:00+00:00,0.153664,,
2023-09-23 17:00:00+00:00,0.159058,,
2023-09-23 18:00:00+00:00,0.164207,,
2023-09-23 19:00:00+00:00,0.161948,,
2023-09-23 20:00:00+00:00,0.161,,
2023-09-23 21:00:00+00:00,0.160028,,
2023-09-23 22:00:00+00:00,0.15768,,
2023-09-23 23:00:00+00:00,0.149497,,
2023-09-24 00:00:00+00:00,0.140528,,
2023-09-24 01:00:00+00:00,0.129357,,
2023-09-24 02:00:00+00:00,0.117007,,
2023-09-24 03:00:00+00:00,0.100867,,
2023-09-24 04:00:00+00:00,0.08967,,
2023-09-24 05:00:00+00:00,0.083372,,
2023-09-24 06:00:00+00:00,0.058921,,
2023-09-24 07:00:00+00:00,0.043916,,
2023-09-24 08:00:00+00:00,0.050822,,
2023-09-24 09:00:00+00:00,0.061011,,
2023-09-24 10:00:00+00:00,0.064335,,
2023-09-24 11:00:00+00:00,0.064279,,
2023-09-24 12:00:00+00:00,0.063718,,
2023-09-24 13:00:00+00:00,0.063108,,
2023-09-24 14:00:00+00:00,0.063585,,
2023-09-24 15:00:00+00:00,0.059956,,
2023-09-24 16:00:00+00:00,0.062766,,
2023-09-24 17:00:00+00:00,0.096432,,
2023-09-24 18:00:00+00:00,0.15342,,
2023-09-24 19:00:00+00:00,0.214889,,
2023-09-24 20:00:00+00:00,0.256203,,
2023-09-24 21:00:00+00:00,0.274225,,
2023-09-24 22:00:00+00:00,0.278753,,
2023-09-24 23:00:00+00:00,0.275801,,
2023-09-25 00:00:00+00:00,0.267586,,
2023-09-25 01:00:00+00:00,0.255491,,
2023-09-25 02:00:00+00:00,0.244425,,
2023-09-25 03:00:00+00:00,0.235107,,
2023-09-25 04:00:00+00:00,0.227869,,
2023-09-25 05:00:00+00:00,0.215147,,
2023-09-25 06:00:00+00:00,0.153024,,
2023-09-25 07:00:00+00:00,0.107701,,
2023-09-25 08:00:00+00:00,0.138809,,
2023-09-25 09:00:00+00:00,0.175624,,
2023-09-25 10:00:00+00:00,0.15819,,
2023-09-25 11:00:00+00:00,0.135926,,
2023-09-25 12:00:00+00:00,0.114572,,
2023-09-25 13:00:00+00:00,0.095031,,
2023-09-25 14:00:00+00:00,0.07723,,
2023-09-25 15:00:00+00:00,0.06597,,
2023-09-25 16:00:00+00:00,0.06584,,
2023-09-25 17:00:00+00:00,0.07452,,
2023-09-25 18:00:00+00:00,0.084438,,
2023-09-25 19:00:00+00:00,0.092916,,
2023-09-25 20:00:00+00:00,0.098426,,
2023-09-25 21:00:00+00:00,0.096965,,
2023-09-25 22:00:00+00:00,0.090237,,
2023-09-25 23:00:00+00:00,0.08192,,
2023-09-26 00:00:00+00:00,0.072492,,
2023-09-26 01:00:00+00:00,0.064516,,
2023-09-26 02:00:00+00:00,0.061715,,
2023-09-26 03:00:00+00:00,0.064154,,
2023-09-26 04:00:00+00:00,0.071102,,
2023-09-26 05:00:00+00:00,0.079709,,
2023-09-26 06:00:00+00:00,0.067529,,
2023-09-26 07:00:00+00:00,0.033762,,
2023-09-26 08:00:00+00:00,0.03137,,
2023-09-26 09:00:00+00:00,0.045705,,
2023-09-26 10:00:00+00:00,0.050794,,
2023-09-26 11:00:00+00:00,0.050489,,
2023-09-26 12:00:00+00:00,0.045323,,
2023-09-26 13:00:00+00:00,0.037872,,
2023-09-26 14:00:00+00:00,0.031696,,
2023-09-26 15:00:00+00:00,0.0297,,
2023-09-26 16:00:00+00:00,0.033604,,
2023-09-26 17:00:00+00:00,0.045541,,
2023-09-26 18:00:00+00:00,0.064526,,
2023-09-26 19:00:00+00:00,0.083983,,
2023-09-26 20:00:00+00:00,0.097229,,
2023-09-26 21:00:00+00:00,0.103196,,
2023-09-26 22:00:00+00:00,0.102144,,
2023-09-26 23:00:00+00:00,0.099586,,
2023-09-27 00:00:00+00:00,0.102647,,
2023-09-27 01:00:00+00:00,0.097708,,
2023-09-27 02:00:00+00:00,0.081092,,
2023-09-27 03:00:00+00:00,0.067631,,
2023-09-27 04:00:00+00:00,0.0637,,
2023-09-27 05:00:00+00:00,0.06292,,
2023-09-27 06:00:00+00:00,0.048489,,
2023-09-27 07:00:00+00:00,0.020509,,
2023-09-27 08:00:00+00:00,0.010639,,
2023-09-27 09:00:00+00:00,0.01743,,
2023-09-27 10:00:00+00:00,0.025332,,
2023-09-27 11:00:00+00:00,0.031036,,
2023-09-27 12:00:00+00:00,0.032431,,
2023-09-27 13:00:00+00:00,0.029015,,
2023-09-27 14:00:00+00:00,0.024932,,
2023-09-27 15:00:00+00:00,0.025977,,
2023-09-27 16:00:00+00:00,0.045267,,
2023-09-27 17:00:00+00:00,0.089293,,
2023-09-27 18:00:00+00:00,0.144731,,
2023-09-27 19:00:00+00:00,0.191462,,
2023-09-27 20:00:00+00:00,0.215158,,
2023-09-27 21:00:00+00:00,0.227297,,
2023-09-27 22:00:00+00:00,0.235528,,
2023-09-27 23:00:00+00:00,0.241613,,
2023-09-28 00:00:00+00:00,0.244914,,
2023-09-28 01:00:00+00:00,0.242832,,
2023-09-28 02:00:00+00:00,0.234082,,
2023-09-28 03:00:00+00:00,0.227297,,
2023-09-28 04:00:00+00:00,0.218786,,
2023-09-28 05:00:00+00:00,0.206149,,
2023-09-28 06:00:00+00:00,0.152118,,
2023-09-28 07:00:00+00:00,0.096234,,
2023-09-28 08:00:00+00:00,0.110658,,
2023-09-28 09:00:00+00:00,0.121831,,
2023-09-28 10:00:00+00:00,0.117575,,
2023-09-28 11:00:00+00:00,0.108051,,
2023-09-28 12:00:00+00:00,0.097746,,
2023-09-28 13:00:00+00:00,0.087215,,
2023-09-28 14:00:00+00:00,0.076846,,
2023-09-28 15:00:00+00:00,0.059575,,
2023-09-28 16:00:00+00:00,0.046988,,
2023-09-28 17:00:00+00:00,0.042283,,
2023-09-28 18:00:00+00:00,0.03951,,
2023-09-28 19:00:00+00:00,0.04191,,
2023-09-28 20:00:00+00:00,0.052667,,
2023-09-28 21:00:00+00:00,0.073567,,
2023-09-28 22:00:00+00:00,0.102476,,
2023-09-28 23:00:00+00:00,0.130699,,
2023-09-29 00:00:00+00:00,0.152578,,
2023-09-29 01:00:00+00:00,0.167536,,
2023-09-29 02:00:00+00:00,0.178816,,
2023-09-29 03:00:00+00:00,0.184017,,
2023-09-29 04:00:00+00:00,0.192616,,
2023-09-29 05:00:00+00:00,0.201129,,
2023-09-29 06:00:00+00:00,0.169232,,
2023-09-29 07:00:00+00:00,0.129504,,
2023-09-29 08:00:00+00:00,0.13848,,
2023-09-29 09:00:00+00:00,0.177039,,
2023-09-29 10:00:00+00:00,0.21368,,
2023-09-29 11:00:00+00:00,0.24676,,
2023-09-29 12:00:00+00:00,0.278666,,
2023-09-29 13:00:00+00:00,0.301335,,
2023-09-29 14:00:00+00:00,0.298948,,
2023-09-29 15:00:00+00:00,0.286186,,
2023-09-29 16:00:00+00:00,0.301841,,
2023-09-29 17:00:00+00:00,0.324743,,
2023-09-29 18:00:00+00:00,0.318729,,
2023-09-29 19:00:00+00:00,0.299774,,
2023-09-29 20:00:00+00:00,0.288017,,
2023-09-29 21:00:00+00:00,0.284064,,
2023-09-29 22:00:00+00:00,0.27942,,
2023-09-29 23:00:00+00:00,0.265276,,
2023-09-30 00:00:00+00:00,0.250514,,
2023-09-30 01:00:00+00:00,0.228542,,
2023-09-30 02:00:00+00:00,0.20627,,
2023-09-30 03:00:00+00:00,0.182958,,
2023-09-30 04:00:00+00:00,0.17152,,
2023-09-30 05:00:00+00:00,0.167822,,
2023-09-30 06:00:00+00:00,0.140261,,
2023-09-30 07:00:00+00:00,0.120023,,
2023-09-30 08:00:00+00:00,0.153429,,
2023-09-30 09:00:00+00:00,0.181011,,
2023-09-30 10:00:00+00:00,0.175461,,
2023-09-30 11:00:00+00:00,0.163576,,
2023-09-30 12:00:00+00:00,0.153803,,
2023-09-30 13:00:00+00:00,0.143283,,
2023-09-30 14:00:00+00:00,0.131813,,
2023-09-30 15:00:00+00:00,0.106234,,
2023-09-30 16:00:00+00:00,0.090062,,
2023-09-30 17:00:00+00:00,0.088757,,
2023-09-30 18:00:00+00:00,0.085162,,
2023-09-30 19:00:00+00:00,0.081545,,
2023-09-30 20:00:00+00:00,0.082062,,
2023-09-30 21:00:00+00:00,0.090251,,
2023-09-30 22:00:00+00:00,0.104393,,
2023-09-30 23:00:00+00:00,0.118347,,
2023-10-01 00:00:00+00:00,0.129171,,
2023-10-01 01:00:00+00:00,0.135299,,
2023-10-01 02:00:00+00:00,0.137461,,
2023-10-01 03:00:00+00:00,0.132483,,
2023-10-01 04:00:00+00:00,0.12951,,
2023-10-01 05:00:00+00:00,0.130393,,
2023-10-01 06:00:00+00:00,0.112779,,
2023-10-01 07:00:00+00:00,0.0892,,
2023-10-01 08:00:00+00:00,0.10088,,
2023-10-01 09:00:00+00:00,0.123486,,
2023-10-01 10:00:00+00:00,0.132269,,
2023-10-01 11:00:00+00:00,0.141573,,
2023-10-01 12:00:00+00:00,0.145476,,
2023-10-01 13:00:00+00:00,0.143258,,
2023-10-01 14:00:00+00:00,0.130862,,
2023-10-01 15:00:00+00:00,0.11136,,
2023-10-01 16:00:00+00:00,0.111416,,
2023-10-01 17:00:00+00:00,0.132079,,
2023-10-01 18:00:00+00:00,0.152233,,
2023-10-01 19:00:00+00:00,0.161411,,
2023-10-01 20:00:00+00:00,0.166398,,
2023-10-01 21:00:00+00:00,0.163489,,
2023-10-01 22:00:00+00:00,0.161925,,
2023-10-01 23:00:00+00:00,0.162837,,
2023-10-02 00:00:00+00:00,0.163451,,
2023-10-02 01:00:00+00:00,0.162838,,
2023-10-02 02:00:00+00:00,0.162009,,
2023-10-02 03:00:00+00:00,0.165114,,
2023-10-02 04:00:00+00:00,0.172314,,
2023-10-02 05:00:00+00:00,0.178001,,
2023-10-02 06:00:00+00:00,0.14909,,
2023-10-02 07:00:00+00:00,0.101858,,
2023-10-02 08:00:00+00:00,0.085314,,
2023-10-02 09:00:00+00:00,0.101743,,
2023-10-02 10:00:00+00:00,0.123332,,
2023-10-02 11:00:00+00:00,0.127547,,
2023-10-02 12:00:00+00:00,0.120899,,
2023-10-02 13:00:00+00:00,0.105467,,
2023-10-02 14:00:00+00:00,0.084206,,
2023-10-02 15:00:00+00:00,0.067106,,
2023-10-02 16:00:00+00:00,0.065802,,
2023-10-02 17:00:00+00:00,0.077687,,
2023-10-02 18:00:00+00:00,0.101922,,
2023-10-02 19:00:00+00:00,0.13475,,
2023-10-02 20:00:00+00:00,0.179024,,
2023-10-02 21:00:00+00:00,0.226238,,
2023-10-02 22:00:00+00:00,0.254574,,
2023-10-02 23:00:00+00:00,0.271998,,
2023-10-03 00:00:00+00:00,0.291291,,
2023-10-03 01:00:00+00:00,0.301776,,
2023-10-03 02:00:00+00:00,0.303479,,
2023-10-03 03:00:00+00:00,0.309032,,
2023-10-03 04:00:00+00:00,0.329539,,
2023-10-03 05:00:00+00:00,0.352859,,
2023-10-03 06:00:00+00:00,0.357557,,
2023-10-03 07:00:00+00:00,0.373338,,
2023-10-03 08:00:00+00:00,0.484203,,
2023-10-03 09:00:00+00:00,0.565038,,
2023-10-03 10:00:00+00:00,0.625131,,
2023-10-03 11:00:00+00:00,0.668142,,
2023-10-03 12:00:00+00:00,0.674737,,
2023-10-03 13:00:00+00:00,0.65394,,
2023-10-03 14:00:00+00:00,0.621888,,
2023-10-03 15:00:00+00:00,0.558229,,
2023-10-03 16:00:00+00:00,0.510781,,
2023-10-03 17:00:00+00:00,0.496256,,
2023-10-03 18:00:00+00:00,0.469518,,
2023-10-03 19:00:00+00:00,0.449541,,
2023-10-03 20:00:00+00:00,0.435621,,
2023-10-03 21:00:00+00:00,0.425275,,
2023-10-03 22:00:00+00:00,0.418576,,
2023-10-03 23:00:00+00:00,0.410506,,
2023-10-04 00:00:00+00:00,0.400392,,
2023-10-04 01:00:00+00:00,0.383673,,
2023-10-04 02:00:00+00:00,0.369602,,
2023-10-04 03:00:00+00:00,0.358714,,
2023-10-04 04:00:00+00:00,0.339469,,
2023-10-04 05:00:00+00:00,0.330304,,
2023-10-04 06:00:00+00:00,0.300015,,
2023-10-04 07:00:00+00:00,0.292997,,
2023-10-04 08:00:00+00:00,0.363861,,
2023-10-04 09:00:00+00:00,0.408149,,
2023-10-04 10:00:00+00:00,0.401236,,
2023-10-04 11:00:00+00:00,0.379559,,
2023-10-04 12:00:00+00:00,0.356873,,
2023-10-04 13:00:00+00:00,0.334048,,
2023-10-04 14:00:00+00:00,0.306769,,
2023-10-04 15:00:00+00:00,0.278741,,
2023-10-04 16:00:00+00:00,0.265428,,
2023-10-04 17:00:00+00:00,0.282057,,
2023-10-04 18:00:00+00:00,0.306626,,
2023-10-04 19:00:00+00:00,0.326299,,
2023-10-04 20:00:00+00:00,0.342153,,
2023-10-04 21:00:00+00:00,0.349945,,
2023-10-04 22:00:00+00:00,0.351626,,
2023-10-04 23:00:00+00:00,0.355201,,
2023-10-05 00:00:00+00:00,0.353701,,
2023-10-05 01:00:00+00:00,0.349713,,
2023-10-05 02:00:00+00:00,0.346295,,
2023-10-05 03:00:00+00:00,0.343775,,
2023-10-05 04:00:00+00:00,0.345052,,
2023-10-05 05:00:00+00:00,0.331094,,
2023-10-05 06:00:00+00:00,0.303564,,
2023-10-05 07:00:00+00:00,0.283841,,
2023-10-05 08:00:00+00:00,0.333001,,
2023-10-05 09:00:00+00:00,0.368748,,
2023-10-05 10:00:00+00:00,0.376612,,
2023-10-05 11:00:00+00:00,0.354468,,
2023-10-05 12:00:00+00:00,0.317391,,
2023-10-05 13:00:00+00:00,0.272637,,
2023-10-05 14:00:00+00:00,0.223517,,
2023-10-05 15:00:00+00:00,0.158967,,
2023-10-05 16:00:00+00:00,0.135107,,
2023-10-05 17:00:00+00:00,0.13596,,
2023-10-05 18:00:00+00:00,0.135929,,
2023-10-05 19:00:00+00:00,0.139432,,
2023-10-05 20:00:00+00:00,0.146958,,
2023-10-05 21:00:00+00:00,0.154931,,
2023-10-05 22:00:00+00:00,0.164504,,
2023-10-05 23:00:00+00:00,0.173908,,
2023-10-06 00:00:00+00:00,0.184913,,
2023-10-06 01:00:00+00:00,0.198491,,
2023-10-06 02:00:00+00:00,0.211503,,
2023-10-06 03:00:00+00:00,0.229702,,
2023-10-06 04:00:00+00:00,0.251424,,
2023-10-06 05:00:00+00:00,0.269815,,
2023-10-06 06:00:00+00:00,0.27104,,
2023-10-06 07:00:00+00:00,0.2576,,
2023-10-06 08:00:00+00:00,0.330268,,
2023-10-06 09:00:00+00:00,0.414515,,
2023-10-06 10:00:00+00:00,0.444903,,
2023-10-06 11:00:00+00:00,0.460581,,
2023-10-06 12:00:00+00:00,0.464095,,
2023-10-06 13:00:00+00:00,0.463127,,
2023-10-06 14:00:00+00:00,0.458908,,
2023-10-06 15:00:00+00:00,0.4556,,
2023-10-06 16:00:00+00:00,0.472944,,
2023-10-06 17:00:00+00:00,0.498787,,
2023-10-06 18:00:00+00:00,0.512618,,
2023-10-06 19:00:00+00:00,0.519496,,
2023-10-06 20:00:00+00:00,0.521237,,
2023-10-06 21:00:00+00:00,0.519813,,
2023-10-06 22:00:00+00:00,0.520357,,
2023-10-06 23:00:00+00:00,0.518122,,
2023-10-07 00:00:00+00:00,0.505739,,
2023-10-07 01:00:00+00:00,0.494308,,
2023-10-07 02:00:00+00:00,0.481521,,
2023-10-07 03:00:00+00:00,0.46034,,
2023-10-07 04:00:00+00:00,0.426718,,
2023-10-07 05:00:00+00:00,0.391589,,
2023-10-07 06:00:00+00:00,0.348328,,
2023-10-07 07:00:00+00:00,0.308701,,
2023-10-07 08:00:00+00:00,0.337375,,
2023-10-07 09:00:00+00:00,0.387793,,
2023-10-07 10:00:00+00:00,0.404829,,
2023-10-07 11:00:00+00:00,0.416966,,
2023-10-07 12:00:00+00:00,0.419474,,
2023-10-07 13:00:00+00:00,0.412164,,
2023-10-07 14:00:00+00:00,0.400206,,
2023-10-07 15:00:00+00:00,0.374577,,
2023-10-07 16:00:00+00:00,0.35931,,
2023-10-07 17:00:00+00:00,0.353526,,
2023-10-07 18:00:00+00:00,0.345688,,
2023-10-07 19:00:00+00:00,0.330928,,
2023-10-07 20:00:00+00:00,0.303959,,
2023-10-07 21:00:00+00:00,0.275556,,
2023-10-07 22:00:00+00:00,0.251694,,
2023-10-07 23:00:00+00:00,0.223468,,
2023-10-08 00:00:00+00:00,0.202184,,
2023-10-08 01:00:00+00:00,0.179408,,
2023-10-08 02:00:00+00:00,0.158368,,
2023-10-08 03:00:00+00:00,0.143226,,
2023-10-08 04:00:00+00:00,0.131918,,
2023-10-08 05:00:00+00:00,0.118233,,
2023-10-08 06:00:00+00:00,0.088241,,
2023-10-08 07:00:00+00:00,0.051606,,
2023-10-08 08:00:00+00:00,0.038714,,
2023-10-08 09:00:00+00:00,0.030799,,
2023-10-08 10:00:00+00:00,0.023466,,
2023-10-08 11:00:00+00:00,0.020684,,
2023-10-08 12:00:00+00:00,0.021717,,
2023-10-08 13:00:00+00:00,0.022366,,
2023-10-08 14:00:00+00:00,0.021981,,
2023-10-08 15:00:00+00:00,0.019826,,
2023-10-08 16:00:00+00:00,0.021155,,
2023-10-08 17:00:00+00:00,0.034101,,
2023-10-08 18:00:00+00:00,0.056864,,
2023-10-08 19:00:00+00:00,0.083547,,
2023-10-08 20:00:00+00:00,0.108995,,
2023-10-08 21:00:00+00:00,0.133472,,
2023-10-08 22:00:00+00:00,0.154597,,
2023-10-08 23:00:00+00:00,0.170568,,
2023-10-09 00:00:00+00:00,0.180423,,
2023-10-09 01:00:00+00:00,0.184494,,
2023-10-09 02:00:00+00:00,0.183863,,
2023-10-09 03:00:00+00:00,0.180135,,
2023-10-09 04:00:00+00:00,0.181013,,
2023-10-09 05:00:00+00:00,0.186642,,
2023-10-09 06:00:00+00:00,0.173547,,
2023-10-09 07:00:00+00:00,0.141464,,
2023-10-09 08:00:00+00:00,0.129716,,
2023-10-09 09:00:00+00:00,0.138336,,
2023-10-09 10:00:00+00:00,0.15266,,
2023-10-09 11:00:00+00:00,0.159372,,
2023-10-09 12:00:00+00:00,0.160622,,
2023-10-09 13:00:00+00:00,0.15319,,
2023-10-09 14:00:00+00:00,0.136717,,
2023-10-09 15:00:00+00:00,0.128593,,
2023-10-09 16:00:00+00:00,0.149635,,
2023-10-09 17:00:00+00:00,0.163898,,
2023-10-09 18:00:00+00:00,0.15709,,
2023-10-09 19:00:00+00:00,0.145179,,
2023-10-09 20:00:00+00:00,0.13506,,
2023-10-09 21:00:00+00:00,0.12904,,
2023-10-09 22:00:00+00:00,0.122798,,
2023-10-09 23:00:00+00:00,0.116883,,
2023-10-10 00:00:00+00:00,0.110055,,
2023-10-10 01:00:00+00:00,0.106271,,
2023-10-10 02:00:00+00:00,0.102002,,
2023-10-10 03:00:00+00:00,0.095948,,
2023-10-10 04:00:00+00:00,0.096029,,
2023-10-10 05:00:00+00:00,0.101143,,
2023-10-10 06:00:00+00:00,0.102862,,
2023-10-10 07:00:00+00:00,0.079262,,
2023-10-10 08:00:00+00:00,0.067607,,
2023-10-10 09:00:00+00:00,0.082387,,
2023-10-10 10:00:00+00:00,0.104894,,
2023-10-10 11:00:00+00:00,0.120956,,
2023-10-10 12:00:00+00:00,0.129795,,
2023-10-10 13:00:00+00:00,0.135753,,
2023-10-10 14:00:00+00:00,0.134067,,
2023-10-10 15:00:00+00:00,0.143104,,
2023-10-10 16:00:00+00:00,0.201609,,
2023-10-10 17:00:00+00:00,0.26973,,
2023-10-10 18:00:00+00:00,0.307007,,
2023-10-10 19:00:00+00:00,0.32624,,
2023-10-10 20:00:00+00:00,0.341981,,
2023-10-10 21:00:00+00:00,0.346193,,
2023-10-10 22:00:00+00:00,0.348603,,
2023-10-10 23:00:00+00:00,0.353422,,
2023-10-11 00:00:00+00:00,0.358531,,
2023-10-11 01:00:00+00:00,0.363962,,
2023-10-11 02:00:00+00:00,0.370538,,
2023-10-11 03:00:00+00:00,0.384134,,
2023-10-11 04:00:00+00:00,0.401566,,
2023-10-11 05:00:00+00:00,0.413428,,
2023-10-11 06:00:00+00:00,0.399668,,
2023-10-11 07:00:00+00:00,0.341124,,
2023-10-11 08:00:00+00:00,0.341366,,
2023-10-11 09:00:00+00:00,0.469449,,
2023-10-11 10:00:00+00:00,0.544318,,
2023-10-11 11:00:00+00:00,0.579132,,
2023-10-11 12:00:00+00:00,0.586899,,
2023-10-11 13:00:00+00:00,0.561163,,
2023-10-11 14:00:00+00:00,0.51092,,
2023-10-11 15:00:00+00:00,0.470981,,
2023-10-11 16:00:00+00:00,0.455313,,
2023-10-11 17:00:00+00:00,0.422733,,
2023-10-11 18:00:00+00:00,0.39363,,
2023-10-11 19:00:00+00:00,0.386079,,
2023-10-11 20:00:00+00:00,0.39149,,
2023-10-11 21:00:00+00:00,0.39441,,
2023-10-11 22:00:00+00:00,0.397977,,
2023-10-11 23:00:00+00:00,0.38517,,
2023-10-12 00:00:00+00:00,0.357507,,
2023-10-12 01:00:00+00:00,0.317544,,
2023-10-12 02:00:00+00:00,0.293158,,
2023-10-12 03:00:00+00:00,0.276792,,
2023-10-12 04:00:00+00:00,0.253451,,
2023-10-12 05:00:00+00:00,0.237437,,
2023-10-12 06:00:00+00:00,0.21641,,
2023-10-12 07:00:00+00:00,0.173651,,
2023-10-12 08:00:00+00:00,0.146832,,
2023-10-12 09:00:00+00:00,0.140282,,
2023-10-12 10:00:00+00:00,0.136926,,
2023-10-12 11:00:00+00:00,0.131344,,
2023-10-12 12:00:00+00:00,0.125155,,
2023-10-12 13:00:00+00:00,0.116036,,
2023-10-12 14:00:00+00:00,0.105102,,
2023-10-12 15:00:00+00:00,0.097686,,
2023-10-12 16:00:00+00:00,0.109035,,
2023-10-12 17:00:00+00:00,0.117866,,
2023-10-12 18:00:00+00:00,0.1217,,
2023-10-12 19:00:00+00:00,0.127619,,
2023-10-12 20:00:00+00:00,0.127476,,
2023-10-12 21:00:00+00:00,0.127878,,
2023-10-12 22:00:00+00:00,0.135204,,
2023-10-12 23:00:00+00:00,0.148271,,
2023-10-13 00:00:00+00:00,0.166823,,
2023-10-13 01:00:00+00:00,0.188666,,
2023-10-13 02:00:00+00:00,0.205591,,
2023-10-13 03:00:00+00:00,0.228368,,
2023-10-13 04:00:00+00:00,0.258799,,
2023-10-13 05:00:00+00:00,0.287455,,
2023-10-13 06:00:00+00:00,0.320263,,
2023-10-13 07:00:00+00:00,0.345869,,
2023-10-13 08:00:00+00:00,0.374009,,
2023-10-13 09:00:00+00:00,0.432275,,
2023-10-13 10:00:00+00:00,0.523888,,
2023-10-13 11:00:00+00:00,0.606356,,
2023-10-13 12:00:00+00:00,0.646719,,
2023-10-13 13:00:00+00:00,0.664795,,
2023-10-13 14:00:00+00:00,0.67421,,
2023-10-13 15:00:00+00:00,0.687735,,
2023-10-13 16:00:00+00:00,0.701307,,
2023-10-13 17:00:00+00:00,0.707806,,
2023-10-13 18:00:00+00:00,0.684367,,
2023-10-13 19:00:00+00:00,0.653003,,
2023-10-13 20:00:00+00:00,0.638804,,
2023-10-13 21:00:00+00:00,0.631431,,
2023-10-13 22:00:00+00:00,0.633504,,
2023-10-13 23:00:00+00:00,0.628833,,
2023-10-14 00:00:00+00:00,0.617113,,
2023-10-14 01:00:00+00:00,0.610803,,
2023-10-14 02:00:00+00:00,0.589795,,
2023-10-14 03:00:00+00:00,0.550752,,
2023-10-14 04:00:00+00:00,0.504257,,
2023-10-14 05:00:00+00:00,0.462847,,
2023-10-14 06:00:00+00:00,0.418216,,
2023-10-14 07:00:00+00:00,0.405427,,
2023-10-14 08:00:00+00:00,0.476255,,
2023-10-14 09:00:00+00:00,0.533601,,
2023-10-14 10:00:00+00:00,0.534357,,
2023-10-14 11:00:00+00:00,0.526241,,
2023-10-14 12:00:00+00:00,0.524778,,
2023-10-14 13:00:00+00:00,0.521869,,
2023-10-14 14:00:00+00:00,0.502894,,
2023-10-14 15:00:00+00:00,0.454426,,
2023-10-14 16:00:00+00:00,0.406576,,
2023-10-14 17:00:00+00:00,0.388666,,
2023-10-14 18:00:00+00:00,0.376224,,
2023-10-14 19:00:00+00:00,0.362713,,
2023-10-14 20:00:00+00:00,0.354736,,
2023-10-14 21:00:00+00:00,0.352861,,
2023-10-14 22:00:00+00:00,0.356262,,
2023-10-14 23:00:00+00:00,0.352085,,
2023-10-15 00:00:00+00:00,0.339431,,
2023-10-15 01:00:00+00:00,0.332237,,
2023-10-15 02:00:00+00:00,0.325216,,
2023-10-15 03:00:00+00:00,0.311403,,
2023-10-15 04:00:00+00:00,0.305452,,
2023-10-15 05:00:00+00:00,0.292059,,
2023-10-15 06:00:00+00:00,0.276529,,
2023-10-15 07:00:00+00:00,0.287279,,
2023-10-15 08:00:00+00:00,0.34236,,
2023-10-15 09:00:00+00:00,0.379076,,
2023-10-15 10:00:00+00:00,0.396227,,
2023-10-15 11:00:00+00:00,0.411431,,
2023-10-15 12:00:00+00:00,0.418629,,
2023-10-15 13:00:00+00:00,0.414401,,
2023-10-15 14:00:00+00:00,0.396227,,
2023-10-15 15:00:00+00:00,0.352187,,
2023-10-15 16:00:00+00:00,0.325122,,
2023-10-15 17:00:00+00:00,0.319009,,
2023-10-15 18:00:00+00:00,0.301764,,
2023-10-15 19:00:00+00:00,0.278031,,
2023-10-15 20:00:00+00:00,0.255889,,
2023-10-15 21:00:00+00:00,0.237702,,
2023-10-15 22:00:00+00:00,0.219852,,
2023-10-15 23:00:00+00:00,0.205778,,
2023-10-16 00:00:00+00:00,0.193392,,
2023-10-16 01:00:00+00:00,0.178516,,
2023-10-16 02:00:00+00:00,0.163839,,
2023-10-16 03:00:00+00:00,0.152829,,
2023-10-16 04:00:00+00:00,0.143335,,
2023-10-16 05:00:00+00:00,0.134403,,
2023-10-16 06:00:00+00:00,0.125093,,
2023-10-16 07:00:00+00:00,0.105094,,
2023-10-16 08:00:00+00:00,0.096043,,
2023-10-16 09:00:00+00:00,0.099052,,
2023-10-16 10:00:00+00:00,0.097685,,
2023-10-16 11:00:00+00:00,0.091573,,
2023-10-16 12:00:00+00:00,0.084838,,
2023-10-16 13:00:00+00:00,0.077762,,
2023-10-16 14:00:00+00:00,0.069601,,
2023-10-16 15:00:00+00:00,0.061758,,
2023-10-16 16:00:00+00:00,0.066003,,
2023-10-16 17:00:00+00:00,0.069332,,
2023-10-16 18:00:00+00:00,0.06688,,
2023-10-16 19:00:00+00:00,0.061942,,
2023-10-16 20:00:00+00:00,0.056917,,
2023-10-16 21:00:00+00:00,0.052694,,
2023-10-16 22:00:00+00:00,0.051229,,
2023-10-16 23:00:00+00:00,0.051461,,
2023-10-17 00:00:00+00:00,0.051603,,
2023-10-17 01:00:00+00:00,0.049625,,
2023-10-17 02:00:00+00:00,0.047561,,
2023-10-17 03:00:00+00:00,0.045278,,
2023-10-17 04:00:00+00:00,0.04274,,
2023-10-17 05:00:00+00:00,0.041624,,
2023-10-17 06:00:00+00:00,0.042244,,
2023-10-17 07:00:00+00:00,0.032233,,
2023-10-17 08:00:00+00:00,0.029278,,
2023-10-17 09:00:00+00:00,0.041829,,
2023-10-17 10:00:00+00:00,0.048273,,
2023-10-17 11:00:00+00:00,0.050466,,
2023-10-17 12:00:00+00:00,0.050906,,
2023-10-17 13:00:00+00:00,0.051052,,
2023-10-17 14:00:00+00:00,0.051055,,
2023-10-17 15:00:00+00:00,0.054046,,
2023-10-17 16:00:00+00:00,0.077537,,
2023-10-17 17:00:00+00:00,0.113453,,
2023-10-17 18:00:00+00:00,0.136306,,
2023-10-17 19:00:00+00:00,0.151251,,
2023-10-17 20:00:00+00:00,0.161401,,
2023-10-17 21:00:00+00:00,0.161917,,
2023-10-17 22:00:00+00:00,0.157634,,
2023-10-17 23:00:00+00:00,0.150812,,
2023-10-18 00:00:00+00:00,0.144382,,
2023-10-18 01:00:00+00:00,0.139019,,
2023-10-18 02:00:00+00:00,0.133595,,
2023-10-18 03:00:00+00:00,0.129719,,
2023-10-18 04:00:00+00:00,0.131795,,
2023-10-18 05:00:00+00:00,0.137739,,
2023-10-18 06:00:00+00:00,0.142244,,
2023-10-18 07:00:00+00:00,0.107134,,
2023-10-18 08:00:00+00:00,0.097067,,
2023-10-18 09:00:00+00:00,0.1565,,
2023-10-18 10:00:00+00:00,0.184283,,
2023-10-18 11:00:00+00:00,0.196409,,
2023-10-18 12:00:00+00:00,0.214481,,
2023-10-18 13:00:00+00:00,0.23408,,
2023-10-18 14:00:00+00:00,0.243779,,
2023-10-18 15:00:00+00:00,0.271528,,
2023-10-18 16:00:00+00:00,0.335669,,
2023-10-18 17:00:00+00:00,0.371173,,
2023-10-18 18:00:00+00:00,0.367414,,
2023-10-18 19:00:00+00:00,0.355394,,
2023-10-18 20:00:00+00:00,0.345924,,
2023-10-18 21:00:00+00:00,0.343166,,
2023-10-18 22:00:00+00:00,0.341959,,
2023-10-18 23:00:00+00:00,0.336115,,
2023-10-19 00:00:00+00:00,0.329498,,
2023-10-19 01:00:00+00:00,0.327585,,
2023-10-19 02:00:00+00:00,0.327155,,
2023-10-19 03:00:00+00:00,0.326766,,
2023-10-19 04:00:00+00:00,0.316915,,
2023-10-19 05:00:00+00:00,0.305063,,
2023-10-19 06:00:00+00:00,0.297327,,
2023-10-19 07:00:00+00:00,0.273816,,
2023-10-19 08:00:00+00:00,0.255318,,
2023-10-19 09:00:00+00:00,0.249102,,
2023-10-19 10:00:00+00:00,0.239136,,
2023-10-19 11:00:00+00:00,0.232681,,
2023-10-19 12:00:00+00:00,0.232772,,
2023-10-19 13:00:00+00:00,0.24027,,
2023-10-19 14:00:00+00:00,0.24557,,
2023-10-19 15:00:00+00:00,0.258804,,
2023-10-19 16:00:00+00:00,0.285888,,
2023-10-19 17:00:00+00:00,0.313197,,
2023-10-19 18:00:00+00:00,0.327573,,
2023-10-19 19:00:00+00:00,0.337542,,
2023-10-19 20:00:00+00:00,0.345929,,
2023-10-19 21:00:00+00:00,0.351501,,
2023-10-19 22:00:00+00:00,0.357087,,
2023-10-19 23:00:00+00:00,0.361869,,
2023-10-20 00:00:00+00:00,0.366039,,
2023-10-20 01:00:00+00:00,0.381296,,
2023-10-20 02:00:00+00:00,0.400273,,
2023-10-20 03:00:00+00:00,0.426318,,
2023-10-20 04:00:00+00:00,0.453194,,
2023-10-20 05:00:00+00:00,0.483579,,
2023-10-20 06:00:00+00:00,0.509479,,
2023-10-20 07:00:00+00:00,0.532811,,
2023-10-20 08:00:00+00:00,0.557388,,
2023-10-20 09:00:00+00:00,0.570015,,
2023-10-20 10:00:00+00:00,0.58401,,
2023-10-20 11:00:00+00:00,0.608517,,
2023-10-20 12:00:00+00:00,0.615455,,
2023-10-20 13:00:00+00:00,0.609631,,
2023-10-20 14:00:00+00:00,0.600597,,
2023-10-20 15:00:00+00:00,0.581061,,
2023-10-20 16:00:00+00:00,0.562713,,
2023-10-20 17:00:00+00:00,0.534855,,
2023-10-20 18:00:00+00:00,0.493525,,
2023-10-20 19:00:00+00:00,0.435862,,
2023-10-20 20:00:00+00:00,0.386657,,
2023-10-20 21:00:00+00:00,0.348156,,
2023-10-20 22:00:00+00:00,0.311321,,
2023-10-20 23:00:00+00:00,0.28599,,
2023-10-21 00:00:00+00:00,0.280461,,
2023-10-21 01:00:00+00:00,0.277169,,
2023-10-21 02:00:00+00:00,0.270789,,
2023-10-21 03:00:00+00:00,0.269805,,
2023-10-21 04:00:00+00:00,0.279137,,
2023-10-21 05:00:00+00:00,0.290581,,
2023-10-21 06:00:00+00:00,0.296443,,
2023-10-21 07:00:00+00:00,0.272666,,
2023-10-21 08:00:00+00:00,0.275997,,
2023-10-21 09:00:00+00:00,0.306372,,
2023-10-21 10:00:00+00:00,0.330643,,
2023-10-21 11:00:00+00:00,0.337268,,
2023-10-21 12:00:00+00:00,0.325266,,
2023-10-21 13:00:00+00:00,0.297839,,
2023-10-21 14:00:00+00:00,0.256949,,
2023-10-21 15:00:00+00:00,0.241222,,
2023-10-21 16:00:00+00:00,0.265095,,
2023-10-21 17:00:00+00:00,0.298611,,
2023-10-21 18:00:00+00:00,0.317942,,
2023-10-21 19:00:00+00:00,0.318969,,
2023-10-21 20:00:00+00:00,0.317999,,
2023-10-21 21:00:00+00:00,0.324145,,
2023-10-21 22:00:00+00:00,0.325083,,
2023-10-21 23:00:00+00:00,0.325423,,
2023-10-22 00:00:00+00:00,0.324414,,
2023-10-22 01:00:00+00:00,0.32373,,
2023-10-22 02:00:00+00:00,0.323807,,
2023-10-22 03:00:00+00:00,0.324984,,
2023-10-22 04:00:00+00:00,0.329179,,
2023-10-22 05:00:00+00:00,0.331145,,
2023-10-22 06:00:00+00:00,0.320723,,
2023-10-22 07:00:00+00:00,0.276268,,
2023-10-22 08:00:00+00:00,0.270708,,
2023-10-22 09:00:00+00:00,0.313143,,
2023-10-22 10:00:00+00:00,0.315437,,
2023-10-22 11:00:00+00:00,0.310003,,
2023-10-22 12:00:00+00:00,0.303156,,
2023-10-22 13:00:00+00:00,0.272492,,
2023-10-22 14:00:00+00:00,0.216191,,
2023-10-22 15:00:00+00:00,0.188442,,
2023-10-22 16:00:00+00:00,0.202886,,
2023-10-22 17:00:00+00:00,0.209843,,
2023-10-22 18:00:00+00:00,0.206425,,
2023-10-22 19:00:00+00:00,0.200453,,
2023-10-22 20:00:00+00:00,0.193055,,
2023-10-22 21:00:00+00:00,0.181153,,
2023-10-22 22:00:00+00:00,0.16824,,
2023-10-22 23:00:00+00:00,0.157177,,
2023-10-23 00:00:00+00:00,0.147759,,
2023-10-23 01:00:00+00:00,0.141442,,
2023-10-23 02:00:00+00:00,0.133053,,
2023-10-23 03:00:00+00:00,0.123383,,
2023-10-23 04:00:00+00:00,0.112929,,
2023-10-23 05:00:00+00:00,0.102194,,
2023-10-23 06:00:00+00:00,0.091811,,
2023-10-23 07:00:00+00:00,0.064468,,
2023-10-23 08:00:00+00:00,0.043221,,
2023-10-23 09:00:00+00:00,0.050137,,
2023-10-23 10:00:00+00:00,0.058803,,
2023-10-23 11:00:00+00:00,0.056432,,
2023-10-23 12:00:00+00:00,0.048893,,
2023-10-23 13:00:00+00:00,0.043024,,
2023-10-23 14:00:00+00:00,0.047463,,
2023-10-23 15:00:00+00:00,0.068359,,
2023-10-23 16:00:00+00:00,0.110067,,
2023-10-23 17:00:00+00:00,0.149476,,
2023-10-23 18:00:00+00:00,0.175321,,
2023-10-23 19:00:00+00:00,0.191241,,
2023-10-23 20:00:00+00:00,0.199357,,
2023-10-23 21:00:00+00:00,0.210413,,
2023-10-23 22:00:00+00:00,0.221118,,
2023-10-23 23:00:00+00:00,0.226643,,
2023-10-24 00:00:00+00:00,0.230711,,
2023-10-24 01:00:00+00:00,0.229088,,
2023-10-24 02:00:00+00:00,0.219256,,
2023-10-24 03:00:00+00:00,0.213963,,
2023-10-24 04:00:00+00:00,0.214244,,
2023-10-24 05:00:00+00:00,0.22101,,
2023-10-24 06:00:00+00:00,0.224938,,
2023-10-24 07:00:00+00:00,0.194411,,
2023-10-24 08:00:00+00:00,0.167988,,
2023-10-24 09:00:00+00:00,0.159524,,
2023-10-24 10:00:00+00:00,0.147919,,
2023-10-24 11:00:00+00:00,0.131424,,
2023-10-24 12:00:00+00:00,0.112569,,
2023-10-24 13:00:00+00:00,0.09877,,
2023-10-24 14:00:00+00:00,0.099006,,
2023-10-24 15:00:00+00:00,0.110939,,
2023-10-24 16:00:00+00:00,0.135122,,
2023-10-24 17:00:00+00:00,0.150673,,
2023-10-24 18:00:00+00:00,0.153008,,
2023-10-24 19:00:00+00:00,0.15083,,
2023-10-24 20:00:00+00:00,0.151266,,
2023-10-24 21:00:00+00:00,0.15917,,
2023-10-24 22:00:00+00:00,0.168104,,
2023-10-24 23:00:00+00:00,0.170131,,
2023-10-25 00:00:00+00:00,0.163511,,
2023-10-25 01:00:00+00:00,0.155104,,
2023-10-25 02:00:00+00:00,0.14851,,
2023-10-25 03:00:00+00:00,0.141392,,
2023-10-25 04:00:00+00:00,0.133343,,
2023-10-25 05:00:00+00:00,0.124546,,
2023-10-25 06:00:00+00:00,0.117633,,
2023-10-25 07:00:00+00:00,0.107586,,
2023-10-25 08:00:00+00:00,0.10161,,
2023-10-25 09:00:00+00:00,0.118736,,
2023-10-25 10:00:00+00:00,0.138993,,
2023-10-25 11:00:00+00:00,0.150561,,
2023-10-25 12:00:00+00:00,0.157468,,
2023-10-25 13:00:00+00:00,0.164079,,
2023-10-25 14:00:00+00:00,0.174891,,
2023-10-25 15:00:00+00:00,0.208585,,
2023-10-25 16:00:00+00:00,0.254714,,
2023-10-25 17:00:00+00:00,0.275937,,
2023-10-25 18:00:00+00:00,0.275016,,
2023-10-25 19:00:00+00:00,0.269639,,
2023-10-25 20:00:00+00:00,0.265952,,
2023-10-25 21:00:00+00:00,0.262675,,
2023-10-25 22:00:00+00:00,0.259286,,
2023-10-25 23:00:00+00:00,0.25328,,
2023-10-26 00:00:00+00:00,0.252341,,
2023-10-26 01:00:00+00:00,0.241914,,
2023-10-26 02:00:00+00:00,0.229237,,
2023-10-26 03:00:00+00:00,0.212742,,
2023-10-26 04:00:00+00:00,0.202355,,
2023-10-26 05:00:00+00:00,0.188674,,
2023-10-26 06:00:00+00:00,0.170868,,
2023-10-26 07:00:00+00:00,0.13977,,
2023-10-26 08:00:00+00:00,0.121426,,
2023-10-26 09:00:00+00:00,0.126086,,
2023-10-26 10:00:00+00:00,0.126693,,
2023-10-26 11:00:00+00:00,0.122221,,
2023-10-26 12:00:00+00:00,0.114186,,
2023-10-26 13:00:00+00:00,0.106285,,
2023-10-26 14:00:00+00:00,0.099906,,
2023-10-26 15:00:00+00:00,0.102643,,
2023-10-26 16:00:00+00:00,0.114863,,
2023-10-26 17:00:00+00:00,0.116115,,
2023-10-26 18:00:00+00:00,0.113261,,
2023-10-26 19:00:00+00:00,0.111469,,
2023-10-26 20:00:00+00:00,0.111979,,
2023-10-26 21:00:00+00:00,0.105029,,
2023-10-26 22:00:00+00:00,0.09902,,
2023-10-26 23:00:00+00:00,0.098032,,
2023-10-27 00:00:00+00:00,0.098259,,
2023-10-27 01:00:00+00:00,0.099773,,
2023-10-27 02:00:00+00:00,0.099948,,
2023-10-27 03:00:00+00:00,0.099501,,
2023-10-27 04:00:00+00:00,0.100099,,
2023-10-27 05:00:00+00:00,0.100799,,
2023-10-27 06:00:00+00:00,0.106269,,
2023-10-27 07:00:00+00:00,0.106633,,
2023-10-27 08:00:00+00:00,0.116993,,
2023-10-27 09:00:00+00:00,0.13683,,
2023-10-27 10:00:00+00:00,0.156687,,
2023-10-27 11:00:00+00:00,0.167294,,
2023-10-27 12:00:00+00:00,0.166521,,
2023-10-27 13:00:00+00:00,0.159474,,
2023-10-27 14:00:00+00:00,0.151536,,
2023-10-27 15:00:00+00:00,0.151499,,
2023-10-27 16:00:00+00:00,0.158745,,
2023-10-27 17:00:00+00:00,0.165745,,
2023-10-27 18:00:00+00:00,0.168651,,
2023-10-27 19:00:00+00:00,0.169545,,
2023-10-27 20:00:00+00:00,0.166118,,
2023-10-27 21:00:00+00:00,0.161535,,
2023-10-27 22:00:00+00:00,0.165867,,
2023-10-27 23:00:00+00:00,0.167985,,
2023-10-28 00:00:00+00:00,0.171068,,
2023-10-28 01:00:00+00:00,0.176713,,
2023-10-28 02:00:00+00:00,0.180164,,
2023-10-28 03:00:00+00:00,0.185586,,
2023-10-28 04:00:00+00:00,0.193037,,
2023-10-28 05:00:00+00:00,0.202016,,
2023-10-28 06:00:00+00:00,0.20998,,
2023-10-28 07:00:00+00:00,0.196048,,
2023-10-28 08:00:00+00:00,0.190758,,
2023-10-28 09:00:00+00:00,0.213621,,
2023-10-28 10:00:00+00:00,0.23766,,
2023-10-28 11:00:00+00:00,0.244977,,
2023-10-28 12:00:00+00:00,0.23374,,
2023-10-28 13:00:00+00:00,0.212886,,
2023-10-28 14:00:00+00:00,0.190747,,
2023-10-28 15:00:00+00:00,0.205755,,
2023-10-28 16:00:00+00:00,0.249077,,
2023-10-28 17:00:00+00:00,0.273179,,
2023-10-28 18:00:00+00:00,0.277794,,
2023-10-28 19:00:00+00:00,0.281356,,
2023-10-28 20:00:00+00:00,0.294657,,
2023-10-28 21:00:00+00:00,0.298315,,
2023-10-28 22:00:00+00:00,0.313004,,
2023-10-28 23:00:00+00:00,0.333696,,
2023-10-29 00:00:00+00:00,0.355555,,
2023-10-29 01:00:00+00:00,0.373391,,
2023-10-29 02:00:00+00:00,0.395112,,
2023-10-29 03:00:00+00:00,0.449923,,
2023-10-29 04:00:00+00:00,0.521901,,
2023-10-29 05:00:00+00:00,0.571215,,
2023-10-29 06:00:00+00:00,0.577873,,
2023-10-29 07:00:00+00:00,0.563179,,
2023-10-29 08:00:00+00:00,0.533872,,
2023-10-29 09:00:00+00:00,0.507358,,
2023-10-29 10:00:00+00:00,0.507441,,
2023-10-29 11:00:00+00:00,0.508971,,
2023-10-29 12:00:00+00:00,0.498488,,
2023-10-29 13:00:00+00:00,0.474463,,
2023-10-29 14:00:00+00:00,0.437475,,
2023-10-29 15:00:00+00:00,0.444961,,
2023-10-29 16:00:00+00:00,0.4771,,
2023-10-29 17:00:00+00:00,0.486186,,
2023-10-29 18:00:00+00:00,0.485443,,
2023-10-29 19:00:00+00:00,0.477661,,
2023-10-29 20:00:00+00:00,0.476463,,
2023-10-29 21:00:00+00:00,0.481904,,
2023-10-29 22:00:00+00:00,0.478658,,
2023-10-29 23:00:00+00:00,0.461296,,
2023-10-30 00:00:00+00:00,0.430779,,
2023-10-30 01:00:00+00:00,0.39918,,
2023-10-30 02:00:00+00:00,0.381962,,
2023-10-30 03:00:00+00:00,0.371671,,
2023-10-30 04:00:00+00:00,0.362926,,
2023-10-30 05:00:00+00:00,0.352331,,
2023-10-30 06:00:00+00:00,0.337463,,
2023-10-30 07:00:00+00:00,0.302749,,
2023-10-30 08:00:00+00:00,0.265147,,
2023-10-30 09:00:00+00:00,0.266064,,
2023-10-30 10:00:00+00:00,0.278653,,
2023-10-30 11:00:00+00:00,0.26293,,
2023-10-30 12:00:00+00:00,0.214832,,
2023-10-30 13:00:00+00:00,0.159423,,
2023-10-30 14:00:00+00:00,0.129555,,
2023-10-30 15:00:00+00:00,0.150139,,
2023-10-30 16:00:00+00:00,0.193779,,
2023-10-30 17:00:00+00:00,0.223298,,
2023-10-30 18:00:00+00:00,0.21909,,
2023-10-30 19:00:00+00:00,0.201704,,
2023-10-30 20:00:00+00:00,0.175541,,
2023-10-30 21:00:00+00:00,0.161375,,
2023-10-30 22:00:00+00:00,0.156825,,
2023-10-30 23:00:00+00:00,0.166282,,
2023-10-31 00:00:00+00:00,0.190797,,
2023-10-31 01:00:00+00:00,0.21102,,
2023-10-31 02:00:00+00:00,0.230109,,
2023-10-31 03:00:00+00:00,0.25758,,
2023-10-31 04:00:00+00:00,0.292851,,
2023-10-31 05:00:00+00:00,0.334372,,
2023-10-31 06:00:00+00:00,0.368419,,
2023-10-31 07:00:00+00:00,0.390164,,
2023-10-31 08:00:00+00:00,0.414023,,
2023-10-31 09:00:00+00:00,0.455665,,
2023-10-31 10:00:00+00:00,0.486317,,
2023-10-31 11:00:00+00:00,0.486303,,
2023-10-31 12:00:00+00:00,0.459596,,
2023-10-31 13:00:00+00:00,0.413537,,
2023-10-31 14:00:00+00:00,0.34334,,
2023-10-31 15:00:00+00:00,0.296521,,
2023-10-31 16:00:00+00:00,0.284499,,
2023-10-31 17:00:00+00:00,0.261316,,
2023-10-31 18:00:00+00:00,0.243209,,
2023-10-31 19:00:00+00:00,0.22428,,
2023-10-31 20:00:00+00:00,0.210082,,
2023-10-31 21:00:00+00:00,0.19414,,
2023-10-31 22:00:00+00:00,0.183062,,
2023-10-31 23:00:00+00:00,0.173434,,
2023-11-01 00:00:00+00:00,0.167959,,
2023-11-01 01:00:00+00:00,0.167425,,
2023-11-01 02:00:00+00:00,0.171694,,
2023-11-01 03:00:00+00:00,0.182429,,
2023-11-01 04:00:00+00:00,0.190858,,
2023-11-01 05:00:00+00:00,0.204327,,
2023-11-01 06:00:00+00:00,0.220995,,
2023-11-01 07:00:00+00:00,0.214764,,
2023-11-01 08:00:00+00:00,0.205706,,
2023-11-01 09:00:00+00:00,0.220372,,
2023-11-01 10:00:00+00:00,0.241424,,
2023-11-01 11:00:00+00:00,0.258152,,
2023-11-01 12:00:00+00:00,0.279229,,
2023-11-01 13:00:00+00:00,0.291725,,
2023-11-01 14:00:00+00:00,0.302648,,
2023-11-01 15:00:00+00:00,0.351748,,
2023-11-01 16:00:00+00:00,0.409939,,
2023-11-01 17:00:00+00:00,0.428752,,
2023-11-01 18:00:00+00:00,0.430071,,
2023-11-01 19:00:00+00:00,0.425537,,
2023-11-01 20:00:00+00:00,0.410055,,
2023-11-01 21:00:00+00:00,0.39136,,
2023-11-01 22:00:00+00:00,0.38155,,
2023-11-01 23:00:00+00:00,0.365966,,
2023-11-02 00:00:00+00:00,0.349598,,
2023-11-02 01:00:00+00:00,0.345902,,
2023-11-02 02:00:00+00:00,0.355561,,
2023-11-02 03:00:00+00:00,0.375822,,
2023-11-02 04:00:00+00:00,0.406807,,
2023-11-02 05:00:00+00:00,0.450721,,
2023-11-02 06:00:00+00:00,0.496051,,
2023-11-02 07:00:00+00:00,0.538411,,
2023-11-02 08:00:00+00:00,0.570281,,
2023-11-02 09:00:00+00:00,0.620604,,
2023-11-02 10:00:00+00:00,0.663122,,
2023-11-02 11:00:00+00:00,0.669034,,
2023-11-02 12:00:00+00:00,0.651186,,
2023-11-02 13:00:00+00:00,0.631075,,
2023-11-02 14:00:00+00:00,0.620548,,
2023-11-02 15:00:00+00:00,0.62133,,
2023-11-02 16:00:00+00:00,0.617156,,
2023-11-02 17:00:00+00:00,0.599877,,
2023-11-02 18:00:00+00:00,0.57004,,
2023-11-02 19:00:00+00:00,0.535438,,
2023-11-02 20:00:00+00:00,0.505586,,
2023-11-02 21:00:00+00:00,0.507044,,
2023-11-02 22:00:00+00:00,0.490246,,
2023-11-02 23:00:00+00:00,0.47279,,
2023-11-03 00:00:00+00:00,0.449815,,
2023-11-03 01:00:00+00:00,0.423254,,
2023-11-03 02:00:00+00:00,0.404505,,
2023-11-03 03:00:00+00:00,0.39094,,
2023-11-03 04:00:00+00:00,0.38711,,
2023-11-03 05:00:00+00:00,0.373178,,
2023-11-03 06:00:00+00:00,0.360791,,
2023-11-03 07:00:00+00:00,0.346796,,
2023-11-03 08:00:00+00:00,0.333839,,
2023-11-03 09:00:00+00:00,0.346092,,
2023-11-03 10:00:00+00:00,0.361547,,
2023-11-03 11:00:00+00:00,0.365615,,
2023-11-03 12:00:00+00:00,0.357351,,
2023-11-03 13:00:00+00:00,0.34306,,
2023-11-03 14:00:00+00:00,0.324194,,
2023-11-03 15:00:00+00:00,0.315956,,
2023-11-03 16:00:00+00:00,0.32551,,
2023-11-03 17:00:00+00:00,0.340101,,
2023-11-03 18:00:00+00:00,0.345082,,
2023-11-03 19:00:00+00:00,0.344073,,
2023-11-03 20:00:00+00:00,0.342742,,
2023-11-03 21:00:00+00:00,0.334969,,
2023-11-03 22:00:00+00:00,0.332144,,
2023-11-03 23:00:00+00:00,0.332408,,
2023-11-04 00:00:00+00:00,0.339312,,
2023-11-04 01:00:00+00:00,0.341836,,
2023-11-04 02:00:00+00:00,0.335796,,
2023-11-04 03:00:00+00:00,0.339929,,
2023-11-04 04:00:00+00:00,0.348522,,
2023-11-04 05:00:00+00:00,0.357381,,
2023-11-04 06:00:00+00:00,0.36011,,
2023-11-04 07:00:00+00:00,0.34282,,
2023-11-04 08:00:00+00:00,0.333544,,
2023-11-04 09:00:00+00:00,0.385958,,
2023-11-04 10:00:00+00:00,0.421583,,
2023-11-04 11:00:00+00:00,0.431526,,
2023-11-04 12:00:00+00:00,0.443312,,
2023-11-04 13:00:00+00:00,0.458071,,
2023-11-04 14:00:00+00:00,0.482142,,
2023-11-04 15:00:00+00:00,0.533164,,
2023-11-04 16:00:00+00:00,0.570328,,
2023-11-04 17:00:00+00:00,0.575688,,
2023-11-04 18:00:00+00:00,0.580455,,
2023-11-04 19:00:00+00:00,0.576593,,
2023-11-04 20:00:00+00:00,0.562872,,
2023-11-04 21:00:00+00:00,0.528603,,
2023-11-04 22:00:00+00:00,0.493207,,
2023-11-04 23:00:00+00:00,0.463222,,
2023-11-05 00:00:00+00:00,0.426929,,
2023-11-05 01:00:00+00:00,0.404675,,
2023-11-05 02:00:00+00:00,0.39348,,
2023-11-05 03:00:00+00:00,0.385959,,
2023-11-05 04:00:00+00:00,0.377035,,
2023-11-05 05:00:00+00:00,0.371601,,
2023-11-05 06:00:00+00:00,0.367522,,
2023-11-05 07:00:00+00:00,0.350361,,
2023-11-05 08:00:00+00:00,0.329174,,
2023-11-05 09:00:00+00:00,0.329531,,
2023-11-05 10:00:00+00:00,0.354893,,
2023-11-05 11:00:00+00:00,0.370876,,
2023-11-05 12:00:00+00:00,0.374454,,
2023-11-05 13:00:00+00:00,0.374468,,
2023-11-05 14:00:00+00:00,0.395576,,
2023-11-05 15:00:00+00:00,0.436191,,
2023-11-05 16:00:00+00:00,0.470454,,
2023-11-05 17:00:00+00:00,0.494414,,
2023-11-05 18:00:00+00:00,0.530127,,
2023-11-05 19:00:00+00:00,0.569938,,
2023-11-05 20:00:00+00:00,0.595992,,
2023-11-05 21:00:00+00:00,0.611901,,
2023-11-05 22:00:00+00:00,0.608441,,
2023-11-05 23:00:00+00:00,0.601965,,
2023-11-06 00:00:00+00:00,0.597492,,
2023-11-06 01:00:00+00:00,0.5844,,
2023-11-06 02:00:00+00:00,0.574554,,
2023-11-06 03:00:00+00:00,0.55991,,
2023-11-06 04:00:00+00:00,0.549739,,
2023-11-06 05:00:00+00:00,0.530477,,
2023-11-06 06:00:00+00:00,0.517354,,
2023-11-06 07:00:00+00:00,0.488515,,
2023-11-06 08:00:00+00:00,0.47044,,
2023-11-06 09:00:00+00:00,0.502034,,
2023-11-06 10:00:00+00:00,0.547746,,
2023-11-06 11:00:00+00:00,0.563898,,
2023-11-06 12:00:00+00:00,0.549392,,
2023-11-06 13:00:00+00:00,0.514152,,
2023-11-06 14:00:00+00:00,0.47484,,
2023-11-06 15:00:00+00:00,0.464347,,
2023-11-06 16:00:00+00:00,0.455189,,
2023-11-06 17:00:00+00:00,0.433719,,
2023-11-06 18:00:00+00:00,0.428346,,
2023-11-06 19:00:00+00:00,0.41467,,
2023-11-06 20:00:00+00:00,0.400126,,
2023-11-06 21:00:00+00:00,0.396716,,
2023-11-06 22:00:00+00:00,0.393107,,
2023-11-06 23:00:00+00:00,0.387187,,
2023-11-07 00:00:00+00:00,0.384175,,
2023-11-07 01:00:00+00:00,0.366,,
2023-11-07 02:00:00+00:00,0.369478,,
2023-11-07 03:00:00+00:00,0.373959,,
2023-11-07 04:00:00+00:00,0.369174,,
2023-11-07 05:00:00+00:00,0.369508,,
2023-11-07 06:00:00+00:00,0.354762,,
2023-11-07 07:00:00+00:00,0.333526,,
2023-11-07 08:00:00+00:00,0.316076,,
2023-11-07 09:00:00+00:00,0.344466,,
2023-11-07 10:00:00+00:00,0.396236,,
2023-11-07 11:00:00+00:00,0.40274,,
2023-11-07 12:00:00+00:00,0.389657,,
2023-11-07 13:00:00+00:00,0.354404,,
2023-11-07 14:00:00+00:00,0.325195,,
2023-11-07 15:00:00+00:00,0.331743,,
2023-11-07 16:00:00+00:00,0.343055,,
2023-11-07 17:00:00+00:00,0.343347,,
2023-11-07 18:00:00+00:00,0.352554,,
2023-11-07 19:00:00+00:00,0.369267,,
2023-11-07 20:00:00+00:00,0.366629,,
2023-11-07 21:00:00+00:00,0.362857,,
2023-11-07 22:00:00+00:00,0.366882,,
2023-11-07 23:00:00+00:00,0.378739,,
2023-11-08 00:00:00+00:00,0.376968,,
2023-11-08 01:00:00+00:00,0.375781,,
2023-11-08 02:00:00+00:00,0.383986,,
2023-11-08 03:00:00+00:00,0.383844,,
2023-11-08 04:00:00+00:00,0.384349,,
2023-11-08 05:00:00+00:00,0.397372,,
2023-11-08 06:00:00+00:00,0.399048,,
2023-11-08 07:00:00+00:00,0.381264,,
2023-11-08 08:00:00+00:00,0.368128,,
2023-11-08 09:00:00+00:00,0.384185,,
2023-11-08 10:00:00+00:00,0.417489,,
2023-11-08 11:00:00+00:00,0.448714,,
2023-11-08 12:00:00+00:00,0.44915,,
2023-11-08 13:00:00+00:00,0.416758,,
2023-11-08 14:00:00+00:00,0.373288,,
2023-11-08 15:00:00+00:00,0.364887,,
2023-11-08 16:00:00+00:00,0.376029,,
2023-11-08 17:00:00+00:00,0.383938,,
2023-11-08 18:00:00+00:00,0.423627,,
2023-11-08 19:00:00+00:00,0.448827,,
2023-11-08 20:00:00+00:00,0.452558,,
2023-11-08 21:00:00+00:00,0.445918,,
2023-11-08 22:00:00+00:00,0.436819,,
2023-11-08 23:00:00+00:00,0.421103,,
2023-11-09 00:00:00+00:00,0.400751,,
2023-11-09 01:00:00+00:00,0.387445,,
2023-11-09 02:00:00+00:00,0.377922,,
2023-11-09 03:00:00+00:00,0.378856,,
2023-11-09 04:00:00+00:00,0.382304,,
2023-11-09 05:00:00+00:00,0.379753,,
2023-11-09 06:00:00+00:00,0.382471,,
2023-11-09 07:00:00+00:00,0.371156,,
2023-11-09 08:00:00+00:00,0.352839,,
2023-11-09 09:00:00+00:00,0.31976,,
2023-11-09 10:00:00+00:00,0.335381,,
2023-11-09 11:00:00+00:00,0.353122,,
2023-11-09 12:00:00+00:00,0.347754,,
2023-11-09 13:00:00+00:00,0.331453,,
2023-11-09 14:00:00+00:00,0.318831,,
2023-11-09 15:00:00+00:00,0.314937,,
2023-11-09 16:00:00+00:00,0.322002,,
2023-11-09 17:00:00+00:00,0.341803,,
2023-11-09 18:00:00+00:00,0.362395,,
2023-11-09 19:00:00+00:00,0.381998,,
2023-11-09 20:00:00+00:00,0.389816,,
2023-11-09 21:00:00+00:00,0.386396,,
2023-11-09 22:00:00+00:00,0.3802,,
2023-11-09 23:00:00+00:00,0.378054,,
2023-11-10 00:00:00+00:00,0.371084,,
2023-11-10 01:00:00+00:00,0.351642,,
2023-11-10 02:00:00+00:00,0.337824,,
2023-11-10 03:00:00+00:00,0.319238,,
2023-11-10 04:00:00+00:00,0.310064,,
2023-11-10 05:00:00+00:00,0.303201,,
2023-11-10 06:00:00+00:00,0.294775,,
2023-11-10 07:00:00+00:00,0.281636,,
2023-11-10 08:00:00+00:00,0.275468,,
2023-11-10 09:00:00+00:00,0.284095,,
2023-11-10 10:00:00+00:00,0.308228,,
2023-11-10 11:00:00+00:00,0.330554,,
2023-11-10 12:00:00+00:00,0.32788,,
2023-11-10 13:00:00+00:00,0.308836,,
2023-11-10 14:00:00+00:00,0.281002,,
2023-11-10 15:00:00+00:00,0.288992,,
2023-11-10 16:00:00+00:00,0.300706,,
2023-11-10 17:00:00+00:00,0.292623,,
2023-11-10 18:00:00+00:00,0.280431,,
2023-11-10 19:00:00+00:00,0.261795,,
2023-11-10 20:00:00+00:00,0.247581,,
2023-11-10 21:00:00+00:00,0.227395,,
2023-11-10 22:00:00+00:00,0.205234,,
2023-11-10 23:00:00+00:00,0.19048,,
2023-11-11 00:00:00+00:00,0.183211,,
2023-11-11 01:00:00+00:00,0.177601,,
2023-11-11 02:00:00+00:00,0.180225,,
2023-11-11 03:00:00+00:00,0.187535,,
2023-11-11 04:00:00+00:00,0.193968,,
2023-11-11 05:00:00+00:00,0.197052,,
2023-11-11 06:00:00+00:00,0.198337,,
2023-11-11 07:00:00+00:00,0.185964,,
2023-11-11 08:00:00+00:00,0.170985,,
2023-11-11 09:00:00+00:00,0.178294,,
2023-11-11 10:00:00+00:00,0.188017,,
2023-11-11 11:00:00+00:00,0.197707,,
2023-11-11 12:00:00+00:00,0.197413,,
2023-11-11 13:00:00+00:00,0.183398,,
2023-11-11 14:00:00+00:00,0.163111,,
2023-11-11 15:00:00+00:00,0.170879,,
2023-11-11 16:00:00+00:00,0.182966,,
2023-11-11 17:00:00+00:00,0.180182,,
2023-11-11 18:00:00+00:00,0.168224,,
2023-11-11 19:00:00+00:00,0.154192,,
2023-11-11 20:00:00+00:00,0.139904,,
2023-11-11 21:00:00+00:00,0.124498,,
2023-11-11 22:00:00+00:00,0.112989,,
2023-11-11 23:00:00+00:00,0.105263,,
2023-11-12 00:00:00+00:00,0.102504,,
2023-11-12 01:00:00+00:00,0.100209,,
2023-11-12 02:00:00+00:00,0.100544,,
2023-11-12 03:00:00+00:00,0.098286,,
2023-11-12 04:00:00+00:00,0.091406,,
2023-11-12 05:00:00+00:00,0.083609,,
2023-11-12 06:00:00+00:00,0.078999,,
2023-11-12 07:00:00+00:00,0.074671,,
2023-11-12 08:00:00+00:00,0.070846,,
2023-11-12 09:00:00+00:00,0.072903,,
2023-11-12 10:00:00+00:00,0.077254,,
2023-11-12 11:00:00+00:00,0.082348,,
2023-11-12 12:00:00+00:00,0.084668,,
2023-11-12 13:00:00+00:00,0.083421,,
2023-11-12 14:00:00+00:00,0.082331,,
2023-11-12 15:00:00+00:00,0.10569,,
2023-11-12 16:00:00+00:00,0.132717,,
2023-11-12 17:00:00+00:00,0.147733,,
2023-11-12 18:00:00+00:00,0.156723,,
2023-11-12 19:00:00+00:00,0.159096,,
2023-11-12 20:00:00+00:00,0.156115,,
2023-11-12 21:00:00+00:00,0.15621,,
2023-11-12 22:00:00+00:00,0.157524,,
2023-11-12 23:00:00+00:00,0.158048,,
2023-11-13 00:00:00+00:00,0.153661,,
2023-11-13 01:00:00+00:00,0.143491,,
2023-11-13 02:00:00+00:00,0.132364,,
2023-11-13 03:00:00+00:00,0.123955,,
2023-11-13 04:00:00+00:00,0.121348,,
2023-11-13 05:00:00+00:00,0.119091,,
2023-11-13 06:00:00+00:00,0.12332,,
2023-11-13 07:00:00+00:00,0.136282,,
2023-11-13 08:00:00+00:00,0.145439,,
2023-11-13 09:00:00+00:00,0.164542,,
2023-11-13 10:00:00+00:00,0.213433,,
2023-11-13 11:00:00+00:00,0.280831,,
2023-11-13 12:00:00+00:00,0.347557,,
2023-11-13 13:00:00+00:00,0.427802,,
2023-11-13 14:00:00+00:00,0.501101,,
2023-11-13 15:00:00+00:00,0.574362,,
2023-11-13 16:00:00+00:00,0.619072,,
2023-11-13 17:00:00+00:00,0.628231,,
2023-11-13 18:00:00+00:00,0.631408,,
2023-11-13 19:00:00+00:00,0.64505,,
2023-11-13 20:00:00+00:00,0.657345,,
2023-11-13 21:00:00+00:00,0.657325,,
2023-11-13 22:00:00+00:00,0.660852,,
2023-11-13 23:00:00+00:00,0.653941,,
2023-11-14 00:00:00+00:00,0.665411,,
2023-11-14 01:00:00+00:00,0.688777,,
2023-11-14 02:00:00+00:00,0.712659,,
2023-11-14 03:00:00+00:00,0.728311,,
2023-11-14 04:00:00+00:00,0.749713,,
2023-11-14 05:00:00+00:00,0.774258,,
2023-11-14 06:00:00+00:00,0.778145,,
2023-11-14 07:00:00+00:00,0.775578,,
2023-11-14 08:00:00+00:00,0.767995,,
2023-11-14 09:00:00+00:00,0.759889,,
2023-11-14 10:00:00+00:00,0.744101,,
2023-11-14 11:00:00+00:00,0.721092,,
2023-11-14 12:00:00+00:00,0.688752,,
2023-11-14 13:00:00+00:00,0.635971,,
2023-11-14 14:00:00+00:00,0.573401,,
2023-11-14 15:00:00+00:00,0.510147,,
2023-11-14 16:00:00+00:00,0.446623,,
2023-11-14 17:00:00+00:00,0.408459,,
2023-11-14 18:00:00+00:00,0.389256,,
2023-11-14 19:00:00+00:00,0.379572,,
2023-11-14 20:00:00+00:00,0.372383,,
2023-11-14 21:00:00+00:00,0.368032,,
2023-11-14 22:00:00+00:00,0.371303,,
2023-11-14 23:00:00+00:00,0.367343,,
2023-11-15 00:00:00+00:00,0.367851,,
2023-11-15 01:00:00+00:00,0.364169,,
2023-11-15 02:00:00+00:00,0.358607,,
2023-11-15 03:00:00+00:00,0.345691,,
2023-11-15 04:00:00+00:00,0.326563,,
2023-11-15 05:00:00+00:00,0.302594,,
2023-11-15 06:00:00+00:00,0.286393,,
2023-11-15 07:00:00+00:00,0.265661,,
2023-11-15 08:00:00+00:00,0.24461,,
2023-11-15 09:00:00+00:00,0.24159,,
2023-11-15 10:00:00+00:00,0.256148,,
2023-11-15 11:00:00+00:00,0.264861,,
2023-11-15 12:00:00+00:00,0.266029,,
2023-11-15 13:00:00+00:00,0.254261,,
2023-11-15 14:00:00+00:00,0.248847,,
2023-11-15 15:00:00+00:00,0.266969,,
2023-11-15 16:00:00+00:00,0.27595,,
2023-11-15 17:00:00+00:00,0.283242,,
2023-11-15 18:00:00+00:00,0.295618,,
2023-11-15 19:00:00+00:00,0.320714,,
2023-11-15 20:00:00+00:00,0.339178,,
2023-11-15 21:00:00+00:00,0.349607,,
2023-11-15 22:00:00+00:00,0.344651,,
2023-11-15 23:00:00+00:00,0.345882,,
2023-11-16 00:00:00+00:00,0.347121,,
2023-11-16 01:00:00+00:00,0.349492,,
2023-11-16 02:00:00+00:00,0.353437,,
2023-11-16 03:00:00+00:00,0.354476,,
2023-11-16 04:00:00+00:00,0.345898,,
2023-11-16 05:00:00+00:00,0.331464,,
2023-11-16 06:00:00+00:00,0.30856,,
2023-11-16 07:00:00+00:00,0.289215,,
2023-11-16 08:00:00+00:00,0.257249,,
2023-11-16 09:00:00+00:00,0.23695,,
2023-11-16 10:00:00+00:00,0.227668,,
2023-11-16 11:00:00+00:00,0.212453,,
2023-11-16 12:00:00+00:00,0.193612,,
2023-11-16 13:00:00+00:00,0.165109,,
2023-11-16 14:00:00+00:00,0.146914,,
2023-11-16 15:00:00+00:00,0.154418,,
2023-11-16 16:00:00+00:00,0.159745,,
2023-11-16 17:00:00+00:00,0.157444,,
2023-11-16 18:00:00+00:00,0.153107,,
2023-11-16 19:00:00+00:00,0.146354,,
2023-11-16 20:00:00+00:00,0.138821,,
2023-11-16 21:00:00+00:00,0.138318,,
2023-11-16 22:00:00+00:00,0.141089,,
2023-11-16 23:00:00+00:00,0.14838,,
2023-11-17 00:00:00+00:00,0.149696,,
2023-11-17 01:00:00+00:00,0.146561,,
2023-11-17 02:00:00+00:00,0.149095,,
2023-11-17 03:00:00+00:00,0.148533,,
2023-11-17 04:00:00+00:00,0.146993,,
2023-11-17 05:00:00+00:00,0.147813,,
2023-11-17 06:00:00+00:00,0.156637,,
2023-11-17 07:00:00+00:00,0.156038,,
2023-11-17 08:00:00+00:00,0.148497,,
2023-11-17 09:00:00+00:00,0.152722,,
2023-11-17 10:00:00+00:00,0.154763,,
2023-11-17 11:00:00+00:00,0.159563,,
2023-11-17 12:00:00+00:00,0.157235,,
2023-11-17 13:00:00+00:00,0.137778,,
2023-11-17 14:00:00+00:00,0.121112,,
2023-11-17 15:00:00+00:00,0.131653,,
2023-11-17 16:00:00+00:00,0.138312,,
2023-11-17 17:00:00+00:00,0.133407,,
2023-11-17 18:00:00+00:00,0.121903,,
2023-11-17 19:00:00+00:00,0.107383,,
2023-11-17 20:00:00+00:00,0.098273,,
2023-11-17 21:00:00+00:00,0.091002,,
2023-11-17 22:00:00+00:00,0.079461,,
2023-11-17 23:00:00+00:00,0.072323,,
2023-11-18 00:00:00+00:00,0.065672,,
2023-11-18 01:00:00+00:00,0.058256,,
2023-11-18 02:00:00+00:00,0.05353,,
2023-11-18 03:00:00+00:00,0.051953,,
2023-11-18 04:00:00+00:00,0.053877,,
2023-11-18 05:00:00+00:00,0.058375,,
2023-11-18 06:00:00+00:00,0.061776,,
2023-11-18 07:00:00+00:00,0.067479,,
2023-11-18 08:00:00+00:00,0.070361,,
2023-11-18 09:00:00+00:00,0.072259,,
2023-11-18 10:00:00+00:00,0.084765,,
2023-11-18 11:00:00+00:00,0.103552,,
2023-11-18 12:00:00+00:00,0.118931,,
2023-11-18 13:00:00+00:00,0.137723,,
2023-11-18 14:00:00+00:00,0.176034,,
2023-11-18 15:00:00+00:00,0.234536,,
2023-11-18 16:00:00+00:00,0.28661,,
2023-11-18 17:00:00+00:00,0.329299,,
2023-11-18 18:00:00+00:00,0.362297,,
2023-11-18 19:00:00+00:00,0.385574,,
2023-11-18 20:00:00+00:00,0.393829,,
2023-11-18 21:00:00+00:00,0.388295,,
2023-11-18 22:00:00+00:00,0.372839,,
2023-11-18 23:00:00+00:00,0.378182,,
2023-11-19 00:00:00+00:00,0.388453,,
2023-11-19 01:00:00+00:00,0.392815,,
2023-11-19 02:00:00+00:00,0.394591,,
2023-11-19 03:00:00+00:00,0.4194,,
2023-11-19 04:00:00+00:00,0.4504,,
2023-11-19 05:00:00+00:00,0.472921,,
2023-11-19 06:00:00+00:00,0.496098,,
2023-11-19 07:00:00+00:00,0.503775,,
2023-11-19 08:00:00+00:00,0.49308,,
2023-11-19 09:00:00+00:00,0.481727,,
2023-11-19 10:00:00+00:00,0.50694,,
2023-11-19 11:00:00+00:00,0.546768,,
2023-11-19 12:00:00+00:00,0.543541,,
2023-11-19 13:00:00+00:00,0.522012,,
2023-11-19 14:00:00+00:00,0.505806,,
2023-11-19 15:00:00+00:00,0.495494,,
2023-11-19 16:00:00+00:00,0.480889,,
2023-11-19 17:00:00+00:00,0.465716,,
2023-11-19 18:00:00+00:00,0.452919,,
2023-11-19 19:00:00+00:00,0.446158,,
2023-11-19 20:00:00+00:00,0.438597,,
2023-11-19 21:00:00+00:00,0.423098,,
2023-11-19 22:00:00+00:00,0.409813,,
2023-11-19 23:00:00+00:00,0.39483,,
2023-11-20 00:00:00+00:00,0.381413,,
2023-11-20 01:00:00+00:00,0.371209,,
2023-11-20 02:00:00+00:00,0.358687,,
2023-11-20 03:00:00+00:00,0.353423,,
2023-11-20 04:00:00+00:00,0.346824,,
2023-11-20 05:00:00+00:00,0.328632,,
2023-11-20 06:00:00+00:00,0.314877,,
2023-11-20 07:00:00+00:00,0.30076,,
2023-11-20 08:00:00+00:00,0.283783,,
2023-11-20 09:00:00+00:00,0.279052,,
2023-11-20 10:00:00+00:00,0.284516,,
2023-11-20 11:00:00+00:00,0.284079,,
2023-11-20 12:00:00+00:00,0.266096,,
2023-11-20 13:00:00+00:00,0.22749,,
2023-11-20 14:00:00+00:00,0.190796,,
2023-11-20 15:00:00+00:00,0.187531,,
2023-11-20 16:00:00+00:00,0.186443,,
2023-11-20 17:00:00+00:00,0.176237,,
2023-11-20 18:00:00+00:00,0.163611,,
2023-11-20 19:00:00+00:00,0.149532,,
2023-11-20 20:00:00+00:00,0.136743,,
2023-11-20 21:00:00+00:00,0.123462,,
2023-11-20 22:00:00+00:00,0.111854,,
2023-11-20 23:00:00+00:00,0.102859,,
2023-11-21 00:00:00+00:00,0.100617,,
2023-11-21 01:00:00+00:00,0.100366,,
2023-11-21 02:00:00+00:00,0.100515,,
2023-11-21 03:00:00+00:00,0.103815,,
2023-11-21 04:00:00+00:00,0.1067,,
2023-11-21 05:00:00+00:00,0.114355,,
2023-11-21 06:00:00+00:00,0.120654,,
2023-11-21 07:00:00+00:00,0.125385,,
2023-11-21 08:00:00+00:00,0.113717,,
2023-11-21 09:00:00+00:00,0.117519,,
2023-11-21 10:00:00+00:00,0.119117,,
2023-11-21 11:00:00+00:00,0.125045,,
2023-11-21 12:00:00+00:00,0.137436,,
2023-11-21 13:00:00+00:00,0.149909,,
2023-11-21 14:00:00+00:00,0.159034,,
2023-11-21 15:00:00+00:00,0.17943,,
2023-11-21 16:00:00+00:00,0.194511,,
2023-11-21 17:00:00+00:00,0.201045,,
2023-11-21 18:00:00+00:00,0.203954,,
2023-11-21 19:00:00+00:00,0.200017,,
2023-11-21 20:00:00+00:00,0.191521,,
2023-11-21 21:00:00+00:00,0.177425,,
2023-11-21 22:00:00+00:00,0.162646,,
2023-11-21 23:00:00+00:00,0.148099,,
2023-11-22 00:00:00+00:00,0.137501,,
2023-11-22 01:00:00+00:00,0.128229,,
2023-11-22 02:00:00+00:00,0.110296,,
2023-11-22 03:00:00+00:00,0.086915,,
2023-11-22 04:00:00+00:00,0.10934,,
2023-11-22 05:00:00+00:00,0.119819,,
2023-11-22 06:00:00+00:00,0.103736,,
2023-11-22 07:00:00+00:00,0.091102,,
2023-11-22 08:00:00+00:00,0.075321,,
2023-11-22 09:00:00+00:00,0.073147,,
2023-11-22 10:00:00+00:00,0.071076,,
2023-11-22 11:00:00+00:00,0.075128,,
2023-11-22 12:00:00+00:00,0.093737,,
2023-11-22 13:00:00+00:00,0.112199,,
2023-11-22 14:00:00+00:00,0.138651,,
2023-11-22 15:00:00+00:00,0.171984,,
2023-11-22 16:00:00+00:00,0.209849,,
2023-11-22 17:00:00+00:00,0.249154,,
2023-11-22 18:00:00+00:00,0.294091,,
2023-11-22 19:00:00+00:00,0.336289,,
2023-11-22 20:00:00+00:00,0.383635,,
2023-11-22 21:00:00+00:00,0.4112,,
2023-11-22 22:00:00+00:00,0.442686,,
2023-11-22 23:00:00+00:00,0.460356,,
2023-11-23 00:00:00+00:00,0.497866,,
2023-11-23 01:00:00+00:00,0.518533,,
2023-11-23 02:00:00+00:00,0.538478,,
2023-11-23 03:00:00+00:00,0.551013,,
2023-11-23 04:00:00+00:00,0.567581,,
2023-11-23 05:00:00+00:00,0.580627,,
2023-11-23 06:00:00+00:00,0.602961,,
2023-11-23 07:00:00+00:00,0.610693,,
2023-11-23 08:00:00+00:00,0.625179,,
2023-11-23 09:00:00+00:00,0.641127,,
2023-11-23 10:00:00+00:00,0.666411,,
2023-11-23 11:00:00+00:00,0.694432,,
2023-11-23 12:00:00+00:00,0.721658,,
2023-11-23 13:00:00+00:00,0.739063,,
2023-11-23 14:00:00+00:00,0.746067,,
2023-11-23 15:00:00+00:00,0.758543,,
2023-11-23 16:00:00+00:00,0.765201,,
2023-11-23 17:00:00+00:00,0.767874,,
2023-11-23 18:00:00+00:00,0.763566,,
2023-11-23 19:00:00+00:00,0.751159,,
2023-11-23 20:00:00+00:00,0.737998,,
2023-11-23 21:00:00+00:00,0.736944,,
2023-11-23 22:00:00+00:00,0.729265,,
2023-11-23 23:00:00+00:00,0.711807,,
2023-11-24 00:00:00+00:00,0.691573,,
2023-11-24 01:00:00+00:00,0.669419,,
2023-11-24 02:00:00+00:00,0.64304,,
2023-11-24 03:00:00+00:00,0.609058,,
2023-11-24 04:00:00+00:00,0.570858,,
2023-11-24 05:00:00+00:00,0.541877,,
2023-11-24 06:00:00+00:00,0.521201,,
2023-11-24 07:00:00+00:00,0.506116,,
2023-11-24 08:00:00+00:00,0.487276,,
2023-11-24 09:00:00+00:00,0.512689,,
2023-11-24 10:00:00+00:00,0.576615,,
2023-11-24 11:00:00+00:00,0.617088,,
2023-11-24 12:00:00+00:00,0.618788,,
2023-11-24 13:00:00+00:00,0.607026,,
2023-11-24 14:00:00+00:00,0.601436,,
2023-11-24 15:00:00+00:00,0.596627,,
2023-11-24 16:00:00+00:00,0.58534,,
2023-11-24 17:00:00+00:00,0.578064,,
2023-11-24 18:00:00+00:00,0.570991,,
2023-11-24 19:00:00+00:00,0.561276,,
2023-11-24 20:00:00+00:00,0.533682,,
2023-11-24 21:00:00+00:00,0.503011,,
2023-11-24 22:00:00+00:00,0.467261,,
2023-11-24 23:00:00+00:00,0.430179,,
2023-11-25 00:00:00+00:00,0.401524,,
2023-11-25 01:00:00+00:00,0.378869,,
2023-11-25 02:00:00+00:00,0.35425,,
2023-11-25 03:00:00+00:00,0.320238,,
2023-11-25 04:00:00+00:00,0.283732,,
2023-11-25 05:00:00+00:00,0.262182,,
2023-11-25 06:00:00+00:00,0.268659,,
2023-11-25 07:00:00+00:00,0.279268,,
2023-11-25 08:00:00+00:00,0.271635,,
2023-11-25 09:00:00+00:00,0.267387,,
2023-11-25 10:00:00+00:00,0.268456,,
2023-11-25 11:00:00+00:00,0.281728,,
2023-11-25 12:00:00+00:00,0.284096,,
2023-11-25 13:00:00+00:00,0.278157,,
2023-11-25 14:00:00+00:00,0.281897,,
2023-11-25 15:00:00+00:00,0.302107,,
2023-11-25 16:00:00+00:00,0.308691,,
2023-11-25 17:00:00+00:00,0.293066,,
2023-11-25 18:00:00+00:00,0.263542,,
2023-11-25 19:00:00+00:00,0.22946,,
2023-11-25 20:00:00+00:00,0.195095,,
2023-11-25 21:00:00+00:00,0.162185,,
2023-11-25 22:00:00+00:00,0.137075,,
2023-11-25 23:00:00+00:00,0.123298,,
2023-11-26 00:00:00+00:00,0.118947,,
2023-11-26 01:00:00+00:00,0.120593,,
2023-11-26 02:00:00+00:00,0.12143,,
2023-11-26 03:00:00+00:00,0.11749,,
2023-11-26 04:00:00+00:00,0.11084,,
2023-11-26 05:00:00+00:00,0.104837,,
2023-11-26 06:00:00+00:00,0.099619,,
2023-11-26 07:00:00+00:00,0.092278,,
2023-11-26 08:00:00+00:00,0.076809,,
2023-11-26 09:00:00+00:00,0.068399,,
2023-11-26 10:00:00+00:00,0.073264,,
2023-11-26 11:00:00+00:00,0.083189,,
2023-11-26 12:00:00+00:00,0.09256,,
2023-11-26 13:00:00+00:00,0.098503,,
2023-11-26 14:00:00+00:00,0.106342,,
2023-11-26 15:00:00+00:00,0.119018,,
2023-11-26 16:00:00+00:00,0.126035,,
2023-11-26 17:00:00+00:00,0.12331,,
2023-11-26 18:00:00+00:00,0.119554,,
2023-11-26 19:00:00+00:00,0.11609,,
2023-11-26 20:00:00+00:00,0.113533,,
2023-11-26 21:00:00+00:00,0.109932,,
2023-11-26 22:00:00+00:00,0.10577,,
2023-11-26 23:00:00+00:00,0.100979,,
2023-11-27 00:00:00+00:00,0.098609,,
2023-11-27 01:00:00+00:00,0.099843,,
2023-11-27 02:00:00+00:00,0.103331,,
2023-11-27 03:00:00+00:00,0.103557,,
2023-11-27 04:00:00+00:00,0.111309,,
2023-11-27 05:00:00+00:00,0.12631,,
2023-11-27 06:00:00+00:00,0.142951,,
2023-11-27 07:00:00+00:00,0.158413,,
2023-11-27 08:00:00+00:00,0.165692,,
2023-11-27 09:00:00+00:00,0.173592,,
2023-11-27 10:00:00+00:00,0.189875,,
2023-11-27 11:00:00+00:00,0.199991,,
2023-11-27 12:00:00+00:00,0.212999,,
2023-11-27 13:00:00+00:00,0.234886,,
2023-11-27 14:00:00+00:00,0.26053,,
2023-11-27 15:00:00+00:00,0.283094,,
2023-11-27 16:00:00+00:00,0.291251,,
2023-11-27 17:00:00+00:00,0.294875,,
2023-11-27 18:00:00+00:00,0.293613,,
2023-11-27 19:00:00+00:00,0.286443,,
2023-11-27 20:00:00+00:00,0.281931,,
2023-11-27 21:00:00+00:00,0.282725,,
2023-11-27 22:00:00+00:00,0.284668,,
2023-11-27 23:00:00+00:00,0.286448,,
2023-11-28 00:00:00+00:00,0.292713,,
2023-11-28 01:00:00+00:00,0.296809,,
2023-11-28 02:00:00+00:00,0.303188,,
2023-11-28 03:00:00+00:00,0.305262,,
2023-11-28 04:00:00+00:00,0.308192,,
2023-11-28 05:00:00+00:00,0.306132,,
2023-11-28 06:00:00+00:00,0.294171,,
2023-11-28 07:00:00+00:00,0.282052,,
2023-11-28 08:00:00+00:00,0.257945,,
2023-11-28 09:00:00+00:00,0.237344,,
2023-11-28 10:00:00+00:00,0.210686,,
2023-11-28 11:00:00+00:00,0.178335,,
2023-11-28 12:00:00+00:00,0.150867,,
2023-11-28 13:00:00+00:00,0.126518,,
2023-11-28 14:00:00+00:00,0.103307,,
2023-11-28 15:00:00+00:00,0.10115,,
2023-11-28 16:00:00+00:00,0.092281,,
2023-11-28 17:00:00+00:00,0.086561,,
2023-11-28 18:00:00+00:00,0.095055,,
2023-11-28 19:00:00+00:00,0.108893,,
2023-11-28 20:00:00+00:00,0.129031,,
2023-11-28 21:00:00+00:00,0.154356,,
2023-11-28 22:00:00+00:00,0.181962,,
2023-11-28 23:00:00+00:00,0.212864,,
2023-11-29 00:00:00+00:00,0.232347,,
2023-11-29 01:00:00+00:00,0.254568,,
2023-11-29 02:00:00+00:00,0.268947,,
2023-11-29 03:00:00+00:00,0.279441,,
2023-11-29 04:00:00+00:00,0.294291,,
2023-11-29 05:00:00+00:00,0.309631,,
2023-11-29 06:00:00+00:00,0.319838,,
2023-11-29 07:00:00+00:00,0.319593,,
2023-11-29 08:00:00+00:00,0.301426,,
2023-11-29 09:00:00+00:00,0.291774,,
2023-11-29 10:00:00+00:00,0.29339,,
2023-11-29 11:00:00+00:00,0.28716,,
2023-11-29 12:00:00+00:00,0.262505,,
2023-11-29 13:00:00+00:00,0.235088,,
2023-11-29 14:00:00+00:00,0.222783,,
2023-11-29 15:00:00+00:00,0.219364,,
2023-11-29 16:00:00+00:00,0.201161,,
2023-11-29 17:00:00+00:00,0.182145,,
2023-11-29 18:00:00+00:00,0.167572,,
2023-11-29 19:00:00+00:00,0.153686,,
2023-11-29 20:00:00+00:00,0.141344,,
2023-11-29 21:00:00+00:00,0.126818,,
2023-11-29 22:00:00+00:00,0.106945,,
2023-11-29 23:00:00+00:00,0.090479,,
2023-11-30 00:00:00+00:00,0.077971,,
2023-11-30 01:00:00+00:00,0.067919,,
2023-11-30 02:00:00+00:00,0.060453,,
2023-11-30 03:00:00+00:00,0.055307,,
2023-11-30 04:00:00+00:00,0.049685,,
2023-11-30 05:00:00+00:00,0.044053,,
2023-11-30 06:00:00+00:00,0.041014,,
2023-11-30 07:00:00+00:00,0.03998,,
2023-11-30 08:00:00+00:00,0.035164,,
2023-11-30 09:00:00+00:00,0.025622,,
2023-11-30 10:00:00+00:00,0.018287,,
2023-11-30 11:00:00+00:00,0.014289,,
2023-11-30 12:00:00+00:00,0.011671,,
2023-11-30 13:00:00+00:00,0.009821,,
2023-11-30 14:00:00+00:00,0.013024,,
2023-11-30 15:00:00+00:00,0.02314,,
2023-11-30 16:00:00+00:00,0.036116,,
2023-11-30 17:00:00+00:00,0.046299,,
2023-11-30 18:00:00+00:00,0.050499,,
2023-11-30 19:00:00+00:00,0.049375,,
2023-11-30 20:00:00+00:00,0.043894,,
2023-11-30 21:00:00+00:00,0.035978,,
2023-11-30 22:00:00+00:00,0.03064,,
2023-11-30 23:00:00+00:00,0.029367,,
2023-12-01 00:00:00+00:00,0.031671,,
2023-12-01 01:00:00+00:00,0.03661,,
2023-12-01 02:00:00+00:00,0.041937,,
2023-12-01 03:00:00+00:00,0.04527,,
2023-12-01 04:00:00+00:00,0.047316,,
2023-12-01 05:00:00+00:00,0.048826,,
2023-12-01 06:00:00+00:00,0.051268,,
2023-12-01 07:00:00+00:00,0.052462,,
2023-12-01 08:00:00+00:00,0.047463,,
2023-12-01 09:00:00+00:00,0.043296,,
2023-12-01 10:00:00+00:00,0.043263,,
2023-12-01 11:00:00+00:00,0.045752,,
2023-12-01 12:00:00+00:00,0.049169,,
2023-12-01 13:00:00+00:00,0.053344,,
2023-12-01 14:00:00+00:00,0.060301,,
2023-12-01 15:00:00+00:00,0.07205,,
2023-12-01 16:00:00+00:00,0.079129,,
2023-12-01 17:00:00+00:00,0.079136,,
2023-12-01 18:00:00+00:00,0.075577,,
2023-12-01 19:00:00+00:00,0.072029,,
2023-12-01 20:00:00+00:00,0.071719,,
2023-12-01 21:00:00+00:00,0.070724,,
2023-12-01 22:00:00+00:00,0.069658,,
2023-12-01 23:00:00+00:00,0.070702,,
2023-12-02 00:00:00+00:00,0.073228,,
2023-12-02 01:00:00+00:00,0.078214,,
2023-12-02 02:00:00+00:00,0.082277,,
2023-12-02 03:00:00+00:00,0.082414,,
2023-12-02 04:00:00+00:00,0.079954,,
2023-12-02 05:00:00+00:00,0.075489,,
2023-12-02 06:00:00+00:00,0.07178,,
2023-12-02 07:00:00+00:00,0.066288,,
2023-12-02 08:00:00+00:00,0.0598,,
2023-12-02 09:00:00+00:00,0.050741,,
2023-12-02 10:00:00+00:00,0.046177,,
2023-12-02 11:00:00+00:00,0.048125,,
2023-12-02 12:00:00+00:00,0.053307,,
2023-12-02 13:00:00+00:00,0.060286,,
2023-12-02 14:00:00+00:00,0.068572,,
2023-12-02 15:00:00+00:00,0.079771,,
2023-12-02 16:00:00+00:00,0.090537,,
2023-12-02 17:00:00+00:00,0.096546,,
2023-12-02 18:00:00+00:00,0.099756,,
2023-12-02 19:00:00+00:00,0.101887,,
2023-12-02 20:00:00+00:00,0.10593,,
2023-12-02 21:00:00+00:00,0.106284,,
2023-12-02 22:00:00+00:00,0.1042,,
2023-12-02 23:00:00+00:00,0.100558,,
2023-12-03 00:00:00+00:00,0.100617,,
2023-12-03 01:00:00+00:00,0.102153,,
2023-12-03 02:00:00+00:00,0.102965,,
2023-12-03 03:00:00+00:00,0.101459,,
2023-12-03 04:00:00+00:00,0.104309,,
2023-12-03 05:00:00+00:00,0.107794,,
2023-12-03 06:00:00+00:00,0.112408,,
2023-12-03 07:00:00+00:00,0.11649,,
2023-12-03 08:00:00+00:00,0.108876,,
2023-12-03 09:00:00+00:00,0.093444,,
2023-12-03 10:00:00+00:00,0.089561,,
2023-12-03 11:00:00+00:00,0.088167,,
2023-12-03 12:00:00+00:00,0.084609,,
2023-12-03 13:00:00+00:00,0.07855,,
2023-12-03 14:00:00+00:00,0.08826,,
2023-12-03 15:00:00+00:00,0.116472,,
2023-12-03 16:00:00+00:00,0.143062,,
2023-12-03 17:00:00+00:00,0.161805,,
2023-12-03 18:00:00+00:00,0.174583,,
2023-12-03 19:00:00+00:00,0.183966,,
2023-12-03 20:00:00+00:00,0.187436,,
2023-12-03 21:00:00+00:00,0.185537,,
2023-12-03 22:00:00+00:00,0.18013,,
2023-12-03 23:00:00+00:00,0.174682,,
2023-12-04 00:00:00+00:00,0.171083,,
2023-12-04 01:00:00+00:00,0.173039,,
2023-12-04 02:00:00+00:00,0.17794,,
2023-12-04 03:00:00+00:00,0.1846,,
2023-12-04 04:00:00+00:00,0.195837,,
2023-12-04 05:00:00+00:00,0.207362,,
2023-12-04 06:00:00+00:00,0.213299,,
2023-12-04 07:00:00+00:00,0.218837,,
2023-12-04 08:00:00+00:00,0.212426,,
2023-12-04 09:00:00+00:00,0.193615,,
2023-12-04 10:00:00+00:00,0.181843,,
2023-12-04 11:00:00+00:00,0.183764,,
2023-12-04 12:00:00+00:00,0.185081,,
2023-12-04 13:00:00+00:00,0.191342,,
2023-12-04 14:00:00+00:00,0.214832,,
2023-12-04 15:00:00+00:00,0.240516,,
2023-12-04 16:00:00+00:00,0.245823,,
2023-12-04 17:00:00+00:00,0.24476,,
2023-12-04 18:00:00+00:00,0.242089,,
2023-12-04 19:00:00+00:00,0.239714,,
2023-12-04 20:00:00+00:00,0.234416,,
2023-12-04 21:00:00+00:00,0.238955,,
2023-12-04 22:00:00+00:00,0.253962,,
2023-12-04 23:00:00+00:00,0.264778,,
2023-12-05 00:00:00+00:00,0.273058,,
2023-12-05 01:00:00+00:00,0.282399,,
2023-12-05 02:00:00+00:00,0.286541,,
2023-12-05 03:00:00+00:00,0.290509,,
2023-12-05 04:00:00+00:00,0.292927,,
2023-12-05 05:00:00+00:00,0.29845,,
2023-12-05 06:00:00+00:00,0.308005,,
2023-12-05 07:00:00+00:00,0.311623,,
2023-12-05 08:00:00+00:00,0.300695,,
2023-12-05 09:00:00+00:00,0.289211,,
2023-12-05 10:00:00+00:00,0.279309,,
2023-12-05 11:00:00+00:00,0.262225,,
2023-12-05 12:00:00+00:00,0.247185,,
2023-12-05 13:00:00+00:00,0.241265,,
2023-12-05 14:00:00+00:00,0.241889,,
2023-12-05 15:00:00+00:00,0.251129,,
2023-12-05 16:00:00+00:00,0.251345,,
2023-12-05 17:00:00+00:00,0.242183,,
2023-12-05 18:00:00+00:00,0.225734,,
2023-12-05 19:00:00+00:00,0.20863,,
2023-12-05 20:00:00+00:00,0.194459,,
2023-12-05 21:00:00+00:00,0.178946,,
2023-12-05 22:00:00+00:00,0.165062,,
2023-12-05 23:00:00+00:00,0.156722,,
2023-12-06 00:00:00+00:00,0.150827,,
2023-12-06 01:00:00+00:00,0.148298,,
2023-12-06 02:00:00+00:00,0.142924,,
2023-12-06 03:00:00+00:00,0.139509,,
2023-12-06 04:00:00+00:00,0.140908,,
2023-12-06 05:00:00+00:00,0.139913,,
2023-12-06 06:00:00+00:00,0.1384,,
2023-12-06 07:00:00+00:00,0.138827,,
2023-12-06 08:00:00+00:00,0.127859,,
2023-12-06 09:00:00+00:00,0.10957,,
2023-12-06 10:00:00+00:00,0.10478,,
2023-12-06 11:00:00+00:00,0.104653,,
2023-12-06 12:00:00+00:00,0.1058,,
2023-12-06 13:00:00+00:00,0.111167,,
2023-12-06 14:00:00+00:00,0.120548,,
2023-12-06 15:00:00+00:00,0.133977,,
2023-12-06 16:00:00+00:00,0.142145,,
2023-12-06 17:00:00+00:00,0.143954,,
2023-12-06 18:00:00+00:00,0.141072,,
2023-12-06 19:00:00+00:00,0.134318,,
2023-12-06 20:00:00+00:00,0.122688,,
2023-12-06 21:00:00+00:00,0.108523,,
2023-12-06 22:00:00+00:00,0.095872,,
2023-12-06 23:00:00+00:00,0.088245,,
2023-12-07 00:00:00+00:00,0.085294,,
2023-12-07 01:00:00+00:00,0.083935,,
2023-12-07 02:00:00+00:00,0.081716,,
2023-12-07 03:00:00+00:00,0.077121,,
2023-12-07 04:00:00+00:00,0.071604,,
2023-12-07 05:00:00+00:00,0.067059,,
2023-12-07 06:00:00+00:00,0.063288,,
2023-12-07 07:00:00+00:00,0.061517,,
2023-12-07 08:00:00+00:00,0.054644,,
2023-12-07 09:00:00+00:00,0.041313,,
2023-12-07 10:00:00+00:00,0.035799,,
2023-12-07 11:00:00+00:00,0.036918,,
2023-12-07 12:00:00+00:00,0.037263,,
2023-12-07 13:00:00+00:00,0.039054,,
2023-12-07 14:00:00+00:00,0.050866,,
2023-12-07 15:00:00+00:00,0.08144,,
2023-12-07 16:00:00+00:00,0.11893,,
2023-12-07 17:00:00+00:00,0.145088,,
2023-12-07 18:00:00+00:00,0.159927,,
2023-12-07 19:00:00+00:00,0.168045,,
2023-12-07 20:00:00+00:00,0.180329,,
2023-12-07 21:00:00+00:00,0.186415,,
2023-12-07 22:00:00+00:00,0.185735,,
2023-12-07 23:00:00+00:00,0.183187,,
2023-12-08 00:00:00+00:00,0.186164,,
2023-12-08 01:00:00+00:00,0.196129,,
2023-12-08 02:00:00+00:00,0.203822,,
2023-12-08 03:00:00+00:00,0.20553,,
2023-12-08 04:00:00+00:00,0.205775,,
2023-12-08 05:00:00+00:00,0.211009,,
2023-12-08 06:00:00+00:00,0.217792,,
2023-12-08 07:00:00+00:00,0.22102,,
2023-12-08 08:00:00+00:00,0.209573,,
2023-12-08 09:00:00+00:00,0.188805,,
2023-12-08 10:00:00+00:00,0.172683,,
2023-12-08 11:00:00+00:00,0.158817,,
2023-12-08 12:00:00+00:00,0.151205,,
2023-12-08 13:00:00+00:00,0.153577,,
2023-12-08 14:00:00+00:00,0.162754,,
2023-12-08 15:00:00+00:00,0.165277,,
2023-12-08 16:00:00+00:00,0.157197,,
2023-12-08 17:00:00+00:00,0.152953,,
2023-12-08 18:00:00+00:00,0.152024,,
2023-12-08 19:00:00+00:00,0.15514,,
2023-12-08 20:00:00+00:00,0.160193,,
2023-12-08 21:00:00+00:00,0.163026,,
2023-12-08 22:00:00+00:00,0.171055,,
2023-12-08 23:00:00+00:00,0.181075,,
2023-12-09 00:00:00+00:00,0.190724,,
2023-12-09 01:00:00+00:00,0.197579,,
2023-12-09 02:00:00+00:00,0.207431,,
2023-12-09 03:00:00+00:00,0.221373,,
2023-12-09 04:00:00+00:00,0.228602,,
2023-12-09 05:00:00+00:00,0.237189,,
2023-12-09 06:00:00+00:00,0.250534,,
2023-12-09 07:00:00+00:00,0.270143,,
2023-12-09 08:00:00+00:00,0.281162,,
2023-12-09 09:00:00+00:00,0.271281,,
2023-12-09 10:00:00+00:00,0.265708,,
2023-12-09 11:00:00+00:00,0.271348,,
2023-12-09 12:00:00+00:00,0.28568,,
2023-12-09 13:00:00+00:00,0.321694,,
2023-12-09 14:00:00+00:00,0.379143,,
2023-12-09 15:00:00+00:00,0.43208,,
2023-12-09 16:00:00+00:00,0.457016,,
2023-12-09 17:00:00+00:00,0.476565,,
2023-12-09 18:00:00+00:00,0.481977,,
2023-12-09 19:00:00+00:00,0.477278,,
2023-12-09 20:00:00+00:00,0.476966,,
2023-12-09 21:00:00+00:00,0.488603,,
2023-12-09 22:00:00+00:00,0.495217,,
2023-12-09 23:00:00+00:00,0.496653,,
2023-12-10 00:00:00+00:00,0.493524,,
2023-12-10 01:00:00+00:00,0.497499,,
2023-12-10 02:00:00+00:00,0.503549,,
2023-12-10 03:00:00+00:00,0.505512,,
2023-12-10 04:00:00+00:00,0.512741,,
2023-12-10 05:00:00+00:00,0.5328,,
2023-12-10 06:00:00+00:00,0.536945,,
2023-12-10 07:00:00+00:00,0.5273,,
2023-12-10 08:00:00+00:00,0.522663,,
2023-12-10 09:00:00+00:00,0.513896,,
2023-12-10 10:00:00+00:00,0.510782,,
2023-12-10 11:00:00+00:00,0.5058,,
2023-12-10 12:00:00+00:00,0.499093,,
2023-12-10 13:00:00+00:00,0.510547,,
2023-12-10 14:00:00+00:00,0.532243,,
2023-12-10 15:00:00+00:00,0.530693,,
2023-12-10 16:00:00+00:00,0.501551,,
2023-12-10 17:00:00+00:00,0.479046,,
2023-12-10 18:00:00+00:00,0.470931,,
2023-12-10 19:00:00+00:00,0.477401,,
2023-12-10 20:00:00+00:00,0.471729,,
2023-12-10 21:00:00+00:00,0.457007,,
2023-12-10 22:00:00+00:00,0.453531,,
2023-12-10 23:00:00+00:00,0.462698,,
2023-12-11 00:00:00+00:00,0.465252,,
2023-12-11 01:00:00+00:00,0.465899,,
2023-12-11 02:00:00+00:00,0.468079,,
2023-12-11 03:00:00+00:00,0.470038,,
2023-12-11 04:00:00+00:00,0.45632,,
2023-12-11 05:00:00+00:00,0.463987,,
2023-12-11 06:00:00+00:00,0.465116,,
2023-12-11 07:00:00+00:00,0.475714,,
2023-12-11 08:00:00+00:00,0.472114,,
2023-12-11 09:00:00+00:00,0.470733,,
2023-12-11 10:00:00+00:00,0.475918,,
2023-12-11 11:00:00+00:00,0.477536,,
2023-12-11 12:00:00+00:00,0.474735,,
2023-12-11 13:00:00+00:00,0.476586,,
2023-12-11 14:00:00+00:00,0.471864,,
2023-12-11 15:00:00+00:00,0.458083,,
2023-12-11 16:00:00+00:00,0.444948,,
2023-12-11 17:00:00+00:00,0.417605,,
2023-12-11 18:00:00+00:00,0.387675,,
2023-12-11 19:00:00+00:00,0.356021,,
2023-12-11 20:00:00+00:00,0.322215,,
2023-12-11 21:00:00+00:00,0.290629,,
2023-12-11 22:00:00+00:00,0.266192,,
2023-12-11 23:00:00+00:00,0.247827,,
2023-12-12 00:00:00+00:00,0.22084,,
2023-12-12 01:00:00+00:00,0.195851,,
2023-12-12 02:00:00+00:00,0.169557,,
2023-12-12 03:00:00+00:00,0.143557,,
2023-12-12 04:00:00+00:00,0.12491,,
2023-12-12 05:00:00+00:00,0.113321,,
2023-12-12 06:00:00+00:00,0.109478,,
2023-12-12 07:00:00+00:00,0.110537,,
2023-12-12 08:00:00+00:00,0.102287,,
2023-12-12 09:00:00+00:00,0.079899,,
2023-12-12 10:00:00+00:00,0.063531,,
2023-12-12 11:00:00+00:00,0.057343,,
2023-12-12 12:00:00+00:00,0.061501,,
2023-12-12 13:00:00+00:00,0.078421,,
2023-12-12 14:00:00+00:00,0.112649,,
2023-12-12 15:00:00+00:00,0.152095,,
2023-12-12 16:00:00+00:00,0.184875,,
2023-12-12 17:00:00+00:00,0.210857,,
2023-12-12 18:00:00+00:00,0.224777,,
2023-12-12 19:00:00+00:00,0.232044,,
2023-12-12 20:00:00+00:00,0.238223,,
2023-12-12 21:00:00+00:00,0.242232,,
2023-12-12 22:00:00+00:00,0.242498,,
2023-12-12 23:00:00+00:00,0.241062,,
2023-12-13 00:00:00+00:00,0.233084,,
2023-12-13 01:00:00+00:00,0.228199,,
2023-12-13 02:00:00+00:00,0.220268,,
2023-12-13 03:00:00+00:00,0.218662,,
2023-12-13 04:00:00+00:00,0.213826,,
2023-12-13 05:00:00+00:00,0.206009,,
2023-12-13 06:00:00+00:00,0.20159,,
2023-12-13 07:00:00+00:00,0.196244,,
2023-12-13 08:00:00+00:00,0.181578,,
2023-12-13 09:00:00+00:00,0.153139,,
2023-12-13 10:00:00+00:00,0.141997,,
2023-12-13 11:00:00+00:00,0.137818,,
2023-12-13 12:00:00+00:00,0.137724,,
2023-12-13 13:00:00+00:00,0.140331,,
2023-12-13 14:00:00+00:00,0.148087,,
2023-12-13 15:00:00+00:00,0.153646,,
2023-12-13 16:00:00+00:00,0.155761,,
2023-12-13 17:00:00+00:00,0.156449,,
2023-12-13 18:00:00+00:00,0.155753,,
2023-12-13 19:00:00+00:00,0.159218,,
2023-12-13 20:00:00+00:00,0.160416,,
2023-12-13 21:00:00+00:00,0.165212,,
2023-12-13 22:00:00+00:00,0.164623,,
2023-12-13 23:00:00+00:00,0.161344,,
2023-12-14 00:00:00+00:00,0.160126,,
2023-12-14 01:00:00+00:00,0.152573,,
2023-12-14 02:00:00+00:00,0.138968,,
2023-12-14 03:00:00+00:00,0.12872,,
2023-12-14 04:00:00+00:00,0.123115,,
2023-12-14 05:00:00+00:00,0.118652,,
2023-12-14 06:00:00+00:00,0.112689,,
2023-12-14 07:00:00+00:00,0.107463,,
2023-12-14 08:00:00+00:00,0.089711,,
2023-12-14 09:00:00+00:00,0.064213,,
2023-12-14 10:00:00+00:00,0.049105,,
2023-12-14 11:00:00+00:00,0.047129,,
2023-12-14 12:00:00+00:00,0.051916,,
2023-12-14 13:00:00+00:00,0.056151,,
2023-12-14 14:00:00+00:00,0.064309,,
2023-12-14 15:00:00+00:00,0.076533,,
2023-12-14 16:00:00+00:00,0.078264,,
2023-12-14 17:00:00+00:00,0.074897,,
2023-12-14 18:00:00+00:00,0.075175,,
2023-12-14 19:00:00+00:00,0.081508,,
2023-12-14 20:00:00+00:00,0.093902,,
2023-12-14 21:00:00+00:00,0.105432,,
2023-12-14 22:00:00+00:00,0.113821,,
2023-12-14 23:00:00+00:00,0.119501,,
2023-12-15 00:00:00+00:00,0.125333,,
2023-12-15 01:00:00+00:00,0.130496,,
2023-12-15 02:00:00+00:00,0.136413,,
2023-12-15 03:00:00+00:00,0.144,,
2023-12-15 04:00:00+00:00,0.149818,,
2023-12-15 05:00:00+00:00,0.155419,,
2023-12-15 06:00:00+00:00,0.16155,,
2023-12-15 07:00:00+00:00,0.172911,,
2023-12-15 08:00:00+00:00,0.165635,,
2023-12-15 09:00:00+00:00,0.150627,,
2023-12-15 10:00:00+00:00,0.14109,,
2023-12-15 11:00:00+00:00,0.138312,,
2023-12-15 12:00:00+00:00,0.146286,,
2023-12-15 13:00:00+00:00,0.161478,,
2023-12-15 14:00:00+00:00,0.186781,,
2023-12-15 15:00:00+00:00,0.210083,,
2023-12-15 16:00:00+00:00,0.217746,,
2023-12-15 17:00:00+00:00,0.22176,,
2023-12-15 18:00:00+00:00,0.221554,,
2023-12-15 19:00:00+00:00,0.214524,,
2023-12-15 20:00:00+00:00,0.209104,,
2023-12-15 21:00:00+00:00,0.202489,,
2023-12-15 22:00:00+00:00,0.197232,,
2023-12-15 23:00:00+00:00,0.198056,,
2023-12-16 00:00:00+00:00,0.196006,,
2023-12-16 01:00:00+00:00,0.196022,,
2023-12-16 02:00:00+00:00,0.201182,,
2023-12-16 03:00:00+00:00,0.205848,,
2023-12-16 04:00:00+00:00,0.222134,,
2023-12-16 05:00:00+00:00,0.246882,,
2023-12-16 06:00:00+00:00,0.267549,,
2023-12-16 07:00:00+00:00,0.29407,,
2023-12-16 08:00:00+00:00,0.302587,,
2023-12-16 09:00:00+00:00,0.30235,,
2023-12-16 10:00:00+00:00,0.306383,,
2023-12-16 11:00:00+00:00,0.329268,,
2023-12-16 12:00:00+00:00,0.340059,,
2023-12-16 13:00:00+00:00,0.346379,,
2023-12-16 14:00:00+00:00,0.361359,,
2023-12-16 15:00:00+00:00,0.37469,,
2023-12-16 16:00:00+00:00,0.368005,,
2023-12-16 17:00:00+00:00,0.377658,,
2023-12-16 18:00:00+00:00,0.383355,,
2023-12-16 19:00:00+00:00,0.384357,,
2023-12-16 20:00:00+00:00,0.395144,,
2023-12-16 21:00:00+00:00,0.394142,,
2023-12-16 22:00:00+00:00,0.383829,,
2023-12-16 23:00:00+00:00,0.375415,,
2023-12-17 00:00:00+00:00,0.365209,,
2023-12-17 01:00:00+00:00,0.359618,,
2023-12-17 02:00:00+00:00,0.358082,,
2023-12-17 03:00:00+00:00,0.348701,,
2023-12-17 04:00:00+00:00,0.34227,,
2023-12-17 05:00:00+00:00,0.341283,,
2023-12-17 06:00:00+00:00,0.343667,,
2023-12-17 07:00:00+00:00,0.346179,,
2023-12-17 08:00:00+00:00,0.350347,,
2023-12-17 09:00:00+00:00,0.361917,,
2023-12-17 10:00:00+00:00,0.384474,,
2023-12-17 11:00:00+00:00,0.404045,,
2023-12-17 12:00:00+00:00,0.414371,,
2023-12-17 13:00:00+00:00,0.40727,,
2023-12-17 14:00:00+00:00,0.408076,,
2023-12-17 15:00:00+00:00,0.425249,,
2023-12-17 16:00:00+00:00,0.432601,,
2023-12-17 17:00:00+00:00,0.430505,,
2023-12-17 18:00:00+00:00,0.424805,,
2023-12-17 19:00:00+00:00,0.415579,,
2023-12-17 20:00:00+00:00,0.403398,,
2023-12-17 21:00:00+00:00,0.393589,,
2023-12-17 22:00:00+00:00,0.386674,,
2023-12-17 23:00:00+00:00,0.379138,,
2023-12-18 00:00:00+00:00,0.375314,,
2023-12-18 01:00:00+00:00,0.372938,,
2023-12-18 02:00:00+00:00,0.367306,,
2023-12-18 03:00:00+00:00,0.362948,,
2023-12-18 04:00:00+00:00,0.35551,,
2023-12-18 05:00:00+00:00,0.349905,,
2023-12-18 06:00:00+00:00,0.345022,,
2023-12-18 07:00:00+00:00,0.340596,,
2023-12-18 08:00:00+00:00,0.322981,,
2023-12-18 09:00:00+00:00,0.296415,,
2023-12-18 10:00:00+00:00,0.288927,,
2023-12-18 11:00:00+00:00,0.296038,,
2023-12-18 12:00:00+00:00,0.295833,,
2023-12-18 13:00:00+00:00,0.294747,,
2023-12-18 14:00:00+00:00,0.319114,,
2023-12-18 15:00:00+00:00,0.362496,,
2023-12-18 16:00:00+00:00,0.393712,,
2023-12-18 17:00:00+00:00,0.409036,,
2023-12-18 18:00:00+00:00,0.425463,,
2023-12-18 19:00:00+00:00,0.437367,,
2023-12-18 20:00:00+00:00,0.440784,,
2023-12-18 21:00:00+00:00,0.437057,,
2023-12-18 22:00:00+00:00,0.438475,,
2023-12-18 23:00:00+00:00,0.433524,,
2023-12-19 00:00:00+00:00,0.42536,,
2023-12-19 01:00:00+00:00,0.405005,,
2023-12-19 02:00:00+00:00,0.38148,,
2023-12-19 03:00:00+00:00,0.362037,,
2023-12-19 04:00:00+00:00,0.360991,,
2023-12-19 05:00:00+00:00,0.351333,,
2023-12-19 06:00:00+00:00,0.341629,,
2023-12-19 07:00:00+00:00,0.336967,,
2023-12-19 08:00:00+00:00,0.322254,,
2023-12-19 09:00:00+00:00,0.314654,,
2023-12-19 10:00:00+00:00,0.324413,,
2023-12-19 11:00:00+00:00,0.345217,,
2023-12-19 12:00:00+00:00,0.35062,,
2023-12-19 13:00:00+00:00,0.353867,,
2023-12-19 14:00:00+00:00,0.353266,,
2023-12-19 15:00:00+00:00,0.366681,,
2023-12-19 16:00:00+00:00,0.36369,,
2023-12-19 17:00:00+00:00,0.349287,,
2023-12-19 18:00:00+00:00,0.330573,,
2023-12-19 19:00:00+00:00,0.318881,,
2023-12-19 20:00:00+00:00,0.313303,,
2023-12-19 21:00:00+00:00,0.302001,,
2023-12-19 22:00:00+00:00,0.297224,,
2023-12-19 23:00:00+00:00,0.293008,,
2023-12-20 00:00:00+00:00,0.296403,,
2023-12-20 01:00:00+00:00,0.297722,,
2023-12-20 02:00:00+00:00,0.323353,,
2023-12-20 03:00:00+00:00,0.35503,,
2023-12-20 04:00:00+00:00,0.369231,,
2023-12-20 05:00:00+00:00,0.397495,,
2023-12-20 06:00:00+00:00,0.43391,,
2023-12-20 07:00:00+00:00,0.48886,,
2023-12-20 08:00:00+00:00,0.539572,,
2023-12-20 09:00:00+00:00,0.584656,,
2023-12-20 10:00:00+00:00,0.625008,,
2023-12-20 11:00:00+00:00,0.652765,,
2023-12-20 12:00:00+00:00,0.652192,,
2023-12-20 13:00:00+00:00,0.629197,,
2023-12-20 14:00:00+00:00,0.595287,,
2023-12-20 15:00:00+00:00,0.549095,,
2023-12-20 16:00:00+00:00,0.497728,,
2023-12-20 17:00:00+00:00,0.461315,,
2023-12-20 18:00:00+00:00,0.458024,,
2023-12-20 19:00:00+00:00,0.472224,,
2023-12-20 20:00:00+00:00,0.485977,,
2023-12-20 21:00:00+00:00,0.502113,,
2023-12-20 22:00:00+00:00,0.513797,,
2023-12-20 23:00:00+00:00,0.531058,,
2023-12-21 00:00:00+00:00,0.541354,,
2023-12-21 01:00:00+00:00,0.544201,,
2023-12-21 02:00:00+00:00,0.546603,,
2023-12-21 03:00:00+00:00,0.551643,,
2023-12-21 04:00:00+00:00,0.583513,,
2023-12-21 05:00:00+00:00,0.626073,,
2023-12-21 06:00:00+00:00,0.687473,,
2023-12-21 07:00:00+00:00,0.750636,,
2023-12-21 08:00:00+00:00,0.801208,,
2023-12-21 09:00:00+00:00,0.858448,,
2023-12-21 10:00:00+00:00,0.898246,,
2023-12-21 11:00:00+00:00,0.924152,,
2023-12-21 12:00:00+00:00,0.933269,,
2023-12-21 13:00:00+00:00,0.933323,,
2023-12-21 14:00:00+00:00,0.925936,,
2023-12-21 15:00:00+00:00,0.916783,,
2023-12-21 16:00:00+00:00,0.907557,,
2023-12-21 17:00:00+00:00,0.899569,,
2023-12-21 18:00:00+00:00,0.891425,,
2023-12-21 19:00:00+00:00,0.889145,,
2023-12-21 20:00:00+00:00,0.886488,,
2023-12-21 21:00:00+00:00,0.882627,,
2023-12-21 22:00:00+00:00,0.876145,,
2023-12-21 23:00:00+00:00,0.868096,,
2023-12-22 00:00:00+00:00,0.859094,,
2023-12-22 01:00:00+00:00,0.851058,,
2023-12-22 02:00:00+00:00,0.844604,,
2023-12-22 03:00:00+00:00,0.844642,,
2023-12-22 04:00:00+00:00,0.848688,,
2023-12-22 05:00:00+00:00,0.851127,,
2023-12-22 06:00:00+00:00,0.852923,,
2023-12-22 07:00:00+00:00,0.848913,,
2023-12-22 08:00:00+00:00,0.840523,,
2023-12-22 09:00:00+00:00,0.824836,,
2023-12-22 10:00:00+00:00,0.809522,,
2023-12-22 11:00:00+00:00,0.791588,,
2023-12-22 12:00:00+00:00,0.763971,,
2023-12-22 13:00:00+00:00,0.723736,,
2023-12-22 14:00:00+00:00,0.679276,,
2023-12-22 15:00:00+00:00,0.643584,,
2023-12-22 16:00:00+00:00,0.620468,,
2023-12-22 17:00:00+00:00,0.627121,,
2023-12-22 18:00:00+00:00,0.651831,,
2023-12-22 19:00:00+00:00,0.677451,,
2023-12-22 20:00:00+00:00,0.700052,,
2023-12-22 21:00:00+00:00,0.713486,,
2023-12-22 22:00:00+00:00,0.722672,,
2023-12-22 23:00:00+00:00,0.716855,,
2023-12-23 00:00:00+00:00,0.692976,,
2023-12-23 01:00:00+00:00,0.6512,,
2023-12-23 02:00:00+00:00,0.609541,,
2023-12-23 03:00:00+00:00,0.570987,,
2023-12-23 04:00:00+00:00,0.537234,,
2023-12-23 05:00:00+00:00,0.511272,,
2023-12-23 06:00:00+00:00,0.499015,,
2023-12-23 07:00:00+00:00,0.496728,,
2023-12-23 08:00:00+00:00,0.489189,,
2023-12-23 09:00:00+00:00,0.486733,,
2023-12-23 10:00:00+00:00,0.488232,,
2023-12-23 11:00:00+00:00,0.484108,,
2023-12-23 12:00:00+00:00,0.472923,,
2023-12-23 13:00:00+00:00,0.458575,,
2023-12-23 14:00:00+00:00,0.442539,,
2023-12-23 15:00:00+00:00,0.426078,,
2023-12-23 16:00:00+00:00,0.408986,,
2023-12-23 17:00:00+00:00,0.391132,,
2023-12-23 18:00:00+00:00,0.382462,,
2023-12-23 19:00:00+00:00,0.382481,,
2023-12-23 20:00:00+00:00,0.390553,,
2023-12-23 21:00:00+00:00,0.404995,,
2023-12-23 22:00:00+00:00,0.418555,,
2023-12-23 23:00:00+00:00,0.43401,,
2023-12-24 00:00:00+00:00,0.452229,,
2023-12-24 01:00:00+00:00,0.465291,,
2023-12-24 02:00:00+00:00,0.478352,,
2023-12-24 03:00:00+00:00,0.501501,,
2023-12-24 04:00:00+00:00,0.528348,,
2023-12-24 05:00:00+00:00,0.539032,,
2023-12-24 06:00:00+00:00,0.564487,,
2023-12-24 07:00:00+00:00,0.595038,,
2023-12-24 08:00:00+00:00,0.629116,,
2023-12-24 09:00:00+00:00,0.642432,,
2023-12-24 10:00:00+00:00,0.669632,,
2023-12-24 11:00:00+00:00,0.703194,,
2023-12-24 12:00:00+00:00,0.736684,,
2023-12-24 13:00:00+00:00,0.766454,,
2023-12-24 14:00:00+00:00,0.777377,,
2023-12-24 15:00:00+00:00,0.792729,,
2023-12-24 16:00:00+00:00,0.811519,,
2023-12-24 17:00:00+00:00,0.825399,,
2023-12-24 18:00:00+00:00,0.837525,,
2023-12-24 19:00:00+00:00,0.846116,,
2023-12-24 20:00:00+00:00,0.851516,,
2023-12-24 21:00:00+00:00,0.853587,,
2023-12-24 22:00:00+00:00,0.856018,,
2023-12-24 23:00:00+00:00,0.856693,,
2023-12-25 00:00:00+00:00,0.852348,,
2023-12-25 01:00:00+00:00,0.848539,,
2023-12-25 02:00:00+00:00,0.843899,,
2023-12-25 03:00:00+00:00,0.832465,,
2023-12-25 04:00:00+00:00,0.815045,,
2023-12-25 05:00:00+00:00,0.791554,,
2023-12-25 06:00:00+00:00,0.76421,,
2023-12-25 07:00:00+00:00,0.730984,,
2023-12-25 08:00:00+00:00,0.693274,,
2023-12-25 09:00:00+00:00,0.657763,,
2023-12-25 10:00:00+00:00,0.628656,,
2023-12-25 11:00:00+00:00,0.603413,,
2023-12-25 12:00:00+00:00,0.569058,,
2023-12-25 13:00:00+00:00,0.521412,,
2023-12-25 14:00:00+00:00,0.471381,,
2023-12-25 15:00:00+00:00,0.426724,,
2023-12-25 16:00:00+00:00,0.400663,,
2023-12-25 17:00:00+00:00,0.386909,,
2023-12-25 18:00:00+00:00,0.386697,,
2023-12-25 19:00:00+00:00,0.396726,,
2023-12-25 20:00:00+00:00,0.410435,,
2023-12-25 21:00:00+00:00,0.429868,,
2023-12-25 22:00:00+00:00,0.469379,,
2023-12-25 23:00:00+00:00,0.516982,,
2023-12-26 00:00:00+00:00,0.556014,,
2023-12-26 01:00:00+00:00,0.601708,,
2023-12-26 02:00:00+00:00,0.648383,,
2023-12-26 03:00:00+00:00,0.679262,,
2023-12-26 04:00:00+00:00,0.685587,,
2023-12-26 05:00:00+00:00,0.694214,,
2023-12-26 06:00:00+00:00,0.69609,,
2023-12-26 07:00:00+00:00,0.67601,,
2023-12-26 08:00:00+00:00,0.642186,,
2023-12-26 09:00:00+00:00,0.616534,,
2023-12-26 10:00:00+00:00,0.630308,,
2023-12-26 11:00:00+00:00,0.646092,,
2023-12-26 12:00:00+00:00,0.640847,,
2023-12-26 13:00:00+00:00,0.625135,,
2023-12-26 14:00:00+00:00,0.600646,,
2023-12-26 15:00:00+00:00,0.575743,,
2023-12-26 16:00:00+00:00,0.546815,,
2023-12-26 17:00:00+00:00,0.50528,,
2023-12-26 18:00:00+00:00,0.459484,,
2023-12-26 19:00:00+00:00,0.423768,,
2023-12-26 20:00:00+00:00,0.390603,,
2023-12-26 21:00:00+00:00,0.356267,,
2023-12-26 22:00:00+00:00,0.317585,,
2023-12-26 23:00:00+00:00,0.279867,,
2023-12-27 00:00:00+00:00,0.238211,,
2023-12-27 01:00:00+00:00,0.20728,,
2023-12-27 02:00:00+00:00,0.184581,,
2023-12-27 03:00:00+00:00,0.163677,,
2023-12-27 04:00:00+00:00,0.145506,,
2023-12-27 05:00:00+00:00,0.125783,,
2023-12-27 06:00:00+00:00,0.111148,,
2023-12-27 07:00:00+00:00,0.10359,,
2023-12-27 08:00:00+00:00,0.094573,,
2023-12-27 09:00:00+00:00,0.085653,,
2023-12-27 10:00:00+00:00,0.089255,,
2023-12-27 11:00:00+00:00,0.109713,,
2023-12-27 12:00:00+00:00,0.133754,,
2023-12-27 13:00:00+00:00,0.164909,,
2023-12-27 14:00:00+00:00,0.209577,,
2023-12-27 15:00:00+00:00,0.26911,,
2023-12-27 16:00:00+00:00,0.319055,,
2023-12-27 17:00:00+00:00,0.368706,,
2023-12-27 18:00:00+00:00,0.410597,,
2023-12-27 19:00:00+00:00,0.431104,,
2023-12-27 20:00:00+00:00,0.454702,,
2023-12-27 21:00:00+00:00,0.479733,,
2023-12-27 22:00:00+00:00,0.49906,,
2023-12-27 23:00:00+00:00,0.518213,,
2023-12-28 00:00:00+00:00,0.526937,,
2023-12-28 01:00:00+00:00,0.543506,,
2023-12-28 02:00:00+00:00,0.551932,,
2023-12-28 03:00:00+00:00,0.569391,,
2023-12-28 04:00:00+00:00,0.599468,,
2023-12-28 05:00:00+00:00,0.62215,,
2023-12-28 06:00:00+00:00,0.634036,,
2023-12-28 07:00:00+00:00,0.641262,,
2023-12-28 08:00:00+00:00,0.636896,,
2023-12-28 09:00:00+00:00,0.628414,,
2023-12-28 10:00:00+00:00,0.630543,,
2023-12-28 11:00:00+00:00,0.642826,,
2023-12-28 12:00:00+00:00,0.650449,,
2023-12-28 13:00:00+00:00,0.647155,,
2023-12-28 14:00:00+00:00,0.649945,,
2023-12-28 15:00:00+00:00,0.648436,,
2023-12-28 16:00:00+00:00,0.63732,,
2023-12-28 17:00:00+00:00,0.631061,,
2023-12-28 18:00:00+00:00,0.640772,,
2023-12-28 19:00:00+00:00,0.653919,,
2023-12-28 20:00:00+00:00,0.658102,,
2023-12-28 21:00:00+00:00,0.66455,,
2023-12-28 22:00:00+00:00,0.673884,,
2023-12-28 23:00:00+00:00,0.682397,,
2023-12-29 00:00:00+00:00,0.693759,,
2023-12-29 01:00:00+00:00,0.707235,,
2023-12-29 02:00:00+00:00,0.717731,,
2023-12-29 03:00:00+00:00,0.720296,,
2023-12-29 04:00:00+00:00,0.729601,,
2023-12-29 05:00:00+00:00,0.726903,,
2023-12-29 06:00:00+00:00,0.728875,,
2023-12-29 07:00:00+00:00,0.731754,,
2023-12-29 08:00:00+00:00,0.726719,,
2023-12-29 09:00:00+00:00,0.728701,,
2023-12-29 10:00:00+00:00,0.737575,,
2023-12-29 11:00:00+00:00,0.746779,,
2023-12-29 12:00:00+00:00,0.742917,,
2023-12-29 13:00:00+00:00,0.727557,,
2023-12-29 14:00:00+00:00,0.702937,,
2023-12-29 15:00:00+00:00,0.677513,,
2023-12-29 16:00:00+00:00,0.645681,,
2023-12-29 17:00:00+00:00,0.619327,,
2023-12-29 18:00:00+00:00,0.599718,,
2023-12-29 19:00:00+00:00,0.595315,,
2023-12-29 20:00:00+00:00,0.597037,,
2023-12-29 21:00:00+00:00,0.589078,,
2023-12-29 22:00:00+00:00,0.569337,,
2023-12-29 23:00:00+00:00,0.556911,,
2023-12-30 00:00:00+00:00,0.549094,,
2023-12-30 01:00:00+00:00,0.540452,,
2023-12-30 02:00:00+00:00,0.526309,,
2023-12-30 03:00:00+00:00,0.512328,,
2023-12-30 04:00:00+00:00,0.506978,,
2023-12-30 05:00:00+00:00,0.503754,,
2023-12-30 06:00:00+00:00,0.485541,,
2023-12-30 07:00:00+00:00,0.464186,,
2023-12-30 08:00:00+00:00,0.428785,,
2023-12-30 09:00:00+00:00,0.395142,,
2023-12-30 10:00:00+00:00,0.395026,,
2023-12-30 11:00:00+00:00,0.39375,,
2023-12-30 12:00:00+00:00,0.386146,,
2023-12-30 13:00:00+00:00,0.353202,,
2023-12-30 14:00:00+00:00,0.327925,,
2023-12-30 15:00:00+00:00,0.312538,,
2023-12-30 16:00:00+00:00,0.292465,,
2023-12-30 17:00:00+00:00,0.282616,,
2023-12-30 18:00:00+00:00,0.274683,,
2023-12-30 19:00:00+00:00,0.271214,,
2023-12-30 20:00:00+00:00,0.269909,,
2023-12-30 21:00:00+00:00,0.262683,,
2023-12-30 22:00:00+00:00,0.259484,,
2023-12-30 23:00:00+00:00,0.258052,,
2023-12-31 00:00:00+00:00,0.253801,,
2023-12-31 01:00:00+00:00,0.249367,,
2023-12-31 02:00:00+00:00,0.247593,,
2023-12-31 03:00:00+00:00,0.255132,,
2023-12-31 04:00:00+00:00,0.270311,,
2023-12-31 05:00:00+00:00,0.298077,,
2023-12-31 06:00:00+00:00,0.331472,,
2023-12-31 07:00:00+00:00,0.371566,,
2023-12-31 08:00:00+00:00,0.40171,,
2023-12-31 09:00:00+00:00,0.421713,,
2023-12-31 10:00:00+00:00,0.432423,,
2023-12-31 11:00:00+00:00,0.430794,,
2023-12-31 12:00:00+00:00,0.422541,,
2023-12-31 13:00:00+00:00,0.426293,,
2023-12-31 14:00:00+00:00,0.417759,,
2023-12-31 15:00:00+00:00,0.415902,,
2023-12-31 16:00:00+00:00,0.409902,,
2023-12-31 17:00:00+00:00,0.415284,,
2023-12-31 18:00:00+00:00,0.429481,,
2023-12-31 19:00:00+00:00,0.441676,,
2023-12-31 20:00:00+00:00,0.443867,,
2023-12-31 21:00:00+00:00,0.439971,,
2023-12-31 22:00:00+00:00,0.437828,,
2023-12-31 23:00:00+00:00,0.434418,,
